-- MySQL dump 10.13  Distrib 8.0.41, for macos15 (x86_64)
--
-- Host: 127.0.0.1    Database: digital_documents_db
-- ------------------------------------------------------
-- Server version	9.2.0

/*!40101 SET @OLD_CHARACTER_SET_CLIENT=@@CHARACTER_SET_CLIENT */;
/*!40101 SET @OLD_CHARACTER_SET_RESULTS=@@CHARACTER_SET_RESULTS */;
/*!40101 SET @OLD_COLLATION_CONNECTION=@@COLLATION_CONNECTION */;
/*!50503 SET NAMES utf8 */;
/*!40103 SET @OLD_TIME_ZONE=@@TIME_ZONE */;
/*!40103 SET TIME_ZONE='+00:00' */;
/*!40014 SET @OLD_UNIQUE_CHECKS=@@UNIQUE_CHECKS, UNIQUE_CHECKS=0 */;
/*!40014 SET @OLD_FOREIGN_KEY_CHECKS=@@FOREIGN_KEY_CHECKS, FOREIGN_KEY_CHECKS=0 */;
/*!40101 SET @OLD_SQL_MODE=@@SQL_MODE, SQL_MODE='NO_AUTO_VALUE_ON_ZERO' */;
/*!40111 SET @OLD_SQL_NOTES=@@SQL_NOTES, SQL_NOTES=0 */;

--
-- Table structure for table `deleted_documents`
--

DROP TABLE IF EXISTS `deleted_documents`;
/*!40101 SET @saved_cs_client     = @@character_set_client */;
/*!50503 SET character_set_client = utf8mb4 */;
CREATE TABLE `deleted_documents` (
  `id_document` int NOT NULL AUTO_INCREMENT,
  `nom_document` varchar(255) NOT NULL,
  `path` varchar(255) NOT NULL,
  `type` varchar(50) DEFAULT NULL,
  `date_upload` timestamp NULL DEFAULT NULL,
  `comment` text,
  `id_user_source` int DEFAULT NULL,
  `deleted_at` timestamp NULL DEFAULT CURRENT_TIMESTAMP,
  PRIMARY KEY (`id_document`)
) ENGINE=InnoDB AUTO_INCREMENT=72 DEFAULT CHARSET=utf8mb4 COLLATE=utf8mb4_0900_ai_ci;
/*!40101 SET character_set_client = @saved_cs_client */;

--
-- Dumping data for table `deleted_documents`
--

LOCK TABLES `deleted_documents` WRITE;
/*!40000 ALTER TABLE `deleted_documents` DISABLE KEYS */;
INSERT INTO `deleted_documents` VALUES (71,'STAT201.pdf','AlexFolder',NULL,'2025-04-03 05:28:08','ffffffffff',6,'2025-04-03 13:46:21');
/*!40000 ALTER TABLE `deleted_documents` ENABLE KEYS */;
UNLOCK TABLES;

--
-- Table structure for table `deleted_folders`
--

DROP TABLE IF EXISTS `deleted_folders`;
/*!40101 SET @saved_cs_client     = @@character_set_client */;
/*!50503 SET character_set_client = utf8mb4 */;
CREATE TABLE `deleted_folders` (
  `id` int NOT NULL AUTO_INCREMENT,
  `folder_name` varchar(255) NOT NULL,
  `folder_path` varchar(255) NOT NULL,
  `deleted_at` timestamp NULL DEFAULT CURRENT_TIMESTAMP,
  PRIMARY KEY (`id`)
) ENGINE=InnoDB AUTO_INCREMENT=71 DEFAULT CHARSET=utf8mb4 COLLATE=utf8mb4_0900_ai_ci;
/*!40101 SET character_set_client = @saved_cs_client */;

--
-- Dumping data for table `deleted_folders`
--

LOCK TABLES `deleted_folders` WRITE;
/*!40000 ALTER TABLE `deleted_folders` DISABLE KEYS */;
/*!40000 ALTER TABLE `deleted_folders` ENABLE KEYS */;
UNLOCK TABLES;

--
-- Table structure for table `document_log`
--

DROP TABLE IF EXISTS `document_log`;
/*!40101 SET @saved_cs_client     = @@character_set_client */;
/*!50503 SET character_set_client = utf8mb4 */;
CREATE TABLE `document_log` (
  `id` int NOT NULL AUTO_INCREMENT,
  `user_id` int NOT NULL,
  `nom_doc` varchar(255) NOT NULL,
  `open_count` int DEFAULT '1',
  `last_opened_at` timestamp NULL DEFAULT CURRENT_TIMESTAMP ON UPDATE CURRENT_TIMESTAMP,
  PRIMARY KEY (`id`),
  KEY `user_id` (`user_id`),
  CONSTRAINT `document_log_ibfk_1` FOREIGN KEY (`user_id`) REFERENCES `user` (`id_user`)
) ENGINE=InnoDB AUTO_INCREMENT=33 DEFAULT CHARSET=utf8mb4 COLLATE=utf8mb4_0900_ai_ci;
/*!40101 SET character_set_client = @saved_cs_client */;

--
-- Dumping data for table `document_log`
--

LOCK TABLES `document_log` WRITE;
/*!40000 ALTER TABLE `document_log` DISABLE KEYS */;
INSERT INTO `document_log` VALUES (1,6,'john_report.pdf',21,'2025-03-26 07:02:00'),(2,6,'hak.pdf',30,'2025-03-23 13:50:26'),(3,6,'sample_report.pdf',5,'2025-03-23 14:18:56'),(4,6,'shared_document.pdf',12,'2025-03-25 13:46:46'),(5,6,'business_plan.pdf',2,'2025-03-23 12:22:39'),(6,6,'pdf-test.pdf',17,'2025-03-27 10:17:03'),(7,6,'file-sample_150kB.pdf',18,'2025-03-27 09:51:25'),(8,6,'redaction_scientifique_.pdf',8,'2025-03-23 12:49:58'),(9,6,'fdfd.pdf',43,'2025-03-25 13:46:33'),(10,6,'1mb.pdf',12,'2025-03-24 07:17:19'),(11,14,'fdfd.pdf',2,'2025-03-23 16:05:40'),(12,14,'1mb.pdf',1,'2025-03-23 16:14:44'),(13,6,'10MB-TESTFILE.ORG.pdf',4,'2025-03-24 09:26:03'),(14,6,'2mb.pdf',7,'2025-03-24 12:12:03'),(15,6,'_TestPdf_.pdf',11,'2025-03-25 12:46:44'),(16,6,'_FFFF_.pdf',7,'2025-03-24 13:29:20'),(17,6,'Get_Started_With_Smallpdf.pdf',7,'2025-03-25 13:38:37'),(18,6,'260KB.pdf',2,'2025-03-24 13:33:11'),(19,6,'_SmallPdf_Doc_.pdf',5,'2025-03-25 13:38:41'),(20,6,'350KB.pdf',29,'2025-03-25 13:46:52'),(21,6,'PDF_TestPage.pdf',1,'2025-03-25 14:27:16'),(22,6,'350KB_v1742983550098.pdf',1,'2025-03-26 10:07:03'),(23,6,'1.5MB_v1742995565983.pdf',1,'2025-03-26 13:59:26'),(24,6,'_nume document__v1743000366741.pdf',2,'2025-03-27 06:38:41'),(25,6,'2mb_v1743059981050.pdf',1,'2025-03-27 07:29:01'),(26,6,'STatistici_v1743145773358.pdf',2,'2025-03-28 07:53:50'),(27,6,'STatistici_v1743148814921.pdf',1,'2025-03-28 10:50:25'),(28,18,'_nume document_ (1)_v1743418668193.pdf',1,'2025-03-31 11:04:54'),(29,18,'AndreiPdf_v1743412879118.pdf',1,'2025-03-31 11:04:56'),(30,18,'_SmallPdf_Doc__v1743419879684.pdf',1,'2025-03-31 11:18:39'),(31,18,'_FFFFSSSSSD__v1743420535812.pdf',2,'2025-03-31 11:45:39'),(32,18,'_FFFF_.pdf',1,'2025-03-31 12:11:50');
/*!40000 ALTER TABLE `document_log` ENABLE KEYS */;
UNLOCK TABLES;

--
-- Table structure for table `document_statistics`
--

DROP TABLE IF EXISTS `document_statistics`;
/*!40101 SET @saved_cs_client     = @@character_set_client */;
/*!50503 SET character_set_client = utf8mb4 */;
CREATE TABLE `document_statistics` (
  `id_statistic` int NOT NULL AUTO_INCREMENT,
  `id_document` int NOT NULL,
  `id_user` int NOT NULL,
  `action_type` enum('download','view') NOT NULL,
  `action_timestamp` timestamp NULL DEFAULT CURRENT_TIMESTAMP,
  PRIMARY KEY (`id_statistic`),
  KEY `id_document` (`id_document`),
  KEY `id_user` (`id_user`),
  CONSTRAINT `document_statistics_ibfk_1` FOREIGN KEY (`id_document`) REFERENCES `table_document` (`id_document`),
  CONSTRAINT `document_statistics_ibfk_2` FOREIGN KEY (`id_user`) REFERENCES `user` (`id_user`)
) ENGINE=InnoDB AUTO_INCREMENT=171 DEFAULT CHARSET=utf8mb4 COLLATE=utf8mb4_0900_ai_ci;
/*!40101 SET character_set_client = @saved_cs_client */;

--
-- Dumping data for table `document_statistics`
--

LOCK TABLES `document_statistics` WRITE;
/*!40000 ALTER TABLE `document_statistics` DISABLE KEYS */;
INSERT INTO `document_statistics` VALUES (1,1,1,'download','2025-03-27 11:28:49'),(2,1,1,'view','2025-03-27 11:28:49'),(3,2,1,'download','2025-03-27 11:28:49'),(4,45,6,'download','2025-03-27 11:42:23'),(5,45,6,'download','2025-03-27 11:42:24'),(6,45,6,'download','2025-03-27 11:47:41'),(7,45,6,'download','2025-03-27 11:49:59'),(8,44,6,'download','2025-03-27 12:01:39'),(9,44,6,'download','2025-03-27 12:35:27'),(10,45,6,'download','2025-03-27 12:40:47'),(11,45,6,'download','2025-03-27 13:28:05'),(12,45,6,'download','2025-03-27 13:28:43'),(13,45,6,'download','2025-03-27 13:38:50'),(14,45,6,'download','2025-03-27 13:55:21'),(15,45,6,'download','2025-03-27 13:55:24'),(16,45,6,'download','2025-03-27 13:55:40'),(17,45,6,'download','2025-03-27 14:02:01'),(18,45,6,'download','2025-03-27 14:04:15'),(19,45,6,'download','2025-03-27 14:08:29'),(20,45,6,'download','2025-03-27 14:26:54'),(21,45,6,'download','2025-03-27 14:26:58'),(22,45,6,'download','2025-03-27 14:30:47'),(23,45,6,'download','2025-03-27 14:31:01'),(24,36,6,'download','2025-03-27 14:35:29'),(25,36,6,'download','2025-03-27 14:35:32'),(26,45,6,'download','2025-03-27 14:46:02'),(27,45,6,'download','2025-03-27 14:46:05'),(28,45,6,'download','2025-03-27 14:50:55'),(29,45,6,'download','2025-03-27 14:50:57'),(30,36,6,'download','2025-03-27 14:59:54'),(31,44,6,'download','2025-03-27 14:59:57'),(32,36,6,'download','2025-03-27 15:00:00'),(33,45,6,'download','2025-03-27 15:00:05'),(34,45,6,'download','2025-03-27 15:00:35'),(35,45,6,'download','2025-03-27 15:00:38'),(36,45,6,'download','2025-03-28 06:31:04'),(37,45,6,'download','2025-03-28 07:01:32'),(38,45,6,'download','2025-03-28 07:06:20'),(39,45,6,'download','2025-03-28 07:06:49'),(40,45,6,'download','2025-03-28 07:33:46'),(41,45,6,'download','2025-03-28 07:45:18'),(42,45,6,'download','2025-03-28 07:45:46'),(43,45,6,'download','2025-03-28 08:12:01'),(44,45,6,'download','2025-03-28 08:33:30'),(45,45,6,'download','2025-03-28 08:33:35'),(46,45,6,'download','2025-03-28 08:50:34'),(47,45,6,'download','2025-03-28 09:30:06'),(48,45,6,'download','2025-03-28 10:57:52'),(49,45,6,'download','2025-03-28 11:35:32'),(50,45,6,'download','2025-03-28 11:35:48'),(51,45,6,'download','2025-03-28 11:50:04'),(52,49,6,'download','2025-03-28 11:52:41'),(53,49,6,'download','2025-03-28 11:53:07'),(54,49,6,'download','2025-03-28 12:14:09'),(55,45,6,'download','2025-03-28 12:14:23'),(56,45,6,'download','2025-03-28 12:47:55'),(57,36,14,'download','2025-03-28 12:57:56'),(58,45,6,'download','2025-03-28 13:29:11'),(59,45,6,'download','2025-03-28 14:17:54'),(60,45,6,'download','2025-03-28 14:44:40'),(61,45,6,'download','2025-03-28 14:44:40'),(62,36,6,'download','2025-03-31 05:30:37'),(63,49,6,'download','2025-03-31 05:30:46'),(64,45,6,'download','2025-03-31 05:31:00'),(65,45,6,'download','2025-03-31 06:35:04'),(66,49,6,'download','2025-03-31 07:09:25'),(67,45,6,'download','2025-03-31 08:45:56'),(68,45,18,'download','2025-03-31 08:51:36'),(69,51,18,'download','2025-03-31 08:53:47'),(70,51,18,'download','2025-03-31 09:20:48'),(71,49,6,'download','2025-03-31 10:09:14'),(72,52,6,'download','2025-03-31 10:10:44'),(73,52,6,'download','2025-03-31 10:11:27'),(74,33,19,'download','2025-03-31 10:47:40'),(75,33,19,'download','2025-03-31 10:48:06'),(76,33,19,'download','2025-03-31 10:48:11'),(77,33,19,'download','2025-03-31 10:50:47'),(78,33,19,'download','2025-03-31 10:50:58'),(79,33,19,'download','2025-03-31 10:51:29'),(80,33,19,'download','2025-03-31 10:52:26'),(81,33,19,'download','2025-03-31 10:53:09'),(82,52,6,'download','2025-03-31 10:53:23'),(83,49,6,'download','2025-03-31 10:53:27'),(84,51,18,'download','2025-03-31 10:54:07'),(85,54,18,'download','2025-03-31 10:54:58'),(86,54,18,'download','2025-03-31 10:55:02'),(87,51,18,'download','2025-03-31 10:55:07'),(88,54,18,'download','2025-03-31 10:55:08'),(89,54,18,'download','2025-03-31 10:57:15'),(90,54,18,'download','2025-03-31 10:57:38'),(91,54,18,'download','2025-03-31 11:01:49'),(92,51,18,'download','2025-03-31 11:01:53'),(93,54,18,'download','2025-03-31 11:05:04'),(94,54,18,'download','2025-03-31 11:05:23'),(95,54,18,'download','2025-03-31 11:07:02'),(96,54,18,'download','2025-03-31 11:07:30'),(97,54,18,'download','2025-03-31 11:10:28'),(98,54,18,'download','2025-03-31 11:10:42'),(99,54,18,'download','2025-03-31 11:14:09'),(100,54,18,'download','2025-03-31 11:14:28'),(101,54,18,'download','2025-03-31 11:15:47'),(102,54,18,'download','2025-03-31 11:17:46'),(103,54,18,'download','2025-03-31 11:18:12'),(104,54,18,'download','2025-03-31 11:18:41'),(105,54,18,'download','2025-03-31 11:24:18'),(106,54,18,'download','2025-03-31 11:26:41'),(107,54,18,'download','2025-03-31 11:28:37'),(108,54,18,'download','2025-03-31 11:35:29'),(109,54,18,'download','2025-03-31 11:43:50'),(110,54,18,'download','2025-03-31 11:51:48'),(111,54,18,'download','2025-03-31 11:51:56'),(112,54,18,'download','2025-03-31 11:52:08'),(113,33,18,'download','2025-03-31 11:55:52'),(114,33,18,'download','2025-03-31 11:56:05'),(115,33,18,'download','2025-03-31 11:56:31'),(116,33,18,'download','2025-03-31 11:56:49'),(117,33,18,'download','2025-03-31 11:58:07'),(118,33,18,'download','2025-03-31 12:01:07'),(119,33,18,'download','2025-03-31 12:03:09'),(120,54,18,'download','2025-03-31 12:03:15'),(121,51,18,'download','2025-03-31 12:03:18'),(122,33,18,'download','2025-03-31 12:03:21'),(123,33,18,'download','2025-03-31 12:07:23'),(124,33,18,'download','2025-03-31 12:07:37'),(125,33,18,'download','2025-03-31 12:09:19'),(126,33,18,'download','2025-03-31 12:11:55'),(127,33,18,'download','2025-03-31 12:12:03'),(128,55,18,'download','2025-03-31 12:12:34'),(129,55,18,'download','2025-03-31 12:12:43'),(130,54,18,'download','2025-03-31 12:16:10'),(131,54,18,'download','2025-03-31 12:16:20'),(132,55,18,'download','2025-03-31 12:16:25'),(133,56,18,'download','2025-03-31 12:17:08'),(134,56,18,'download','2025-03-31 12:17:12'),(135,56,18,'download','2025-03-31 12:17:49'),(136,56,18,'download','2025-03-31 12:20:37'),(137,56,18,'download','2025-03-31 12:23:24'),(138,56,18,'download','2025-03-31 12:24:05'),(139,35,6,'download','2025-04-01 06:17:13'),(140,35,6,'download','2025-04-01 07:55:10'),(141,52,6,'download','2025-04-01 08:43:03'),(142,52,6,'download','2025-04-01 08:54:56'),(143,57,6,'download','2025-04-01 09:32:20'),(144,57,6,'download','2025-04-01 09:32:34'),(145,57,6,'download','2025-04-01 11:06:32'),(146,64,6,'download','2025-04-02 13:47:51'),(147,73,6,'download','2025-04-03 09:02:05'),(148,73,6,'download','2025-04-03 09:03:20'),(149,73,6,'download','2025-04-03 09:05:20'),(150,74,6,'download','2025-04-03 09:05:23'),(151,74,6,'download','2025-04-03 09:06:37'),(152,74,6,'download','2025-04-03 11:05:08'),(153,74,6,'download','2025-04-03 11:07:05'),(154,75,6,'download','2025-04-03 13:50:42'),(155,76,6,'download','2025-04-03 13:53:48'),(156,77,6,'download','2025-04-04 06:11:57'),(157,78,6,'download','2025-04-04 06:28:00'),(158,79,6,'download','2025-04-04 06:29:02'),(159,79,6,'download','2025-04-04 06:34:18'),(160,79,6,'download','2025-04-04 06:35:50'),(161,78,6,'download','2025-04-04 06:35:50'),(162,79,6,'download','2025-04-04 06:43:34'),(163,80,19,'download','2025-04-04 06:59:53'),(164,81,6,'download','2025-04-04 08:16:14'),(165,82,6,'download','2025-04-04 11:07:30'),(166,84,6,'download','2025-04-04 12:21:29'),(167,85,6,'download','2025-04-04 12:26:18'),(168,82,6,'download','2025-04-04 13:11:25'),(169,86,6,'download','2025-04-04 13:12:58'),(170,86,6,'download','2025-04-04 13:24:53');
/*!40000 ALTER TABLE `document_statistics` ENABLE KEYS */;
UNLOCK TABLES;

--
-- Table structure for table `document_tag_relations`
--

DROP TABLE IF EXISTS `document_tag_relations`;
/*!40101 SET @saved_cs_client     = @@character_set_client */;
/*!50503 SET character_set_client = utf8mb4 */;
CREATE TABLE `document_tag_relations` (
  `id_relation` int NOT NULL AUTO_INCREMENT,
  `id_document` int NOT NULL,
  `id_tag` int NOT NULL,
  `added_by` int NOT NULL,
  `added_date` datetime DEFAULT CURRENT_TIMESTAMP,
  PRIMARY KEY (`id_relation`),
  UNIQUE KEY `id_document_id_tag` (`id_document`,`id_tag`),
  KEY `id_tag` (`id_tag`),
  KEY `added_by` (`added_by`),
  CONSTRAINT `document_tag_relations_ibfk_1` FOREIGN KEY (`id_document`) REFERENCES `table_document` (`id_document`) ON DELETE CASCADE,
  CONSTRAINT `document_tag_relations_ibfk_2` FOREIGN KEY (`id_tag`) REFERENCES `document_tags` (`id_tag`) ON DELETE CASCADE,
  CONSTRAINT `document_tag_relations_ibfk_3` FOREIGN KEY (`added_by`) REFERENCES `user` (`id_user`)
) ENGINE=InnoDB AUTO_INCREMENT=340 DEFAULT CHARSET=utf8mb4 COLLATE=utf8mb4_0900_ai_ci;
/*!40101 SET character_set_client = @saved_cs_client */;

--
-- Dumping data for table `document_tag_relations`
--

LOCK TABLES `document_tag_relations` WRITE;
/*!40000 ALTER TABLE `document_tag_relations` DISABLE KEYS */;
INSERT INTO `document_tag_relations` VALUES (1,36,1,6,'2025-03-24 16:51:39'),(2,38,12,6,'2025-03-24 16:54:05'),(3,38,6,6,'2025-03-24 16:54:05'),(4,38,3,6,'2025-03-24 16:54:05'),(20,40,5,6,'2025-03-25 14:45:48'),(21,40,9,6,'2025-03-25 14:45:48'),(22,40,10,6,'2025-03-25 14:45:48'),(23,40,13,6,'2025-03-25 14:45:48'),(24,40,14,6,'2025-03-25 14:45:48'),(29,39,1,6,'2025-03-25 15:21:29'),(30,39,6,6,'2025-03-25 15:21:29'),(31,39,7,6,'2025-03-25 15:21:29'),(39,41,6,6,'2025-03-25 16:00:33'),(40,41,16,6,'2025-03-25 16:00:33'),(45,42,6,6,'2025-03-25 16:37:02'),(46,42,17,6,'2025-03-25 16:37:02'),(72,43,3,6,'2025-03-26 11:14:16'),(73,43,15,6,'2025-03-26 11:14:16'),(74,43,18,6,'2025-03-26 11:14:16'),(96,44,17,6,'2025-03-26 13:39:05'),(97,44,18,6,'2025-03-26 13:39:05'),(98,44,20,6,'2025-03-26 13:39:05'),(99,44,10,6,'2025-03-26 13:39:05'),(158,46,15,6,'2025-03-27 09:53:55'),(159,46,6,6,'2025-03-27 09:53:55'),(160,46,9,6,'2025-03-27 09:53:55'),(161,47,13,6,'2025-03-27 11:32:49'),(162,47,6,6,'2025-03-27 11:32:49'),(163,47,15,6,'2025-03-27 11:32:49'),(164,48,11,6,'2025-03-27 16:35:16'),(165,48,15,6,'2025-03-27 16:35:16'),(166,48,9,6,'2025-03-27 16:35:16'),(167,48,5,6,'2025-03-27 16:35:16'),(168,45,17,6,'2025-03-28 09:09:12'),(169,45,21,6,'2025-03-28 09:09:12'),(170,45,22,6,'2025-03-28 09:09:12'),(177,50,13,14,'2025-03-28 14:56:42'),(178,50,15,14,'2025-03-28 14:56:42'),(179,50,6,14,'2025-03-28 14:56:42'),(180,49,13,6,'2025-03-31 10:09:54'),(181,49,21,6,'2025-03-31 10:09:54'),(188,51,9,18,'2025-03-31 12:21:00'),(189,51,15,18,'2025-03-31 12:21:00'),(190,51,23,18,'2025-03-31 12:21:00'),(194,52,6,6,'2025-03-31 13:10:58'),(195,52,9,6,'2025-03-31 13:10:58'),(196,52,24,6,'2025-03-31 13:10:58'),(197,53,17,19,'2025-03-31 13:47:33'),(198,53,6,19,'2025-03-31 13:47:33'),(240,54,5,18,'2025-03-31 14:52:29'),(241,54,6,18,'2025-03-31 14:52:29'),(242,54,28,18,'2025-03-31 14:52:29'),(243,55,13,18,'2025-03-31 14:55:43'),(244,55,6,18,'2025-03-31 14:55:43'),(245,55,15,18,'2025-03-31 14:55:43'),(246,55,9,18,'2025-03-31 14:55:43'),(250,33,13,18,'2025-03-31 15:12:24'),(251,33,15,18,'2025-03-31 15:12:24'),(252,33,9,18,'2025-03-31 15:12:24'),(268,56,5,18,'2025-03-31 15:23:37'),(269,56,15,18,'2025-03-31 15:23:37'),(270,57,6,6,'2025-04-01 12:32:01'),(271,57,9,6,'2025-04-01 12:32:01'),(272,57,13,6,'2025-04-01 12:32:01'),(273,57,15,6,'2025-04-01 12:32:01'),(274,58,6,6,'2025-04-01 12:35:14'),(275,58,9,6,'2025-04-01 12:35:14'),(276,59,21,6,'2025-04-01 12:37:21'),(277,59,15,6,'2025-04-01 12:37:21'),(278,60,12,6,'2025-04-01 12:40:18'),(279,60,3,6,'2025-04-01 12:40:18'),(280,60,11,6,'2025-04-01 12:40:18'),(281,61,9,6,'2025-04-01 13:21:38'),(282,61,13,6,'2025-04-01 13:21:38'),(283,61,5,6,'2025-04-01 13:21:38'),(284,62,6,6,'2025-04-01 13:24:39'),(285,62,13,6,'2025-04-01 13:24:39'),(286,63,5,6,'2025-04-01 14:49:13'),(287,63,9,6,'2025-04-01 14:49:14'),(288,63,15,6,'2025-04-01 14:49:14'),(289,64,9,6,'2025-04-02 16:47:09'),(290,64,6,6,'2025-04-02 16:47:09'),(291,64,15,6,'2025-04-02 16:47:09'),(292,65,12,6,'2025-04-02 16:52:29'),(293,65,17,6,'2025-04-02 16:52:29'),(298,72,13,6,'2025-04-03 11:35:21'),(299,72,6,6,'2025-04-03 11:35:21'),(300,72,17,6,'2025-04-03 11:35:21'),(301,72,15,6,'2025-04-03 11:35:21'),(302,73,6,6,'2025-04-03 11:50:44'),(303,73,15,6,'2025-04-03 11:50:44'),(304,73,5,6,'2025-04-03 11:50:44'),(305,73,17,6,'2025-04-03 11:50:44'),(306,74,5,6,'2025-04-03 12:03:09'),(307,74,6,6,'2025-04-03 12:03:09'),(308,74,12,6,'2025-04-03 12:03:09'),(309,74,24,6,'2025-04-03 12:03:09'),(310,75,30,6,'2025-04-03 16:50:24'),(311,75,21,6,'2025-04-03 16:50:24'),(312,75,5,6,'2025-04-03 16:50:24'),(313,75,17,6,'2025-04-03 16:50:24'),(314,76,13,6,'2025-04-03 16:52:58'),(315,76,6,6,'2025-04-03 16:52:58'),(316,76,15,6,'2025-04-03 16:52:58'),(317,77,12,6,'2025-04-03 16:59:21'),(318,77,13,6,'2025-04-03 16:59:21'),(319,78,6,6,'2025-04-04 09:12:19'),(320,78,13,6,'2025-04-04 09:12:19'),(321,79,17,6,'2025-04-04 09:28:54'),(322,79,6,6,'2025-04-04 09:28:54'),(323,79,9,6,'2025-04-04 09:28:54'),(324,80,17,19,'2025-04-04 09:59:44'),(325,80,6,19,'2025-04-04 09:59:44'),(326,80,15,19,'2025-04-04 09:59:44'),(327,81,12,6,'2025-04-04 11:00:35'),(328,81,6,6,'2025-04-04 11:00:35'),(329,82,21,6,'2025-04-04 11:34:21'),(330,82,6,6,'2025-04-04 11:34:21'),(331,83,12,6,'2025-04-04 11:44:48'),(332,84,15,6,'2025-04-04 11:58:03'),(333,85,17,6,'2025-04-04 15:26:05'),(334,85,6,6,'2025-04-04 15:26:06'),(335,85,21,6,'2025-04-04 15:26:06'),(336,85,15,6,'2025-04-04 15:26:06'),(337,86,5,6,'2025-04-04 16:12:23'),(338,86,6,6,'2025-04-04 16:12:23'),(339,86,15,6,'2025-04-04 16:12:23');
/*!40000 ALTER TABLE `document_tag_relations` ENABLE KEYS */;
UNLOCK TABLES;

--
-- Table structure for table `document_tags`
--

DROP TABLE IF EXISTS `document_tags`;
/*!40101 SET @saved_cs_client     = @@character_set_client */;
/*!50503 SET character_set_client = utf8mb4 */;
CREATE TABLE `document_tags` (
  `id_tag` int NOT NULL AUTO_INCREMENT,
  `tag_name` varchar(50) NOT NULL,
  `created_by` int DEFAULT NULL,
  `is_predefined` tinyint(1) DEFAULT '0',
  `usage_count` int DEFAULT '0',
  PRIMARY KEY (`id_tag`),
  UNIQUE KEY `tag_name` (`tag_name`),
  KEY `created_by` (`created_by`),
  CONSTRAINT `document_tags_ibfk_1` FOREIGN KEY (`created_by`) REFERENCES `user` (`id_user`)
) ENGINE=InnoDB AUTO_INCREMENT=31 DEFAULT CHARSET=utf8mb4 COLLATE=utf8mb4_0900_ai_ci;
/*!40101 SET character_set_client = @saved_cs_client */;

--
-- Dumping data for table `document_tags`
--

LOCK TABLES `document_tags` WRITE;
/*!40000 ALTER TABLE `document_tags` DISABLE KEYS */;
INSERT INTO `document_tags` VALUES (1,'Important',NULL,1,0),(2,'Urgent',NULL,1,0),(3,'Draft',NULL,1,2),(4,'Final',NULL,1,0),(5,'Archived',NULL,1,8),(6,'Educational',6,0,16),(7,'Yok',6,0,0),(8,'Lex',6,0,0),(9,'Animation',6,0,16),(10,'AI',6,0,0),(11,'ff',6,0,2),(12,'Tag nou',6,0,5),(13,'<1mb',6,0,9),(14,'dd',6,0,0),(15,'New',6,0,15),(16,'EGG',6,0,0),(17,'SPC',6,0,5),(18,'DMS',6,0,0),(19,'Estella',6,0,0),(20,'FC',6,0,0),(21,'Math',6,0,4),(22,'SPB',6,0,0),(23,'TagNou',18,0,1),(24,'GG',6,0,1),(25,'ssss',18,0,0),(26,'sss',18,0,0),(27,'sssss',18,0,0),(28,'dddd',18,0,0),(29,'Pasere',6,0,0),(30,'TagDeAZi',6,0,0);
/*!40000 ALTER TABLE `document_tags` ENABLE KEYS */;
UNLOCK TABLES;

--
-- Table structure for table `document_types`
--

DROP TABLE IF EXISTS `document_types`;
/*!40101 SET @saved_cs_client     = @@character_set_client */;
/*!50503 SET character_set_client = utf8mb4 */;
CREATE TABLE `document_types` (
  `id` int NOT NULL AUTO_INCREMENT,
  `type_name` varchar(255) NOT NULL,
  `description` text,
  `folder_path` varchar(255) DEFAULT NULL,
  `created_at` timestamp NULL DEFAULT CURRENT_TIMESTAMP,
  PRIMARY KEY (`id`),
  UNIQUE KEY `type_name` (`type_name`)
) ENGINE=InnoDB AUTO_INCREMENT=29 DEFAULT CHARSET=utf8mb4 COLLATE=utf8mb4_0900_ai_ci;
/*!40101 SET character_set_client = @saved_cs_client */;

--
-- Dumping data for table `document_types`
--

LOCK TABLES `document_types` WRITE;
/*!40000 ALTER TABLE `document_types` DISABLE KEYS */;
INSERT INTO `document_types` VALUES (1,'Official Document','Official documents and reports',NULL,'2025-04-01 11:36:02'),(2,'Shared Document','Documents shared between users',NULL,'2025-04-01 11:36:02'),(3,'t1','Type 1 documents',NULL,'2025-04-01 11:36:02'),(4,'t2','Type 2 documents',NULL,'2025-04-01 11:36:02'),(5,'t3','Type 3 documents',NULL,'2025-04-01 11:36:02'),(6,'t4','Type 4 documents',NULL,'2025-04-01 11:36:02'),(8,'Classified Document',NULL,NULL,'2025-04-01 12:03:06'),(10,'t12',NULL,NULL,'2025-04-02 05:48:59'),(11,'Others',NULL,NULL,'2025-04-02 05:54:49'),(12,'tt',NULL,NULL,'2025-04-02 05:56:29'),(14,'TestType',NULL,NULL,'2025-04-02 07:28:58'),(15,'TestType2',NULL,NULL,'2025-04-02 07:31:49'),(16,'TestType3',NULL,NULL,'2025-04-02 07:33:51'),(17,'TestType4',NULL,NULL,'2025-04-02 07:34:12'),(19,'testtest2',NULL,NULL,'2025-04-02 07:52:46'),(21,'typetest55',NULL,NULL,'2025-04-02 08:08:52'),(23,'TypeDeTestat',NULL,NULL,'2025-04-02 10:52:20'),(26,'AlexType',NULL,NULL,'2025-04-02 12:15:52'),(27,'AlexTypeTest',NULL,'AlexFolder','2025-04-03 06:17:58'),(28,'TipDeNew',NULL,'AlexFolder','2025-04-03 13:48:29');
/*!40000 ALTER TABLE `document_types` ENABLE KEYS */;
UNLOCK TABLES;

--
-- Table structure for table `document_versions`
--

DROP TABLE IF EXISTS `document_versions`;
/*!40101 SET @saved_cs_client     = @@character_set_client */;
/*!50503 SET character_set_client = utf8mb4 */;
CREATE TABLE `document_versions` (
  `id_version` int NOT NULL AUTO_INCREMENT,
  `id_document` int NOT NULL,
  `file_path` varchar(255) NOT NULL,
  `type` varchar(50) DEFAULT NULL,
  `version_number` int NOT NULL,
  `change_summary` text,
  `created_by` int NOT NULL,
  `created_at` datetime DEFAULT CURRENT_TIMESTAMP,
  `is_current` tinyint(1) DEFAULT '0',
  `is_archived` tinyint(1) DEFAULT '0',
  `archive_path` varchar(255) DEFAULT NULL,
  `archive_filename` varchar(255) DEFAULT NULL,
  `archived_by` int DEFAULT NULL,
  `archived_at` datetime DEFAULT NULL,
  PRIMARY KEY (`id_version`),
  KEY `id_document` (`id_document`),
  KEY `created_by` (`created_by`),
  KEY `archived_by` (`archived_by`),
  CONSTRAINT `document_versions_ibfk_1` FOREIGN KEY (`id_document`) REFERENCES `table_document` (`id_document`),
  CONSTRAINT `document_versions_ibfk_2` FOREIGN KEY (`created_by`) REFERENCES `user` (`id_user`),
  CONSTRAINT `document_versions_ibfk_3` FOREIGN KEY (`archived_by`) REFERENCES `user` (`id_user`)
) ENGINE=InnoDB AUTO_INCREMENT=90 DEFAULT CHARSET=utf8mb4 COLLATE=utf8mb4_0900_ai_ci;
/*!40101 SET character_set_client = @saved_cs_client */;

--
-- Dumping data for table `document_versions`
--

LOCK TABLES `document_versions` WRITE;
/*!40000 ALTER TABLE `document_versions` DISABLE KEYS */;
INSERT INTO `document_versions` VALUES (1,35,'/Users/pds/Desktop/Document_App/EDMS-main/back-end/uploads/Official Document/_FFFF_.pdf',NULL,1,'Initial version',6,'2025-03-24 15:28:04',1,0,NULL,NULL,NULL,NULL),(2,36,'/Users/pds/Desktop/Document_App/EDMS-main/back-end/uploads/Official Document/260KB.pdf',NULL,1,'Initial version',6,'2025-03-24 15:31:46',1,0,NULL,NULL,NULL,NULL),(3,37,'/Users/pds/Desktop/Document_App/EDMS-main/back-end/uploads/t3/_SmallPdf_Doc_.pdf',NULL,1,'Initial version',6,'2025-03-24 15:54:40',1,0,NULL,NULL,NULL,NULL),(4,38,'/Users/pds/Desktop/Document_App/EDMS-main/back-end/uploads/t4/Get_Started_With_Smallpdf.pdf',NULL,1,'Initial version',6,'2025-03-24 16:54:05',1,0,NULL,NULL,NULL,NULL),(5,39,'/Users/pds/Desktop/Document_App/EDMS-main/back-end/uploads/Official Document/350KB.pdf',NULL,1,'Initial version',6,'2025-03-25 08:50:35',0,0,NULL,NULL,NULL,NULL),(6,40,'/Users/pds/Desktop/Document_App/EDMS-main/back-end/uploads/t2/800KB.pdf',NULL,1,'Initial version',6,'2025-03-25 14:17:02',0,0,NULL,NULL,NULL,NULL),(7,40,'/Users/pds/Desktop/Document_App/EDMS-main/back-end/uploads/default/800KB_v1742905074572.pdf',NULL,2,'',6,'2025-03-25 14:17:54',0,0,NULL,NULL,NULL,NULL),(8,39,'/Users/pds/Desktop/Document_App/EDMS-main/back-end/uploads/default/350KB_v1742905403099.pdf',NULL,2,'',6,'2025-03-25 14:23:23',0,0,NULL,NULL,NULL,NULL),(9,40,'/Users/pds/Desktop/Document_App/EDMS-main/back-end/uploads/default/800KB_v1742905074572_v1742906540484.pdf',NULL,3,'nou nou',6,'2025-03-25 14:42:20',0,0,NULL,NULL,NULL,NULL),(10,40,'/Users/pds/Desktop/Document_App/EDMS-main/back-end/uploads/default/800KB_v1742905074572_v1742906540484_v1742906748330.pdf',NULL,4,'ceva diferit',6,'2025-03-25 14:45:48',1,0,NULL,NULL,NULL,NULL),(11,39,'/Users/pds/Desktop/Document_App/EDMS-main/back-end/uploads/Official Document/350KB_v1742905403099_v1742907999348.pdf',NULL,3,'',6,'2025-03-25 15:06:39',0,0,NULL,NULL,NULL,NULL),(12,39,'/Users/pds/Desktop/Document_App/EDMS-main/back-end/uploads/Official Document/350KB_v1742905403099_v1742907999348_v1742908889881.pdf',NULL,4,'nu mai am',6,'2025-03-25 15:21:29',1,0,NULL,NULL,NULL,NULL),(13,41,'/Users/pds/Desktop/Document_App/EDMS-main/back-end/uploads/Official Document/350KB.pdf',NULL,1,'Initial version',6,'2025-03-25 15:39:26',0,0,NULL,NULL,NULL,NULL),(14,41,'/Users/pds/Desktop/Document_App/EDMS-main/back-end/uploads/Official Document/350KB_v1742910458786.pdf',NULL,2,'noutati',6,'2025-03-25 15:47:38',0,0,NULL,NULL,NULL,NULL),(15,41,'/Users/pds/Desktop/Document_App/EDMS-main/back-end/uploads/Official Document/350KB_v1742910458786_v1742911233149.pdf',NULL,3,'nope',6,'2025-03-25 16:00:33',1,0,NULL,NULL,NULL,NULL),(16,42,'/Users/pds/Desktop/Document_App/EDMS-main/back-end/uploads/Official Document/PDF_TestPage.pdf',NULL,1,'Initial version',6,'2025-03-25 16:25:53',0,0,NULL,NULL,NULL,NULL),(17,42,'/Users/pds/Desktop/Document_App/EDMS-main/back-end/uploads/Official Document/PDF_TestPage_v1742913422882.pdf',NULL,2,'SA meraga',6,'2025-03-25 16:37:02',1,0,NULL,NULL,NULL,NULL),(18,43,'/Users/pds/Desktop/Document_App/EDMS-main/back-end/uploads/Official Document/1.5MB.pdf',NULL,1,'Initial version',6,'2025-03-26 10:20:09',0,0,NULL,NULL,NULL,NULL),(19,43,'/Users/pds/Desktop/Document_App/EDMS-main/back-end/uploads/Official Document/1.5MB_v1742977260311.pdf',NULL,2,'tipul documentului',6,'2025-03-26 10:21:00',0,0,NULL,NULL,NULL,NULL),(20,43,'Users/pds/Desktop/Document_App/EDMS-main/back-end/uploads/Official Document/1.5MB_v1742977260311_v1742978121705.pdf',NULL,3,'',6,'2025-03-26 10:35:21',0,0,NULL,NULL,NULL,NULL),(21,43,'Users/pds/Desktop/Document_App/EDMS-main/back-end/uploads/Official Document/1.5MB_v1742977260311_v1742978121705_v1742978440554.pdf',NULL,4,'',6,'2025-03-26 10:40:40',0,0,NULL,NULL,NULL,NULL),(22,43,'Users/pds/Desktop/Document_App/EDMS-main/back-end/uploads/Official Document/1.5MB_v1742977260311_v1742978121705_v1742978440554_v1742978799049.pdf',NULL,5,'cateva schimbari mici',6,'2025-03-26 10:46:39',0,0,NULL,NULL,NULL,NULL),(23,43,'Users/pds/Desktop/Document_App/EDMS-main/back-end/uploads/Official Document/1.5MB_v1742977260311_v1742978121705_v1742978440554_v1742978799049_v1742979252053.pdf',NULL,6,'Cateva modify',6,'2025-03-26 10:54:12',0,0,NULL,NULL,NULL,NULL),(24,43,'Users/pds/Desktop/Document_App/EDMS-main/back-end/uploads/Official Document/_v1742979488981.NNOU',NULL,7,'nu multe',6,'2025-03-26 10:58:09',0,0,NULL,NULL,NULL,NULL),(25,43,'Users/pds/Desktop/Document_App/EDMS-main/back-end/uploads/Official Document/_v1742980173056.NNOU',NULL,8,'ih liba di',6,'2025-03-26 11:09:33',0,0,NULL,NULL,NULL,NULL),(26,43,'Users/pds/Desktop/Document_App/EDMS-main/back-end/uploads/Official Document/_v1742980455956.NNOU',NULL,9,'acum fucntioneaza?',6,'2025-03-26 11:14:15',1,0,NULL,NULL,NULL,NULL),(27,44,'/Users/pds/Desktop/Document_App/EDMS-main/back-end/uploads/Official Document/dummy.pdf',NULL,1,'Initial version',6,'2025-03-26 11:29:08',0,0,NULL,NULL,NULL,NULL),(28,44,'/Users/pds/Desktop/Document_App/EDMS-main/back-end/uploads/Official Document/_v1742982374660.Nume Actual la Doc',NULL,2,'',6,'2025-03-26 11:46:14',0,0,NULL,NULL,NULL,NULL),(29,44,'/Users/pds/Desktop/Document_App/EDMS-main/back-end/uploads/Official Document/_v1742982644423.Nume Actual la Doc',NULL,3,'idk',6,'2025-03-26 11:50:44',0,0,NULL,NULL,NULL,NULL),(30,44,'/Users/pds/Desktop/Document_App/EDMS-main/back-end/uploads/Official Document/800KB_v1742982847624.pdf',NULL,4,'numele',6,'2025-03-26 11:54:07',0,0,NULL,NULL,NULL,NULL),(31,44,'/Users/pds/Desktop/Document_App/EDMS-main/back-end/uploads/Official Document/260KB_v1742983252384.pdf',NULL,5,'nimic',6,'2025-03-26 12:00:52',0,0,NULL,NULL,NULL,NULL),(32,44,'/Users/pds/Desktop/Document_App/EDMS-main/back-end/uploads/Official Document/350KB_v1742983550098.pdf',NULL,6,'idss',6,'2025-03-26 12:05:50',0,0,NULL,NULL,NULL,NULL),(33,44,'/Users/pds/Desktop/Document_App/EDMS-main/back-end/uploads/Official Document/412KB_v1742983670337.pdf',NULL,7,'asa sa fie ',6,'2025-03-26 12:07:50',0,1,'/Users/pds/Desktop/Document_App/EDMS-main/back-end/uploads/Archive/Official Document','800KB_v7_archived.pdf',6,'2025-03-26 13:39:05'),(34,44,'/Users/pds/Desktop/Document_App/EDMS-main/back-end/uploads/Official Document/_SmallPdf_Doc__v1742989145460.pdf',NULL,8,'am schimbat aicea',6,'2025-03-26 13:39:05',1,0,NULL,NULL,NULL,NULL),(35,45,'/Users/pds/Desktop/Document_App/EDMS-main/back-end/uploads/t3/_nume document_.pdf',NULL,1,'Initial version',6,'2025-03-26 15:23:18',0,1,'/Users/pds/Desktop/Document_App/EDMS-main/back-end/uploads/Archive/t3','_v1_archived.pdf',6,'2025-03-26 15:24:55'),(36,45,'/Users/pds/Desktop/Document_App/EDMS-main/back-end/uploads/t3/800KB_v1742995495296.pdf',NULL,2,'AM SCHIMBAT FORMATUL',6,'2025-03-26 15:24:55',0,1,'/Users/pds/Desktop/Document_App/EDMS-main/back-end/uploads/Archive/t3','_v2_archived.pdf',6,'2025-03-26 15:26:05'),(37,45,'/Users/pds/Desktop/Document_App/EDMS-main/back-end/uploads/t3/1.5MB_v1742995565983.pdf',NULL,3,'',6,'2025-03-26 15:26:06',0,1,'/Users/pds/Desktop/Document_App/EDMS-main/back-end/uploads/Archive/t3','_v3_archived.pdf',6,'2025-03-26 16:39:59'),(38,45,'/Users/pds/Desktop/Document_App/EDMS-main/back-end/uploads/t3/_v1742999999537.STatistici',NULL,4,'',6,'2025-03-26 16:39:59',0,1,'/Users/pds/Desktop/Document_App/EDMS-main/back-end/uploads/Archive/t3','_v4_archived.STatistici',6,'2025-03-26 16:41:46'),(39,45,'/Users/pds/Desktop/Document_App/EDMS-main/back-end/uploads/Official Document/_v1743000106950.STatistici',NULL,5,'',6,'2025-03-26 16:41:46',0,1,'/Users/pds/Desktop/Document_App/EDMS-main/back-end/uploads/Archive/Official Document','_v5_archived.STatistici',6,'2025-03-26 16:43:03'),(40,45,'/Users/pds/Desktop/Document_App/EDMS-main/back-end/uploads/t2/_v1743000183089.STatistici',NULL,6,'',6,'2025-03-26 16:43:03',0,1,'/Users/pds/Desktop/Document_App/EDMS-main/back-end/uploads/Archive/t2','_v6_archived.STatistici',6,'2025-03-26 16:44:54'),(41,45,'/Users/pds/Desktop/Document_App/EDMS-main/back-end/uploads/Official Document/_v1743000294435.STatistici',NULL,7,'',6,'2025-03-26 16:44:54',0,1,'/Users/pds/Desktop/Document_App/EDMS-main/back-end/uploads/Archive/Official Document','_v7_archived.STatistici',6,'2025-03-26 16:46:06'),(42,45,'/Users/pds/Desktop/Document_App/EDMS-main/back-end/uploads/Official Document/_nume document__v1743000366741.pdf',NULL,8,'ceva',6,'2025-03-26 16:46:06',1,1,'/Users/pds/Desktop/Document_App/EDMS-main/back-end/uploads/Archive/Official Document','_v8_archived.pdf',6,'2025-03-27 08:44:28'),(43,45,'/Users/pds/Desktop/Document_App/EDMS-main/back-end/uploads/Official Document/dummy_v1743057868085.pdf',NULL,9,'bb',6,'2025-03-27 08:44:28',0,1,'/Users/pds/Desktop/Document_App/EDMS-main/back-end/uploads/Archive/Official Document','_v9_archived.pdf',6,'2025-03-27 08:45:01'),(44,45,'/Users/pds/Desktop/Document_App/EDMS-main/back-end/uploads/Official Document/350KB_v1743057901243.pdf',NULL,10,'cccc',6,'2025-03-27 08:45:01',0,1,'/Users/pds/Desktop/Test_App/EDMS-main/back-end/uploads/Archive/t3','_v10_archived.pdf',6,'2025-03-28 09:09:12'),(45,45,'/Users/pds/Desktop/Document_App/EDMS-main/back-end/uploads/Official Document/10MB-TESTFILE.ORG_v1743058217352.pdf',NULL,11,'cv',6,'2025-03-27 08:50:17',0,1,'/Users/pds/Desktop/Document_App/EDMS-main/back-end/uploads/Archive/Official Document','_v11_archived.pdf',6,'2025-03-27 09:01:24'),(46,45,'/Users/pds/Desktop/Document_App/EDMS-main/back-end/uploads/t3/_v1743058884462.STatistici',NULL,12,'fdff',6,'2025-03-27 09:01:24',0,1,'/Users/pds/Desktop/Document_App/EDMS-main/back-end/uploads/Archive/t3','_v12_archived.STatistici',6,'2025-03-27 09:19:41'),(47,45,'/Users/pds/Desktop/Document_App/EDMS-main/back-end/uploads/t3/2mb_v1743059981050.pdf',NULL,13,'',6,'2025-03-27 09:19:41',0,0,NULL,NULL,NULL,NULL),(48,46,'/Users/pds/Desktop/Document_App/EDMS-main/back-end/uploads/Official Document/260KB.pdf',NULL,1,'Initial version',6,'2025-03-27 09:53:55',1,0,NULL,NULL,NULL,NULL),(49,47,'/Users/pds/Desktop/Document_App/EDMS-main/back-end/uploads/t2/800KB.pdf',NULL,1,'Initial version',6,'2025-03-27 11:32:49',1,0,NULL,NULL,NULL,NULL),(50,48,'/Users/pds/Desktop/Document_App/EDMS-main/back-end/uploads/Official Document/260KB.pdf',NULL,1,'Initial version',6,'2025-03-27 16:35:16',1,0,NULL,NULL,NULL,NULL),(51,45,'/Users/pds/Desktop/Test_App/EDMS-main/back-end/uploads/t3/260KB_v1743145752853.pdf',NULL,14,'',6,'2025-03-28 09:09:12',0,0,NULL,NULL,NULL,NULL),(52,49,'/Users/pds/Desktop/Test_App/EDMS-main/back-end/uploads/Official Document/dummy.pdf',NULL,1,'Initial version',6,'2025-03-28 13:52:31',1,1,'/Users/pds/Desktop/Test_App/EDMS-main/back-end/uploads/Archive/Official Document','_v1_archived.pdf',6,'2025-03-31 10:09:54'),(53,49,'/Users/pds/Desktop/Test_App/EDMS-main/back-end/uploads/Official Document/260KB_v1743162801681.pdf',NULL,2,'cate ceva',6,'2025-03-28 13:53:21',0,0,NULL,NULL,NULL,NULL),(54,50,'/Users/pds/Desktop/Test_App/EDMS-main/back-end/uploads/t2/260KB.pdf',NULL,1,'Initial version',14,'2025-03-28 14:56:42',1,0,NULL,NULL,NULL,NULL),(55,49,'/Users/pds/Desktop/Test_App/EDMS-main/back-end/uploads/Official Document/_TestPdf__v1743404994692.pdf',NULL,3,'cate cvv',6,'2025-03-31 10:09:54',0,0,NULL,NULL,NULL,NULL),(56,51,'/Users/pds/Desktop/Test_App/EDMS-main/back-end/uploads/t3/dummy.pdf',NULL,1,'Initial version',18,'2025-03-31 11:53:35',1,1,'/Users/pds/Desktop/Test_App/EDMS-main/back-end/uploads/Archive/t3','_v1_archived.pdf',18,'2025-03-31 11:54:02'),(57,51,'/Users/pds/Desktop/Test_App/EDMS-main/back-end/uploads/Official Document/_v1743411242934.AndreiPdf',NULL,2,'tipul',18,'2025-03-31 11:54:02',0,1,'/Users/pds/Desktop/Test_App/EDMS-main/back-end/uploads/Archive/Official Document','_v2_archived.AndreiPdf',18,'2025-03-31 12:21:00'),(58,51,'/Users/pds/Desktop/Test_App/EDMS-main/back-end/uploads/Official Document/1.5MB_v1743412860349.pdf',NULL,3,'ffff',18,'2025-03-31 12:21:00',0,0,NULL,NULL,NULL,NULL),(59,52,'/Users/pds/Desktop/Test_App/EDMS-main/back-end/uploads/Official Document/_NUme Onest_.pdf',NULL,1,'Initial version',6,'2025-03-31 13:10:21',1,1,'/Users/pds/Desktop/Test_App/EDMS-main/back-end/uploads/Archive/Official Document','_v1_archived.pdf',6,'2025-03-31 13:10:58'),(60,52,'/Users/pds/Desktop/Test_App/EDMS-main/back-end/uploads/Official Document/_SmallPdf_Doc__v1743415858883.pdf',NULL,2,'cate ceav',6,'2025-03-31 13:10:58',0,0,NULL,NULL,NULL,NULL),(61,53,'/Users/pds/Desktop/Test_App/EDMS-main/back-end/uploads/t2/_FFFF_.pdf',NULL,1,'Initial version',19,'2025-03-31 13:47:33',1,0,NULL,NULL,NULL,NULL),(62,54,'/Users/pds/Desktop/Test_App/EDMS-main/back-end/uploads/Official Document/_v1_archived.pdf',NULL,1,'Initial version',18,'2025-03-31 13:54:43',0,1,'/Users/pds/Desktop/Test_App/EDMS-main/back-end/uploads/Archive/Official Document','_v1_archived.pdf',18,'2025-03-31 13:55:37'),(63,54,'/Users/pds/Desktop/Test_App/EDMS-main/back-end/uploads/Official Document/350KB_v1743418537036.pdf',NULL,2,'Scris mult aici',18,'2025-03-31 13:55:37',0,1,'/Users/pds/Desktop/Test_App/EDMS-main/back-end/uploads/Archive/Official Document','_v2_archived.pdf',18,'2025-03-31 13:55:48'),(64,54,'/Users/pds/Desktop/Test_App/EDMS-main/back-end/uploads/Official Document/350KB_v1743418548968.pdf',NULL,3,'Scris mult aici',18,'2025-03-31 13:55:48',0,1,'/Users/pds/Desktop/Test_App/EDMS-main/back-end/uploads/Archive/Official Document','_v3_archived.pdf',18,'2025-03-31 13:57:10'),(65,54,'/Users/pds/Desktop/Test_App/EDMS-main/back-end/uploads/Official Document/_v4_restored.pdf',NULL,4,'Scris mult aici',18,'2025-03-31 13:57:10',1,1,'/Users/pds/Desktop/Test_App/EDMS-main/back-end/uploads/Archive/Official Document','_v4_archived.pdf',18,'2025-03-31 15:15:55'),(66,54,'/Users/pds/Desktop/Test_App/EDMS-main/back-end/uploads/Official Document/_nume document_ (1)_v1743418668193.pdf',NULL,5,'grafic',18,'2025-03-31 13:57:48',0,0,NULL,NULL,NULL,NULL),(67,54,'/Users/pds/Desktop/Test_App/EDMS-main/back-end/uploads/Official Document/412KB_v1743419231472.pdf',NULL,6,'nmk',18,'2025-03-31 14:07:11',0,1,'/Users/pds/Desktop/Test_App/EDMS-main/back-end/uploads/Archive/Official Document','_v6_archived.pdf',18,'2025-03-31 14:44:03'),(68,54,'/Users/pds/Desktop/Test_App/EDMS-main/back-end/uploads/Official Document/_v1743419266619.Comun',NULL,7,'ssss',18,'2025-03-31 14:07:46',0,0,NULL,NULL,NULL,NULL),(72,54,'/Users/pds/Desktop/Test_App/EDMS-main/back-end/uploads/Official Document/_SmallPdf_Doc__v1743419879684.pdf',NULL,8,'ssss',18,'2025-03-31 14:17:59',0,0,NULL,NULL,NULL,NULL),(73,54,'/Users/pds/Desktop/Test_App/EDMS-main/back-end/uploads/Official Document/_v1743420268318.Comun',NULL,9,'ssss',18,'2025-03-31 14:24:28',0,0,NULL,NULL,NULL,NULL),(74,54,'/Users/pds/Desktop/Test_App/EDMS-main/back-end/uploads/Official Document/_v10_restored.pdf',NULL,10,'',18,'2025-03-31 14:26:52',1,0,NULL,NULL,NULL,NULL),(75,54,'/Users/pds/Desktop/Test_App/EDMS-main/back-end/uploads/Official Document/_FFFFSSSSSD__v1743420535812.pdf',NULL,11,'',18,'2025-03-31 14:28:55',0,0,NULL,NULL,NULL,NULL),(76,54,'/Users/pds/Desktop/Test_App/EDMS-main/back-end/uploads/Official Document/_v12_restored.pdf',NULL,12,'Restored from archived version 10',18,'2025-03-31 14:47:12',1,1,'/Users/pds/Desktop/Test_App/EDMS-main/back-end/uploads/Archive/Official Document','_v12_archived.pdf',18,'2025-03-31 14:54:21'),(77,54,'/Users/pds/Desktop/Test_App/EDMS-main/back-end/uploads/Official Document/_v13_restored.pdf',NULL,13,'ddddd',18,'2025-03-31 14:52:29',1,0,NULL,NULL,NULL,NULL),(78,55,'/Users/pds/Desktop/Test_App/EDMS-main/back-end/uploads/Official Document/_FFFF_.pdf',NULL,1,'Initial version',18,'2025-03-31 14:55:43',1,0,NULL,NULL,NULL,NULL),(79,33,'/Users/pds/Desktop/Test_App/EDMS-main/back-end/uploads/t3/_v1743423144636.nume document',NULL,1,'ssss',18,'2025-03-31 15:12:24',1,0,NULL,NULL,NULL,NULL),(80,56,'/Users/pds/Desktop/Test_App/EDMS-main/back-end/uploads/Official Document/_v1_restored.pdf',NULL,1,'Initial version',18,'2025-03-31 15:16:55',0,1,'/Users/pds/Desktop/Test_App/EDMS-main/back-end/uploads/Archive/Official Document','_v1_archived.pdf',18,'2025-03-31 15:22:55'),(81,56,'/Users/pds/Desktop/Test_App/EDMS-main/back-end/uploads/Official Document/_v2_restored.pdf',NULL,2,'modify',18,'2025-03-31 15:17:41',0,0,NULL,NULL,NULL,NULL),(82,56,'/Users/pds/Desktop/Test_App/EDMS-main/back-end/uploads/Official Document/_v3_restored.pdf',NULL,3,'schimbari masive',18,'2025-03-31 15:22:55',1,0,NULL,NULL,NULL,NULL),(83,56,'/Users/pds/Desktop/Test_App/EDMS-main/back-end/uploads/Official Document/_v4_restored.pdf',NULL,4,'ffffff',18,'2025-03-31 15:23:37',1,0,NULL,NULL,NULL,NULL),(84,57,'/Users/pds/Desktop/Test_App/EDMS-main/back-end/uploads/Official Document/350KB.pdf',NULL,1,'Initial version',6,'2025-04-01 12:32:01',1,0,NULL,NULL,NULL,NULL),(85,58,'/Users/pds/Desktop/Test_App/EDMS-main/back-end/uploads/Official Document/350KB.pdf',NULL,1,'Initial version',6,'2025-04-01 12:35:14',1,0,NULL,NULL,NULL,NULL),(86,59,'/Users/pds/Desktop/Test_App/EDMS-main/back-end/uploads/Official Document/350KB.pdf',NULL,1,'Initial version',6,'2025-04-01 12:37:21',1,0,NULL,NULL,NULL,NULL),(87,60,'/Users/pds/Desktop/Test_App/EDMS-main/back-end/uploads/Official Document/350KB.pdf',NULL,1,'Initial version',6,'2025-04-01 12:40:18',1,0,NULL,NULL,NULL,NULL),(88,61,'/Users/pds/Desktop/Test_App/EDMS-main/back-end/uploads/Official Document/350KB.pdf',NULL,1,'Initial version',6,'2025-04-01 13:21:38',1,0,NULL,NULL,NULL,NULL),(89,62,'/Users/pds/Desktop/Test_App/EDMS-main/back-end/uploads/Official Document/2mb.pdf',NULL,1,'Initial version',6,'2025-04-01 13:24:39',1,0,NULL,NULL,NULL,NULL);
/*!40000 ALTER TABLE `document_versions` ENABLE KEYS */;
UNLOCK TABLES;

--
-- Table structure for table `folders`
--

DROP TABLE IF EXISTS `folders`;
/*!40101 SET @saved_cs_client     = @@character_set_client */;
/*!50503 SET character_set_client = utf8mb4 */;
CREATE TABLE `folders` (
  `id` int NOT NULL AUTO_INCREMENT,
  `folder_name` varchar(255) NOT NULL,
  `folder_path` varchar(255) NOT NULL,
  `created_at` timestamp NULL DEFAULT CURRENT_TIMESTAMP,
  PRIMARY KEY (`id`)
) ENGINE=InnoDB AUTO_INCREMENT=84 DEFAULT CHARSET=utf8mb4 COLLATE=utf8mb4_0900_ai_ci;
/*!40101 SET character_set_client = @saved_cs_client */;

--
-- Dumping data for table `folders`
--

LOCK TABLES `folders` WRITE;
/*!40000 ALTER TABLE `folders` DISABLE KEYS */;
INSERT INTO `folders` VALUES (1,'NoulFolder','tt/NoulFolder','2025-04-02 08:33:55'),(5,'NoulFoler2','tt/NoulFoler2','2025-04-02 08:57:54'),(15,'Folder alex','Folder De Test/Folder alex','2025-04-02 10:04:32'),(27,'TypeDeTestat','tt/Classified Documents/t21/TypeDeTestat','2025-04-02 10:52:20'),(28,'Test folder','Folder De Test/Test folder','2025-04-02 11:10:00'),(40,'FolderTest33','FolderTest33','2025-04-02 11:25:23'),(48,'Folder Test0','tt/Folder Test0','2025-04-02 12:12:25'),(49,'test4444','tt/Folder Test0/test4444','2025-04-02 12:12:25'),(52,'AlexFolder','AlexFolder','2025-04-02 12:15:42'),(53,'AlexType','AlexFolder/AlexType','2025-04-02 12:15:52'),(54,'AlexTypeTest','AlexFolder/AlexTypeTest','2025-04-03 06:17:58'),(55,'TestDeMutat','AlexFolder/AlexType/TestDeMutat','2025-04-03 11:05:55'),(75,'de tesst','AlexFolder/de tesst','2025-04-03 13:13:07'),(76,'ddddd','AlexFolder/de tesst/ddddd','2025-04-03 13:13:07'),(81,'ddddd','AlexFolder/TipDeNew/ddddd','2025-04-03 13:47:46'),(82,'ssssss','AlexFolder/TipDeNew/ddddd/ssssss','2025-04-03 13:47:46'),(83,'TipDeNew','AlexFolder/TipDeNew','2025-04-03 13:48:29');
/*!40000 ALTER TABLE `folders` ENABLE KEYS */;
UNLOCK TABLES;

--
-- Table structure for table `keywords`
--

DROP TABLE IF EXISTS `keywords`;
/*!40101 SET @saved_cs_client     = @@character_set_client */;
/*!50503 SET character_set_client = utf8mb4 */;
CREATE TABLE `keywords` (
  `id_keyword` int NOT NULL AUTO_INCREMENT,
  `keyword` varchar(50) NOT NULL,
  PRIMARY KEY (`id_keyword`),
  UNIQUE KEY `keyword` (`keyword`)
) ENGINE=InnoDB DEFAULT CHARSET=utf8mb4 COLLATE=utf8mb4_0900_ai_ci;
/*!40101 SET character_set_client = @saved_cs_client */;

--
-- Dumping data for table `keywords`
--

LOCK TABLES `keywords` WRITE;
/*!40000 ALTER TABLE `keywords` DISABLE KEYS */;
/*!40000 ALTER TABLE `keywords` ENABLE KEYS */;
UNLOCK TABLES;

--
-- Table structure for table `notification_requests`
--

DROP TABLE IF EXISTS `notification_requests`;
/*!40101 SET @saved_cs_client     = @@character_set_client */;
/*!50503 SET character_set_client = utf8mb4 */;
CREATE TABLE `notification_requests` (
  `id_request` int NOT NULL AUTO_INCREMENT,
  `user_id` int NOT NULL,
  `request_type` enum('upload_request','storage_upgrade') NOT NULL,
  `current_usage` decimal(10,2) NOT NULL,
  `plan_limit` decimal(10,2) NOT NULL,
  `reason` text,
  `status` enum('pending','approved','rejected') DEFAULT 'pending',
  `created_at` datetime DEFAULT CURRENT_TIMESTAMP,
  `updated_at` datetime DEFAULT CURRENT_TIMESTAMP ON UPDATE CURRENT_TIMESTAMP,
  PRIMARY KEY (`id_request`),
  KEY `user_id` (`user_id`),
  CONSTRAINT `notification_requests_ibfk_1` FOREIGN KEY (`user_id`) REFERENCES `user` (`id_user`)
) ENGINE=InnoDB AUTO_INCREMENT=8 DEFAULT CHARSET=utf8mb4 COLLATE=utf8mb4_0900_ai_ci;
/*!40101 SET character_set_client = @saved_cs_client */;

--
-- Dumping data for table `notification_requests`
--

LOCK TABLES `notification_requests` WRITE;
/*!40000 ALTER TABLE `notification_requests` DISABLE KEYS */;
INSERT INTO `notification_requests` VALUES (1,6,'storage_upgrade',189.73,192.00,'Storage upgrade needed for file upload. Current usage: 189.73MB, Plan limit: 192.00MB, File size: 10.21MB','pending','2025-04-04 16:22:09','2025-04-04 16:22:09'),(2,6,'storage_upgrade',189.73,192.00,'Storage upgrade needed for file upload. Current usage: 189.73MB, Plan limit: 192.00MB, File size: 10.21MB','pending','2025-04-04 16:24:42','2025-04-04 16:24:42'),(3,6,'storage_upgrade',189.73,192.00,'Storage upgrade needed for file upload. Current usage: 189.73MB, Plan limit: 192.00MB, File size: 10.21MB','pending','2025-04-04 16:28:35','2025-04-04 16:28:35'),(4,6,'storage_upgrade',189.73,192.00,'Storage upgrade needed for file upload. Current usage: 189.73MB, Plan limit: 192.00MB, File size: 10.21MB','pending','2025-04-04 16:30:34','2025-04-04 16:30:34'),(5,17,'storage_upgrade',189.73,192.00,'Storage upgrade needed for file upload. Current usage: 189.73MB, Plan limit: 192.00MB, File size: 10.21MB','pending','2025-04-04 16:37:10','2025-04-04 16:37:10'),(6,17,'storage_upgrade',189.73,192.00,'Storage upgrade needed for file upload. Current usage: 189.73MB, Plan limit: 192.00MB, File size: 10.21MB','pending','2025-04-04 16:37:27','2025-04-04 16:37:27'),(7,6,'storage_upgrade',189.73,192.00,'Storage upgrade needed for file upload. Current usage: 189.73MB, Plan limit: 192.00MB, File size: 10.21MB','pending','2025-04-04 16:45:10','2025-04-04 16:45:10');
/*!40000 ALTER TABLE `notification_requests` ENABLE KEYS */;
UNLOCK TABLES;

--
-- Table structure for table `sessions`
--

DROP TABLE IF EXISTS `sessions`;
/*!40101 SET @saved_cs_client     = @@character_set_client */;
/*!50503 SET character_set_client = utf8mb4 */;
CREATE TABLE `sessions` (
  `session_id` varchar(128) CHARACTER SET utf8mb4 COLLATE utf8mb4_bin NOT NULL,
  `expires` int unsigned NOT NULL,
  `data` mediumtext CHARACTER SET utf8mb4 COLLATE utf8mb4_bin,
  PRIMARY KEY (`session_id`)
) ENGINE=InnoDB DEFAULT CHARSET=utf8mb4 COLLATE=utf8mb4_0900_ai_ci;
/*!40101 SET character_set_client = @saved_cs_client */;

--
-- Dumping data for table `sessions`
--

LOCK TABLES `sessions` WRITE;
/*!40000 ALTER TABLE `sessions` DISABLE KEYS */;
INSERT INTO `sessions` VALUES ('7vfiFSTR1VYVm5T1CG2JMsNf9CqRfnPU',1743860716,'{\"cookie\":{\"originalMaxAge\":86400000,\"expires\":\"2025-04-05T13:44:59.864Z\",\"secure\":false,\"httpOnly\":true,\"path\":\"/\",\"sameSite\":\"lax\"},\"id_user\":17,\"nom\":\"Admin\",\"prenom\":\"System\",\"role\":\"admin\"}');
/*!40000 ALTER TABLE `sessions` ENABLE KEYS */;
UNLOCK TABLES;

--
-- Table structure for table `table_document`
--

DROP TABLE IF EXISTS `table_document`;
/*!40101 SET @saved_cs_client     = @@character_set_client */;
/*!50503 SET character_set_client = utf8mb4 */;
CREATE TABLE `table_document` (
  `id_document` int NOT NULL AUTO_INCREMENT,
  `nom_document` varchar(255) NOT NULL,
  `path` varchar(255) NOT NULL,
  `id_user_source` int DEFAULT NULL,
  `date_upload` datetime DEFAULT CURRENT_TIMESTAMP,
  `comment` text,
  `nom_document_original` varchar(255) DEFAULT NULL,
  `isVerfied` tinyint(1) DEFAULT '1',
  `type_id` int NOT NULL,
  PRIMARY KEY (`id_document`),
  KEY `id_user_source` (`id_user_source`),
  KEY `type_id` (`type_id`),
  CONSTRAINT `table_document_ibfk_1` FOREIGN KEY (`id_user_source`) REFERENCES `user` (`id_user`),
  CONSTRAINT `table_document_ibfk_2` FOREIGN KEY (`type_id`) REFERENCES `document_types` (`id`)
) ENGINE=InnoDB AUTO_INCREMENT=87 DEFAULT CHARSET=utf8mb4 COLLATE=utf8mb4_0900_ai_ci;
/*!40101 SET character_set_client = @saved_cs_client */;

--
-- Dumping data for table `table_document`
--

LOCK TABLES `table_document` WRITE;
/*!40000 ALTER TABLE `table_document` DISABLE KEYS */;
INSERT INTO `table_document` VALUES (1,'sample_report.pdf','./uploads/Official Document',14,'2025-03-21 10:55:52','This is a sample report','Annual Report 2024',1,1),(2,'business_plan.pdf','./uploads/Official Document',14,'2025-03-21 10:55:52','Business strategy plan','Business Plan 2024-2025',1,1),(3,'john_report.pdf','./uploads/Official Document',6,'2025-03-21 11:03:53','Report for John','John Report 2024',1,1),(4,'shared_document.pdf','./uploads/Official Document',14,'2025-03-21 11:04:34','Document shared with John','Shared Document 2024',1,1),(5,'shared_document.pdf','./uploads/Shared Document',1,'2025-03-21 11:18:49','Document shared with John','Shared Document 2024',1,2),(6,'hak.pdf','./uploads/t1',6,'2025-03-21 12:34:00','Test hak document','hak.pdf',1,3),(7,'redaction_scientifique_.pdf','./uploads/t2',6,'2025-03-21 14:08:34','mcmcmc','doc',1,4),(8,'redaction_scientifique_.pdf','./uploads/t3',6,'2025-03-21 14:11:13','coms','aaa',1,5),(9,'file-sample_150kB.pdf','./uploads/Official Document',6,'2025-03-23 11:41:31','Comments','TestPdf',1,1),(10,'file-sample_150kB.pdf','./uploads/Official Document',6,'2025-03-23 11:53:32','Comentarii','Safir',1,1),(11,'pdf-test.pdf','./uploads/t2',6,'2025-03-23 12:15:49','vvvvvv','TEstare',1,4),(12,'pdf-test.pdf','./uploads/t4',6,'2025-03-23 12:23:00','caaa','ccaa',1,6),(13,'pdf-test.pdf','./uploads/t3',6,'2025-03-23 12:26:42','ssss','fsfsf',1,5),(14,'fdfd.pdf','./uploads/t3',6,'2025-03-23 12:36:23','DDDD','FFFF',1,5),(15,'pdf-test.pdf','./uploads/t4',6,'2025-03-23 12:59:18','scacs','cc',1,6),(16,'1mb.pdf','./uploads/Official Document',6,'2025-03-23 13:54:12','Providing a sample PDF for educational or business use\r\nGet Started Now','File Content: Dummy Text (Sample PDF)',1,1),(17,'1mb.pdf','./uploads/t3',6,'2025-03-23 14:30:53','Objective: This file is ideal for blank document needs, obtaining a new PDF file, testing file uploads','File Name TTT',1,5),(18,'pdf-test.pdf','./uploads/t2',6,'2025-03-23 14:37:15','Yukon Department of Education\r\nBox 2703\r\nWhitehorse,Yukon\r\nCanada\r\nY1A 2C6\r\nPlease visit our website at: http://www.education.gov.yk.ca/','yoko',1,4),(19,'fdfd.pdf','./uploads/Official Document',6,'2025-03-23 15:11:48','ate ac suscipit et, iaculis non est. Curabitur semper arcu ac ligula semper, nec luctus\r\nnisl blandit. Integer lacinia ante ac libero lobortis imperdiet.\r\nNullam mollis convallis ipsum,\r\nac accumsan nunc vehicula vitae. Nulla eget justo in felis tristique fringilla. Morbi sit amet\r\ntortor quis risus ','Lorem ipsum2',1,1),(20,'1mb.pdf','./uploads/t4',14,'2025-03-23 15:52:31','xperimenting with PDF rendering and formatting in your applications\r\nProviding a sample PDF for educational or business use\r\nGet Started Now:\r\nWhether you\'re a','sample pdf file ',1,6),(21,'fdfd.pdf','./uploads/Official Document',14,'2025-03-23 16:02:57','putate ac suscipit et, iaculis non est. Curabitur semper arcu ac ligula semper, nec luctus\r\nnisl blandit. Integer lacinia ante ac libero lobortis imperdiet.\r\nNullam mollis convallis ipsum,\r\nac accumsan nunc vehicula vitae. Nulla eget justo in felis tristique fringilla. Morbi sit amet\r\ntortor quis risus auctor condimentum. Morbi in ullamcorper elit. Nulla iaculis tellus sit amet\r\nmauris tempus fringilla.\r\nMaecenas mauris lectus, lobortis et','Lorem ipsum32323',1,1),(22,'1mb.pdf','./uploads/t3',14,'2025-03-23 16:08:37','t in your testing and development projects. Simply click the download button to get started\r\nwith your sample PDF download!\r\nInformation About PDF Format\r\nPDF stands for Portable Document Format and was developed by Adobe Systems. It combines rich\r\ncontent such as text, images and hyperlinks, allowing users to share documents across different\r\noperating systems and devices with the same view. Its wide use has made it indispensable for\r\nelectronic document sharing. Thanks to its open-source readers and software, viewing and editing','File Content About PDF Format',1,5),(23,'fdfd.pdf','./uploads/t3',14,'2025-03-23 16:14:19','. Maecenas sed egestas nulla, ac condimentum orci. Mauris diam felis,\r\nvulputate ac suscip','ipsum odio',1,5),(24,'10MB-TESTFILE.ORG.pdf','./uploads/undefined',6,'2025-03-24 07:25:13','You will be recorded as the document author. Documents can be searched by author name.','TESTFILE.ORGG',1,5),(25,'2mb.pdf','./uploads/undefined',6,'2025-03-24 08:28:42','xperimenting with PDF rendering and formatting in your applications\r\nProviding a sample PDF for educational or business use','2mb document',1,1),(26,'2mb.pdf','./uploads/undefined',6,'2025-03-24 08:54:58','dsdsdsdsd','cccssssss',1,1),(27,'_TestPdf_.pdf','/Users/pds/Desktop/Document_App/EDMS-main/back-end/uploads/default',6,'2025-03-24 10:42:38','mulet comsssda','testing file',1,4),(28,'2mb.pdf','/Users/pds/Desktop/Document_App/EDMS-main/back-end/uploads/default',6,'2025-03-24 10:47:43','afsddasfsdfdjsfdskjdsafkjdsnf','wwe',1,1),(29,'_TestPdf_.pdf','/Users/pds/Desktop/Document_App/EDMS-main/back-end/uploads/Official Document',6,'2025-03-24 11:30:09','sem. Nullam at porttitor arcu, nec lacinia nisi. Ut ac dolor vitae odio interdum\r\ncondimentum. Vivamus dapibus sodales ex, vitae malesuada ipsum cursus\r\nconvallis. Maecenas sed egestas nulla, ac condimentum orci. Mauris diam felis,\r\nvulputate ac suscipit et, iaculis non est. Curabitur semper arcu ac ligula semper, nec luctus\r\nnisl blandit. Integer laci','GGWP2',1,1),(30,'_TestPdf_.pdf','/Users/pds/Desktop/Document_App/EDMS-main/back-end/uploads/Official Document',6,'2025-03-24 11:36:22','. Maecenas sed egestas nulla, ac condimentum orci. Mauris diam felis,\r\nvulputate a','WWE2k2000',1,1),(31,'GGWPPasere','/Users/pds/Desktop/Document_App/EDMS-main/back-end/uploads/Official Document',6,'2025-03-24 11:47:06','nisl blandit. Integer lacinia ante ac libero lobortis imperdiet.','GGWPPasere',1,1),(32,'Nume_Current','/Users/pds/Desktop/Document_App/EDMS-main/back-end/uploads/Official Document',6,'2025-03-24 12:35:40','KSKDKSDSKDKD','Nume_Current',1,1),(33,'_v1743423144636.nume document','/Users/pds/Desktop/Test_App/EDMS-main/back-end/uploads/t3',6,'2025-03-24 12:40:03','comment','nume document',1,5),(34,'Get_Started_With_Smallpdf.pdf','/Users/pds/Desktop/Document_App/EDMS-main/back-end/uploads/t3',6,'2025-03-24 12:54:36','Forget mundane administrative tasks. With','SmallPdf_Doc',1,5),(35,'_FFFF_.pdf','/Users/pds/Desktop/Document_App/EDMS-main/back-end/uploads/Official Document',6,'2025-03-24 13:28:04','dsfdsfdsf','dsfdsfsdfdsf',1,1),(36,'260KB.pdf','/Users/pds/Desktop/Document_App/EDMS-main/back-end/uploads/Official Document',6,'2025-03-24 13:31:46','fdsfsdfdsfsdf','NUme Onest',1,1),(37,'_SmallPdf_Doc_.pdf','/Users/pds/Desktop/Document_App/EDMS-main/back-end/uploads/t3',6,'2025-03-24 13:54:40','nonkeys','FFFFSSSSSD',1,5),(38,'Get_Started_With_Smallpdf.pdf','/Users/pds/Desktop/Document_App/EDMS-main/back-end/uploads/t4',6,'2025-03-24 14:54:05','nu am','HHHHHHHHHH',1,6),(39,'350KB_v1742905403099_v1742907999348_v1742908889881.pdf','/Users/pds/Desktop/Document_App/EDMS-main/back-end/uploads/Official Document',6,'2025-03-25 06:50:35','Yyet to misery wisdom plenty polite to as. Prepared interest proposal it he exercise. My wishing an in attempt ferrars. Visited eat you why service looking engaged. At place no walls hopes rooms fully in. Roof hope shy tore leaf joy paid boy. Noisier out brought entered detract because sitting sir. Fat put occasion rendered off humanity has.','Documnet cu 350kb',1,1),(40,'800KB_v1742905074572_v1742906540484_v1742906748330.pdf','/Users/pds/Desktop/Document_App/EDMS-main/back-end/uploads/default',6,'2025-03-25 12:17:02','I had resolving otherwise she contented therefore. Afford relied warmth out sir hearts sister use garden. Men day warmth formed admire former simple. Humanity declared vicinity continue supplied no an. He hastened am no property exercise of. Dissimilar comparison no terminated devonshire no literature on. Say most yet head room such just easy.','Document 800kb',1,4),(41,'350KB_v1742910458786_v1742911233149.pdf','/Users/pds/Desktop/Document_App/EDMS-main/back-end/uploads/Official Document',6,'2025-03-25 13:39:26','WEBbyothers. Two dear held mrs feet view her old fine. Bore can led than how has rank. Discovery any extensive has commanded direction. Short at front which blind as. Ye as procuring unwilling principle by.\r\n\r\nMuch evil soon high in hope do view. Out may few northward believing attempted. Yet timed being songs marry one defer men our. Although finished blessing do of. Consider speaking me prospect whatever if. Ten nearer rather hunted six parish indeed number. Allowance repulsive sex may contained can set suspected abilities cordially. Do part am he high rest that. So','Document de proba',1,1),(42,'PDF_TestPage_v1742913422882.pdf','/Users/pds/Desktop/Document_App/EDMS-main/back-end/uploads/Official Document',6,'2025-03-25 14:25:53','Tnonono calm much most long me mean. Able rent long in do we. Uncommonly no it announcing melancholy an in. Mirth learn it he given. Secure shy favour length all twenty denote. He felicity no an at packages answered opinions juvenile.','SPBC',1,1),(43,'_v1742980455956.NNOU','/Users/pds/Desktop/Document_App/EDMS-main/back-end/uploads/Official Document',6,'2025-03-26 08:20:09','testing,testtare.revo','NNOU',1,1),(44,'_SmallPdf_Doc__v1742989145460.pdf','/Users/pds/Desktop/Document_App/EDMS-main/back-end/uploads/Official Document',6,'2025-03-26 09:29:08','ramprampramp','800KB.pdf',1,1),(45,'STatistici_v1743173110409.pdf','/Users/pds/Desktop/Test_App/EDMS-main/back-end/uploads/t3',6,'2025-03-26 13:23:17','NMD include instruirea utilizatorilor, iar faza final const n implementarea i punerea n producie a sistemului. Durata total a contractului este de 12 luni, mprit pe activiti precise, cu termene specifice. n paralel, se va monitoriza progresul i se vor face ajustrile necesare pentru a respecta termenele i cerinele stabilite. Fiecare activitate va fi susinut de resurse umane i tehnice corespunztoare, iar echipa WEB WIN GROUP NET SRL va asigura implementarea complet i corect a soluiei.','STatistici',1,5),(46,'260KB.pdf','/Users/pds/Desktop/Document_App/EDMS-main/back-end/uploads/Official Document',6,'2025-03-27 07:53:55',' sit amet massa vitae tortor condimentum. Viverra nibh cras pulvinar mattis nunc sed blandit\r\nlibero volutpat. Molestie a iaculis at erat pellentesque adipiscing commodo elit. Commodo quis\r\nimperdiet mas','Server',1,1),(47,'800KB.pdf','/Users/pds/Desktop/Document_App/EDMS-main/back-end/uploads/t2',6,'2025-03-27 09:32:49','ugue cursus, tincidunt nisl a, aliquet lacus. Mauris rhoncus massa\r\nligula, in tristique tellus volutpat eu.\r\nPraesent blandit mauris mauris, eu mattis s','SSV',1,4),(48,'260KB.pdf','/Users/pds/Desktop/Document_App/EDMS-main/back-end/uploads/Official Document',6,'2025-03-27 14:35:16','comss','Nume creativ',1,1),(49,'Astazi_v1743415742424.pdf','/Users/pds/Desktop/Test_App/EDMS-main/back-end/uploads/Official Document',6,'2025-03-28 11:52:31','comentariu','Astazi',1,1),(50,'260KB.pdf','/Users/pds/Desktop/Test_App/EDMS-main/back-end/uploads/t2',14,'2025-03-28 12:56:42','fdsfsdfsdfdsf','DE TEST',1,4),(51,'AndreiPdf_v1743412879118.pdf','/Users/pds/Desktop/Test_App/EDMS-main/back-end/uploads/Official Document',18,'2025-03-31 08:53:35','Nu am comms','AndreiPdf',1,1),(52,'NewPDF_v1743415878434.pdf','/Users/pds/Desktop/Test_App/EDMS-main/back-end/uploads/Official Document',6,'2025-03-31 10:10:21','comm','NewPDF',1,1),(53,'_FFFF_.pdf','/Users/pds/Desktop/Test_App/EDMS-main/back-end/uploads/t2',19,'2025-03-31 10:47:33','ssss','NumeALex',1,4),(54,'_v13_restored.pdf','/Users/pds/Desktop/Test_App/EDMS-main/back-end/uploads/Official Document',18,'2025-03-31 10:54:43','dddd','Comun',1,1),(55,'_FFFF_.pdf','/Users/pds/Desktop/Test_App/EDMS-main/back-end/uploads/Official Document',18,'2025-03-31 11:55:43','nu am comm','curent',1,1),(56,'_v3_restored.pdf','/Users/pds/Desktop/Test_App/EDMS-main/back-end/uploads/Official Document',18,'2025-03-31 12:16:54','noufsfsdfdsf','Document 31',1,1),(57,'350KB.pdf','/Users/pds/Desktop/Test_App/EDMS-main/back-end/uploads/Official Document',6,'2025-04-01 09:32:01','Am comentat','350KB',1,1),(58,'350KB.pdf','/Users/pds/Desktop/Test_App/EDMS-main/back-end/uploads/Official Document',6,'2025-04-01 09:35:14','Comentariu','350KB',1,1),(59,'350KB.pdf','/Users/pds/Desktop/Test_App/EDMS-main/back-end/uploads/Official Document',6,'2025-04-01 09:37:21','comm','350KB',1,1),(60,'350KB.pdf','/Users/pds/Desktop/Test_App/EDMS-main/back-end/uploads/Official Document',6,'2025-04-01 09:40:18','commmmmm','350KB',1,1),(61,'350KB.pdf','/Users/pds/Desktop/Test_App/EDMS-main/back-end/uploads/Official Document',6,'2025-04-01 10:21:38','comm','350KB',1,1),(62,'2mb.pdf','/Users/pds/Desktop/Test_App/EDMS-main/back-end/uploads/Official Document',6,'2025-04-01 10:24:39','Comms','2mb',1,1),(63,'1mb.pdf','/Users/pds/Desktop/Test_App/EDMS-main/back-end/uploads/Official Document',6,'2025-04-01 11:49:13','Comentariu','1mb',1,1),(64,'STATE.pdf','/Users/pds/Desktop/Test_App/EDMS-main/back-end/uploads/default',6,'2025-04-02 13:47:09','','STATE',1,26),(65,'STATEss.pdf','/Users/pds/Desktop/Test_App/EDMS-main/back-end/uploads/default',6,'2025-04-02 13:52:29','','STATEss',1,26),(66,'STATELE.pdf','AlexFolder/AlexTypeTest',6,'2025-04-03 06:21:47','','STATELE',1,27),(67,'STATELE2.pdf','Official Document',6,'2025-04-03 06:27:38','','STATELE2',1,27),(68,'STATELE33.pdf','AlexFolder/AlexTypeTest',6,'2025-04-03 06:31:14','','STATELE33',1,27),(69,'STATELE212.pdf','AlexFolder/AlexTypeTest',6,'2025-04-03 08:08:31','sdfsdfsdfasdfsd','STATELE212',1,27),(72,'STAT2022.pdf','AlexFolder/AlexTypeTest',6,'2025-04-03 08:35:21','ddddsadasdsda','STAT2022',1,27),(73,'PdfNouNout.pdf','AlexFolder/AlexTypeTest',6,'2025-04-03 08:50:44','1 MB sample PDF file offers an easy solution for various uses, such as:\r\nTesting file upload functionality on your website or platform\r\nCreating test documents or templates for projects\r\nExperimenting with PDF rendering and formatting in your applications\r\nProviding a sample PDF for educational or business use\r\nGet Started Now:\r\nWhether you\'re a developer, designer, or content creator, having access to a reliable *sample PDF*\r\ncan save time and effort in your workf','PdfNouNout',1,27),(74,'NUmededocuemetn.pdf','AlexFolder/AlexTypeTest',6,'2025-04-03 09:03:09',' dolor mattis facilisis. Proin sit amet ipsum dolor. Vestibulum quis fringilla lacus.\r\nFusce hendrerit nibh nulla, consectetur pellentesque justo tincidunt nec. Suspendisse dictum\r\nlorem purus, non dictum nibh facilisis viverra. Aenean tempus velit non purus iaculis fermentum.\r\nVestibulum ipsum est, imperdiet sed tincidunt vel, euismod eget nibh.\r\nVivamus diam est, fringilla at tempus non, imperdiet sit amet nunc. Maecenas pulvinar lacus at\r\nmaximus lobortis. Donec vel a','NUmededocuemetn',1,27),(75,'TestPDFToday.pdf','/Users/pds/Desktop/Test_App/EDMS-main/back-end/uploads/AlexFolder/AlexTypeTest',6,'2025-04-03 13:50:24','cess files stored on Smallpdf from\r\nyour computer, phone, or tablet. Well also\r\nsync files from the Smallpdf Mobile App to our\r\nonline portal\r\nWhen you right-click on a file, well present\r\nyou with an array of options to convert,\r\ncompress, or modify it.\r\nForget mundane administrative tasks. With\r\nSmallpdf, you can request e-signatures, send\r\nlarge files, or even enable the Smallpdf G Suite\r\nApp for your entire organization.\r\nReady to take document management to the next level?','TestPDFToday',1,28),(76,'TESTFunc.pdf','AlexFolder',6,'2025-04-03 13:52:58','your computer, phone, or tablet. Well also','TESTFunc',1,28),(77,'Watermark.pdf','/Users/pds/Desktop/Test_App/EDMS-main/back-end/uploads/AlexFolder/AlexTypeTest',6,'2025-04-03 13:59:21','dadasdasdasdasd','Watermark',1,27),(78,'PDF_TestPage.pdf','/Users/pds/Desktop/Test_App/EDMS-main/back-end/uploads/AlexFolder/AlexTypeTest',6,'2025-04-04 06:12:19','ggggggggg','PDF_TestPage',1,28),(79,'loggg.pdf','/Users/pds/Desktop/Test_App/EDMS-main/back-end/uploads/AlexFolder/AlexTypeTest',6,'2025-04-04 06:28:54','Comme','loggg',1,28),(80,'Feonix.pdf','/Users/pds/Desktop/Test_App/EDMS-main/back-end/uploads/AlexFolder/AlexTypeTest',19,'2025-04-04 06:59:44','ccccccccc','Feonix',1,27),(81,'pdfmare.pdf','/Users/pds/Desktop/Test_App/EDMS-main/back-end/uploads/AlexFolder/AlexTypeTest',6,'2025-04-04 08:00:35','fsdfsdfsdf','pdfmare',1,27),(82,'testmemorie.pdf','uploads/AlexFolder/AlexTypeTest',6,'2025-04-04 08:34:21','nu merge','testmemorie',1,27),(83,'testmemoriemax.pdf','AlexFolder/AlexTypeTest',6,'2025-04-04 08:44:48','dgfdgdfgdfg','testmemoriemax',1,27),(84,'astamerge.pdf','/Users/pds/Desktop/Test_App/EDMS-main/back-end/uploads/AlexFolder/AlexTypeTest',6,'2025-04-04 08:58:03','c massa ac eleifend. Sed gravida\r\nnon nisi a consectetur. Fusce pharetra tellus lacus. Etiam ultrices, nisl nec laoreet tincidunt, massa ipsum\r\ncursus nisi, sed tincidunt justo nulla quis tortor. Phasellus quis risus arcu. Nulla sem dui, bibend','astamerge',1,28),(85,'Degeaba.pdf','/Users/pds/Desktop/Test_App/EDMS-main/back-end/uploads/AlexFolder/AlexTypeTest',6,'2025-04-04 12:26:05','Comentariu mare','Degeaba',1,26),(86,'ComunTest.pdf','uploads/AlexFolder/AlexTypeTest',6,'2025-04-04 13:12:23','nisl blandit. Integer lacinia ante ac libero lobortis imperdiet.nisl blandit. Integer lacinia ante ac libero lobortis imperdiet.nisl blandit. Integer lacinia ante ac libero lobortis imperdiet.','ComunTest',1,27);
/*!40000 ALTER TABLE `table_document` ENABLE KEYS */;
UNLOCK TABLES;

--
-- Table structure for table `table_document_backup`
--

DROP TABLE IF EXISTS `table_document_backup`;
/*!40101 SET @saved_cs_client     = @@character_set_client */;
/*!50503 SET character_set_client = utf8mb4 */;
CREATE TABLE `table_document_backup` (
  `id_document` int NOT NULL DEFAULT '0',
  `nom_document` varchar(255) NOT NULL,
  `type` varchar(50) DEFAULT NULL,
  `path` varchar(255) NOT NULL,
  `id_user_source` int DEFAULT NULL,
  `date_upload` datetime DEFAULT CURRENT_TIMESTAMP,
  `comment` text,
  `nom_document_original` varchar(255) DEFAULT NULL,
  `isVerfied` tinyint(1) DEFAULT '1',
  `type_id` int DEFAULT NULL
) ENGINE=InnoDB DEFAULT CHARSET=utf8mb4 COLLATE=utf8mb4_0900_ai_ci;
/*!40101 SET character_set_client = @saved_cs_client */;

--
-- Dumping data for table `table_document_backup`
--

LOCK TABLES `table_document_backup` WRITE;
/*!40000 ALTER TABLE `table_document_backup` DISABLE KEYS */;
INSERT INTO `table_document_backup` VALUES (1,'sample_report.pdf','Official Document','./uploads/Official Document',14,'2025-03-21 10:55:52','This is a sample report','Annual Report 2024',1,1),(2,'business_plan.pdf','Official Document','./uploads/Official Document',14,'2025-03-21 10:55:52','Business strategy plan','Business Plan 2024-2025',1,1),(3,'john_report.pdf','Official Document','./uploads/Official Document',6,'2025-03-21 11:03:53','Report for John','John Report 2024',1,1),(4,'shared_document.pdf','Official Document','./uploads/Official Document',14,'2025-03-21 11:04:34','Document shared with John','Shared Document 2024',1,1),(5,'shared_document.pdf','Shared Document','./uploads/Shared Document',1,'2025-03-21 11:18:49','Document shared with John','Shared Document 2024',1,2),(6,'hak.pdf','t1','./uploads/t1',6,'2025-03-21 12:34:00','Test hak document','hak.pdf',1,3),(7,'redaction_scientifique_.pdf','t2','./uploads/t2',6,'2025-03-21 14:08:34','mcmcmc','doc',1,4),(8,'redaction_scientifique_.pdf','t3','./uploads/t3',6,'2025-03-21 14:11:13','coms','aaa',1,5),(9,'file-sample_150kB.pdf','Official Document','./uploads/Official Document',6,'2025-03-23 11:41:31','Comments','TestPdf',1,1),(10,'file-sample_150kB.pdf','Official Document','./uploads/Official Document',6,'2025-03-23 11:53:32','Comentarii','Safir',1,1),(11,'pdf-test.pdf','t2','./uploads/t2',6,'2025-03-23 12:15:49','vvvvvv','TEstare',1,4),(12,'pdf-test.pdf','t4','./uploads/t4',6,'2025-03-23 12:23:00','caaa','ccaa',1,6),(13,'pdf-test.pdf','t3','./uploads/t3',6,'2025-03-23 12:26:42','ssss','fsfsf',1,5),(14,'fdfd.pdf','t3','./uploads/t3',6,'2025-03-23 12:36:23','DDDD','FFFF',1,5),(15,'pdf-test.pdf','t4','./uploads/t4',6,'2025-03-23 12:59:18','scacs','cc',1,6),(16,'1mb.pdf','Official Document','./uploads/Official Document',6,'2025-03-23 13:54:12','Providing a sample PDF for educational or business use\r\nGet Started Now','File Content: Dummy Text (Sample PDF)',1,1),(17,'1mb.pdf','t3','./uploads/t3',6,'2025-03-23 14:30:53','Objective: This file is ideal for blank document needs, obtaining a new PDF file, testing file uploads','File Name TTT',1,5),(18,'pdf-test.pdf','t2','./uploads/t2',6,'2025-03-23 14:37:15','Yukon Department of Education\r\nBox 2703\r\nWhitehorse,Yukon\r\nCanada\r\nY1A 2C6\r\nPlease visit our website at: http://www.education.gov.yk.ca/','yoko',1,4),(19,'fdfd.pdf','Official Document','./uploads/Official Document',6,'2025-03-23 15:11:48','ate ac suscipit et, iaculis non est. Curabitur semper arcu ac ligula semper, nec luctus\r\nnisl blandit. Integer lacinia ante ac libero lobortis imperdiet.\r\nNullam mollis convallis ipsum,\r\nac accumsan nunc vehicula vitae. Nulla eget justo in felis tristique fringilla. Morbi sit amet\r\ntortor quis risus ','Lorem ipsum2',1,1),(20,'1mb.pdf','t4','./uploads/t4',14,'2025-03-23 15:52:31','xperimenting with PDF rendering and formatting in your applications\r\nProviding a sample PDF for educational or business use\r\nGet Started Now:\r\nWhether you\'re a','sample pdf file ',1,6),(21,'fdfd.pdf','Official Document','./uploads/Official Document',14,'2025-03-23 16:02:57','putate ac suscipit et, iaculis non est. Curabitur semper arcu ac ligula semper, nec luctus\r\nnisl blandit. Integer lacinia ante ac libero lobortis imperdiet.\r\nNullam mollis convallis ipsum,\r\nac accumsan nunc vehicula vitae. Nulla eget justo in felis tristique fringilla. Morbi sit amet\r\ntortor quis risus auctor condimentum. Morbi in ullamcorper elit. Nulla iaculis tellus sit amet\r\nmauris tempus fringilla.\r\nMaecenas mauris lectus, lobortis et','Lorem ipsum32323',1,1),(22,'1mb.pdf','t3','./uploads/t3',14,'2025-03-23 16:08:37','t in your testing and development projects. Simply click the download button to get started\r\nwith your sample PDF download!\r\nInformation About PDF Format\r\nPDF stands for Portable Document Format and was developed by Adobe Systems. It combines rich\r\ncontent such as text, images and hyperlinks, allowing users to share documents across different\r\noperating systems and devices with the same view. Its wide use has made it indispensable for\r\nelectronic document sharing. Thanks to its open-source readers and software, viewing and editing','File Content About PDF Format',1,5),(23,'fdfd.pdf','t3','./uploads/t3',14,'2025-03-23 16:14:19','. Maecenas sed egestas nulla, ac condimentum orci. Mauris diam felis,\r\nvulputate ac suscip','ipsum odio',1,5),(24,'10MB-TESTFILE.ORG.pdf','t3','./uploads/undefined',6,'2025-03-24 07:25:13','You will be recorded as the document author. Documents can be searched by author name.','TESTFILE.ORGG',1,5),(25,'2mb.pdf','Official Document','./uploads/undefined',6,'2025-03-24 08:28:42','xperimenting with PDF rendering and formatting in your applications\r\nProviding a sample PDF for educational or business use','2mb document',1,1),(26,'2mb.pdf','Official Document','./uploads/undefined',6,'2025-03-24 08:54:58','dsdsdsdsd','cccssssss',1,1),(27,'_TestPdf_.pdf','t2','/Users/pds/Desktop/Document_App/EDMS-main/back-end/uploads/default',6,'2025-03-24 10:42:38','mulet comsssda','testing file',1,4),(28,'2mb.pdf','Official Document','/Users/pds/Desktop/Document_App/EDMS-main/back-end/uploads/default',6,'2025-03-24 10:47:43','afsddasfsdfdjsfdskjdsafkjdsnf','wwe',1,1),(29,'_TestPdf_.pdf','Official Document','/Users/pds/Desktop/Document_App/EDMS-main/back-end/uploads/Official Document',6,'2025-03-24 11:30:09','sem. Nullam at porttitor arcu, nec lacinia nisi. Ut ac dolor vitae odio interdum\r\ncondimentum. Vivamus dapibus sodales ex, vitae malesuada ipsum cursus\r\nconvallis. Maecenas sed egestas nulla, ac condimentum orci. Mauris diam felis,\r\nvulputate ac suscipit et, iaculis non est. Curabitur semper arcu ac ligula semper, nec luctus\r\nnisl blandit. Integer laci','GGWP2',1,1),(30,'_TestPdf_.pdf','Official Document','/Users/pds/Desktop/Document_App/EDMS-main/back-end/uploads/Official Document',6,'2025-03-24 11:36:22','. Maecenas sed egestas nulla, ac condimentum orci. Mauris diam felis,\r\nvulputate a','WWE2k2000',1,1),(31,'GGWPPasere','Official Document','/Users/pds/Desktop/Document_App/EDMS-main/back-end/uploads/Official Document',6,'2025-03-24 11:47:06','nisl blandit. Integer lacinia ante ac libero lobortis imperdiet.','GGWPPasere',1,1),(32,'Nume_Current','Official Document','/Users/pds/Desktop/Document_App/EDMS-main/back-end/uploads/Official Document',6,'2025-03-24 12:35:40','KSKDKSDSKDKD','Nume_Current',1,1),(33,'_v1743423144636.nume document','t3','/Users/pds/Desktop/Test_App/EDMS-main/back-end/uploads/t3',6,'2025-03-24 12:40:03','comment','nume document',1,5),(34,'Get_Started_With_Smallpdf.pdf','t3','/Users/pds/Desktop/Document_App/EDMS-main/back-end/uploads/t3',6,'2025-03-24 12:54:36','Forget mundane administrative tasks. With','SmallPdf_Doc',1,5),(35,'_FFFF_.pdf','Official Document','/Users/pds/Desktop/Document_App/EDMS-main/back-end/uploads/Official Document',6,'2025-03-24 13:28:04','dsfdsfdsf','dsfdsfsdfdsf',1,1),(36,'260KB.pdf','Official Document','/Users/pds/Desktop/Document_App/EDMS-main/back-end/uploads/Official Document',6,'2025-03-24 13:31:46','fdsfsdfdsfsdf','NUme Onest',1,1),(37,'_SmallPdf_Doc_.pdf','t3','/Users/pds/Desktop/Document_App/EDMS-main/back-end/uploads/t3',6,'2025-03-24 13:54:40','nonkeys','FFFFSSSSSD',1,5),(38,'Get_Started_With_Smallpdf.pdf','t4','/Users/pds/Desktop/Document_App/EDMS-main/back-end/uploads/t4',6,'2025-03-24 14:54:05','nu am','HHHHHHHHHH',1,6),(39,'350KB_v1742905403099_v1742907999348_v1742908889881.pdf','Official Document','/Users/pds/Desktop/Document_App/EDMS-main/back-end/uploads/Official Document',6,'2025-03-25 06:50:35','Yyet to misery wisdom plenty polite to as. Prepared interest proposal it he exercise. My wishing an in attempt ferrars. Visited eat you why service looking engaged. At place no walls hopes rooms fully in. Roof hope shy tore leaf joy paid boy. Noisier out brought entered detract because sitting sir. Fat put occasion rendered off humanity has.','Documnet cu 350kb',1,1),(40,'800KB_v1742905074572_v1742906540484_v1742906748330.pdf','t2','/Users/pds/Desktop/Document_App/EDMS-main/back-end/uploads/default',6,'2025-03-25 12:17:02','I had resolving otherwise she contented therefore. Afford relied warmth out sir hearts sister use garden. Men day warmth formed admire former simple. Humanity declared vicinity continue supplied no an. He hastened am no property exercise of. Dissimilar comparison no terminated devonshire no literature on. Say most yet head room such just easy.','Document 800kb',1,4),(41,'350KB_v1742910458786_v1742911233149.pdf','Official Document','/Users/pds/Desktop/Document_App/EDMS-main/back-end/uploads/Official Document',6,'2025-03-25 13:39:26','WEBbyothers. Two dear held mrs feet view her old fine. Bore can led than how has rank. Discovery any extensive has commanded direction. Short at front which blind as. Ye as procuring unwilling principle by.\r\n\r\nMuch evil soon high in hope do view. Out may few northward believing attempted. Yet timed being songs marry one defer men our. Although finished blessing do of. Consider speaking me prospect whatever if. Ten nearer rather hunted six parish indeed number. Allowance repulsive sex may contained can set suspected abilities cordially. Do part am he high rest that. So','Document de proba',1,1),(42,'PDF_TestPage_v1742913422882.pdf','Official Document','/Users/pds/Desktop/Document_App/EDMS-main/back-end/uploads/Official Document',6,'2025-03-25 14:25:53','Tnonono calm much most long me mean. Able rent long in do we. Uncommonly no it announcing melancholy an in. Mirth learn it he given. Secure shy favour length all twenty denote. He felicity no an at packages answered opinions juvenile.','SPBC',1,1),(43,'_v1742980455956.NNOU','Official Document','/Users/pds/Desktop/Document_App/EDMS-main/back-end/uploads/Official Document',6,'2025-03-26 08:20:09','testing,testtare.revo','NNOU',1,1),(44,'_SmallPdf_Doc__v1742989145460.pdf','Official Document','/Users/pds/Desktop/Document_App/EDMS-main/back-end/uploads/Official Document',6,'2025-03-26 09:29:08','ramprampramp','800KB.pdf',1,1),(45,'STatistici_v1743173110409.pdf','t3','/Users/pds/Desktop/Test_App/EDMS-main/back-end/uploads/t3',6,'2025-03-26 13:23:17','NMD include instruirea utilizatorilor, iar faza final const n implementarea i punerea n producie a sistemului. Durata total a contractului este de 12 luni, mprit pe activiti precise, cu termene specifice. n paralel, se va monitoriza progresul i se vor face ajustrile necesare pentru a respecta termenele i cerinele stabilite. Fiecare activitate va fi susinut de resurse umane i tehnice corespunztoare, iar echipa WEB WIN GROUP NET SRL va asigura implementarea complet i corect a soluiei.','STatistici',1,5),(46,'260KB.pdf','Official Document','/Users/pds/Desktop/Document_App/EDMS-main/back-end/uploads/Official Document',6,'2025-03-27 07:53:55',' sit amet massa vitae tortor condimentum. Viverra nibh cras pulvinar mattis nunc sed blandit\r\nlibero volutpat. Molestie a iaculis at erat pellentesque adipiscing commodo elit. Commodo quis\r\nimperdiet mas','Server',1,1),(47,'800KB.pdf','t2','/Users/pds/Desktop/Document_App/EDMS-main/back-end/uploads/t2',6,'2025-03-27 09:32:49','ugue cursus, tincidunt nisl a, aliquet lacus. Mauris rhoncus massa\r\nligula, in tristique tellus volutpat eu.\r\nPraesent blandit mauris mauris, eu mattis s','SSV',1,4),(48,'260KB.pdf','Official Document','/Users/pds/Desktop/Document_App/EDMS-main/back-end/uploads/Official Document',6,'2025-03-27 14:35:16','comss','Nume creativ',1,1),(49,'Astazi_v1743415742424.pdf','Official Document','/Users/pds/Desktop/Test_App/EDMS-main/back-end/uploads/Official Document',6,'2025-03-28 11:52:31','comentariu','Astazi',1,1),(50,'260KB.pdf','t2','/Users/pds/Desktop/Test_App/EDMS-main/back-end/uploads/t2',14,'2025-03-28 12:56:42','fdsfsdfsdfdsf','DE TEST',1,4),(51,'AndreiPdf_v1743412879118.pdf','Official Document','/Users/pds/Desktop/Test_App/EDMS-main/back-end/uploads/Official Document',18,'2025-03-31 08:53:35','Nu am comms','AndreiPdf',1,1),(52,'NewPDF_v1743415878434.pdf','Official Document','/Users/pds/Desktop/Test_App/EDMS-main/back-end/uploads/Official Document',6,'2025-03-31 10:10:21','comm','NewPDF',1,1),(53,'_FFFF_.pdf','t2','/Users/pds/Desktop/Test_App/EDMS-main/back-end/uploads/t2',19,'2025-03-31 10:47:33','ssss','NumeALex',1,4),(54,'_v13_restored.pdf','Official Document','/Users/pds/Desktop/Test_App/EDMS-main/back-end/uploads/Official Document',18,'2025-03-31 10:54:43','dddd','Comun',1,1),(55,'_FFFF_.pdf','Official Document','/Users/pds/Desktop/Test_App/EDMS-main/back-end/uploads/Official Document',18,'2025-03-31 11:55:43','nu am comm','curent',1,1),(56,'_v3_restored.pdf','Official Document','/Users/pds/Desktop/Test_App/EDMS-main/back-end/uploads/Official Document',18,'2025-03-31 12:16:54','noufsfsdfdsf','Document 31',1,1),(57,'350KB.pdf','Official Document','/Users/pds/Desktop/Test_App/EDMS-main/back-end/uploads/Official Document',6,'2025-04-01 09:32:01','Am comentat','350KB',1,1),(58,'350KB.pdf','Official Document','/Users/pds/Desktop/Test_App/EDMS-main/back-end/uploads/Official Document',6,'2025-04-01 09:35:14','Comentariu','350KB',1,1),(59,'350KB.pdf','Official Document','/Users/pds/Desktop/Test_App/EDMS-main/back-end/uploads/Official Document',6,'2025-04-01 09:37:21','comm','350KB',1,1),(60,'350KB.pdf','Official Document','/Users/pds/Desktop/Test_App/EDMS-main/back-end/uploads/Official Document',6,'2025-04-01 09:40:18','commmmmm','350KB',1,1),(61,'350KB.pdf','Official Document','/Users/pds/Desktop/Test_App/EDMS-main/back-end/uploads/Official Document',6,'2025-04-01 10:21:38','comm','350KB',1,1),(62,'2mb.pdf','Official Document','/Users/pds/Desktop/Test_App/EDMS-main/back-end/uploads/Official Document',6,'2025-04-01 10:24:39','Comms','2mb',1,1),(63,'1mb.pdf',NULL,'/Users/pds/Desktop/Test_App/EDMS-main/back-end/uploads/Official Document',6,'2025-04-01 11:49:13','Comentariu','1mb',1,1),(64,'STATE.pdf',NULL,'/Users/pds/Desktop/Test_App/EDMS-main/back-end/uploads/default',6,'2025-04-02 13:47:09','','STATE',1,26),(65,'STATEss.pdf',NULL,'/Users/pds/Desktop/Test_App/EDMS-main/back-end/uploads/default',6,'2025-04-02 13:52:29','','STATEss',1,26);
/*!40000 ALTER TABLE `table_document_backup` ENABLE KEYS */;
UNLOCK TABLES;

--
-- Table structure for table `table_mot_cle`
--

DROP TABLE IF EXISTS `table_mot_cle`;
/*!40101 SET @saved_cs_client     = @@character_set_client */;
/*!50503 SET character_set_client = utf8mb4 */;
CREATE TABLE `table_mot_cle` (
  `id_mot_cle` int NOT NULL AUTO_INCREMENT,
  `id_document` int DEFAULT NULL,
  `mot1` varchar(50) DEFAULT NULL,
  `mot2` varchar(50) DEFAULT NULL,
  `mot3` varchar(50) DEFAULT NULL,
  `mot4` varchar(50) DEFAULT NULL,
  `mot5` varchar(50) DEFAULT NULL,
  PRIMARY KEY (`id_mot_cle`),
  KEY `id_document` (`id_document`),
  CONSTRAINT `table_mot_cle_ibfk_1` FOREIGN KEY (`id_document`) REFERENCES `table_document` (`id_document`)
) ENGINE=InnoDB AUTO_INCREMENT=78 DEFAULT CHARSET=utf8mb4 COLLATE=utf8mb4_0900_ai_ci;
/*!40101 SET character_set_client = @saved_cs_client */;

--
-- Dumping data for table `table_mot_cle`
--

LOCK TABLES `table_mot_cle` WRITE;
/*!40000 ALTER TABLE `table_mot_cle` DISABLE KEYS */;
INSERT INTO `table_mot_cle` VALUES (1,1,'annual','report','finance','summary','data'),(2,2,'strategy','business','planning','forecast','goals'),(3,3,'report','john','document','test','example'),(4,10,'Stats, lorem','','','',''),(5,11,'non, coress','','','',''),(6,12,'cc','','','',''),(7,13,'ssss','','','',''),(8,14,'ADdd','','','',''),(9,15,'sasc','','','',''),(10,16,'educational, business ','','','',''),(11,17,'developer, designer, content creator','','','',''),(12,18,'Whitehorse,Yukon','','','',''),(13,19,'Vivamus','','','',''),(14,20,'developer,designer','','','',''),(15,21,'Maecenas','','','',''),(16,22,'developer, designer','','','',''),(17,23,'varius','','','',''),(18,24,'TEst file','animation','','',''),(19,25,'Doc','Pdf file','adobe','',''),(20,26,'csdsss','','','',''),(21,27,'acum','aici','','',''),(22,28,'randy','','','',''),(23,29,'Nentodom','','','',''),(24,30,'Nunc','','','',''),(25,31,'nombre','estare','','',''),(26,32,'Nume','','','',''),(27,33,'keyword','','','',''),(28,34,'Digital','Enhance','','',''),(29,35,'fsdfdsf','','','',''),(30,36,'fdsfsdfdsfsd','','','',''),(31,37,'keys','','','',''),(32,38,'ce o fi','','','',''),(33,39,'442','am modificat','sep-atr','',''),(34,40,'700kb','lorem','nou','acum',''),(35,41,'test','eat','nombre','este',''),(36,42,'src','nom','nop','',''),(37,43,'document are area','haida','','',''),(38,44,'asta e cheie','parada','','',''),(39,45,'Statistics','Metrics','Stats','CCR',''),(40,46,'HHH','FFF','','',''),(41,47,'fff','','','',''),(42,48,'cc','fff','','',''),(43,49,'cheie','','','',''),(44,50,'ddd','','','',''),(45,51,'KeyeNoua','','','',''),(46,52,'key','','','',''),(47,53,'ddd','','','',''),(48,54,'ddd','','','',''),(49,55,'nume nou','','','',''),(50,56,'nou','nou','nou','',''),(51,57,'quis','aliquam','donec','',''),(52,58,'quis','aliquam','donec','dom',''),(53,59,'quis','aliquam','','',''),(54,60,'quis','aliquam','','',''),(55,61,'quis','donec','','',''),(56,62,'file','your','sample','',''),(57,63,'file','sample','document','',''),(58,64,'amet','vitae','massa','',''),(59,65,'amet','vitae','massa','',''),(60,69,'amet','vitae','massa','',''),(63,72,'amet','vitae','massa','nume',''),(64,73,'file','sample','document','',''),(65,74,'pellentesque','eget','quis','',''),(66,75,'smallpdf','files','well','',''),(67,76,'smallpdf','files','well','',''),(68,77,'smallpdf','files','well','',''),(69,78,'test','file','software','',''),(70,79,'forms','2703','test','',''),(71,80,'forms','2703','test','',''),(72,81,'testfile.org','test','file','',''),(73,82,'testfile.org','test','file','',''),(74,83,'testfile.org','test','file','',''),(75,84,'quis','aliquam','donec','',''),(76,85,'quis','aliquam','donec','',''),(77,86,'lorem','vitae','amet','','');
/*!40000 ALTER TABLE `table_mot_cle` ENABLE KEYS */;
UNLOCK TABLES;

--
-- Table structure for table `table_previlege`
--

DROP TABLE IF EXISTS `table_previlege`;
/*!40101 SET @saved_cs_client     = @@character_set_client */;
/*!50503 SET character_set_client = utf8mb4 */;
CREATE TABLE `table_previlege` (
  `id_previlege` int NOT NULL AUTO_INCREMENT,
  `id_user_fk` int DEFAULT NULL,
  `nom_doc` varchar(255) DEFAULT NULL,
  `download` tinyint(1) DEFAULT '0',
  `upload` tinyint(1) DEFAULT '0',
  `print` tinyint(1) DEFAULT '0',
  `comment` tinyint(1) DEFAULT '0',
  PRIMARY KEY (`id_previlege`),
  KEY `id_user_fk` (`id_user_fk`),
  CONSTRAINT `table_previlege_ibfk_1` FOREIGN KEY (`id_user_fk`) REFERENCES `user` (`id_user`)
) ENGINE=InnoDB AUTO_INCREMENT=637 DEFAULT CHARSET=utf8mb4 COLLATE=utf8mb4_0900_ai_ci;
/*!40101 SET character_set_client = @saved_cs_client */;

--
-- Dumping data for table `table_previlege`
--

LOCK TABLES `table_previlege` WRITE;
/*!40000 ALTER TABLE `table_previlege` DISABLE KEYS */;
INSERT INTO `table_previlege` VALUES (1,14,'sample_report.pdf',1,1,1,1),(2,15,'sample_report.pdf',1,1,1,1),(3,14,'business_plan.pdf',1,1,1,1),(4,15,'business_plan.pdf',1,0,1,0),(5,6,'john_report.pdf',1,1,1,1),(6,6,'shared_document.pdf',1,1,1,1),(7,6,'redaction_scientifique_.pdf',1,1,1,1),(8,6,'redaction_scientifique_.pdf',1,1,1,1),(9,6,'file-sample_150kB.pdf',1,1,1,1),(10,6,'file-sample_150kB.pdf',1,1,1,1),(11,6,'pdf-test.pdf',1,1,1,1),(12,6,'pdf-test.pdf',1,1,1,1),(13,6,'pdf-test.pdf',1,1,1,1),(14,6,'fdfd.pdf',1,1,1,1),(15,6,'pdf-test.pdf',1,1,1,1),(16,6,'1mb.pdf',1,1,1,1),(17,6,'1mb.pdf',1,1,1,1),(18,6,'pdf-test.pdf',1,1,1,1),(19,6,'fdfd.pdf',1,1,1,1),(20,14,'1mb.pdf',1,1,1,1),(21,14,'fdfd.pdf',1,1,1,1),(22,14,'1mb.pdf',1,1,1,1),(23,14,'fdfd.pdf',1,1,1,1),(24,6,'10MB-TESTFILE.ORG.pdf',1,1,1,1),(25,6,'2mb.pdf',1,1,1,1),(26,6,'2mb.pdf',1,1,1,1),(27,6,'_TestPdf_.pdf',1,1,1,1),(28,6,'2mb.pdf',1,1,1,1),(29,6,'_TestPdf_.pdf',1,1,1,1),(30,6,'_TestPdf_.pdf',1,1,1,1),(31,6,'GGWPPasere',1,1,1,1),(32,6,'Nume_Current',1,1,1,1),(33,6,'_v1743423144636.nume document',1,1,1,1),(34,6,'Get_Started_With_Smallpdf.pdf',1,1,1,1),(35,6,'_v1743423144636.nume document',1,1,1,1),(36,6,'260KB.pdf',1,1,1,1),(37,6,'_SmallPdf_Doc_.pdf',1,1,1,1),(38,6,'Get_Started_With_Smallpdf.pdf',1,1,1,1),(39,6,'350KB_v1742910458786_v1742911233149.pdf',1,1,1,1),(40,6,'800KB.pdf',1,1,1,1),(41,6,'350KB_v1742910458786_v1742911233149.pdf',1,1,1,1),(42,6,'PDF_TestPage_v1742913422882.pdf',1,1,1,1),(43,6,'_v1742980455956.NNOU',1,1,1,1),(44,6,'_SmallPdf_Doc__v1742989145460.pdf',1,1,1,1),(45,6,'STatistici_v1743173110409.pdf',1,1,1,1),(46,6,'260KB.pdf',1,1,1,1),(47,6,'800KB.pdf',1,1,1,1),(48,6,'260KB.pdf',1,1,1,1),(49,6,'Astazi_v1743415742424.pdf',1,1,1,1),(50,14,'260KB.pdf',1,1,1,1),(51,18,'sample_report.pdf',1,1,1,0),(52,18,'business_plan.pdf',1,1,1,0),(53,18,'john_report.pdf',1,1,1,0),(54,18,'shared_document.pdf',1,1,1,0),(55,18,'shared_document.pdf',1,1,1,0),(56,18,'hak.pdf',1,1,1,0),(57,18,'redaction_scientifique_.pdf',1,1,1,0),(58,18,'redaction_scientifique_.pdf',1,1,1,0),(59,18,'file-sample_150kB.pdf',1,1,1,0),(60,18,'file-sample_150kB.pdf',1,1,1,0),(61,18,'pdf-test.pdf',1,1,1,0),(62,18,'pdf-test.pdf',1,1,1,0),(63,18,'pdf-test.pdf',1,1,1,0),(64,18,'fdfd.pdf',1,1,1,0),(65,18,'pdf-test.pdf',1,1,1,0),(66,18,'1mb.pdf',1,1,1,0),(67,18,'1mb.pdf',1,1,1,0),(68,18,'pdf-test.pdf',1,1,1,0),(69,18,'fdfd.pdf',1,1,1,0),(70,18,'1mb.pdf',1,1,1,0),(71,18,'fdfd.pdf',1,1,1,0),(72,18,'1mb.pdf',1,1,1,0),(73,18,'fdfd.pdf',1,1,1,0),(74,18,'10MB-TESTFILE.ORG.pdf',1,1,1,0),(75,18,'2mb.pdf',1,1,1,0),(76,18,'2mb.pdf',1,1,1,0),(77,18,'_TestPdf_.pdf',1,1,1,0),(78,18,'2mb.pdf',1,1,1,0),(79,18,'_TestPdf_.pdf',1,1,1,0),(80,18,'_TestPdf_.pdf',1,1,1,0),(81,18,'GGWPPasere',1,1,1,0),(82,18,'Nume_Current',1,1,1,0),(83,18,'_v1743423144636.nume document',1,1,1,0),(84,18,'Get_Started_With_Smallpdf.pdf',1,1,1,0),(85,18,'_v1743423144636.nume document',1,1,1,0),(86,18,'260KB.pdf',1,1,1,0),(87,18,'_SmallPdf_Doc_.pdf',1,1,1,0),(88,18,'Get_Started_With_Smallpdf.pdf',1,1,1,0),(89,18,'350KB_v1742905403099_v1742907999348_v1742908889881.pdf',1,1,1,0),(90,18,'800KB_v1742905074572_v1742906540484_v1742906748330.pdf',1,1,1,0),(91,18,'350KB_v1742910458786_v1742911233149.pdf',1,1,1,0),(92,18,'PDF_TestPage_v1742913422882.pdf',1,1,1,0),(93,18,'_v1742980455956.NNOU',1,1,1,0),(94,18,'_SmallPdf_Doc__v1742989145460.pdf',1,1,1,0),(95,18,'STatistici_v1743173110409.pdf',1,1,1,0),(96,18,'260KB.pdf',1,1,1,0),(97,18,'800KB.pdf',1,1,1,0),(98,18,'260KB.pdf',1,1,1,0),(99,18,'Astazi_v1743415742424.pdf',1,1,1,0),(100,18,'260KB.pdf',1,1,1,0),(101,18,'sample_report.pdf',1,1,1,0),(102,18,'business_plan.pdf',1,1,1,0),(103,18,'john_report.pdf',1,1,1,0),(104,18,'shared_document.pdf',1,1,1,0),(105,18,'shared_document.pdf',1,1,1,0),(106,18,'hak.pdf',1,1,1,0),(107,18,'redaction_scientifique_.pdf',1,1,1,0),(108,18,'redaction_scientifique_.pdf',1,1,1,0),(109,18,'file-sample_150kB.pdf',1,1,1,0),(110,18,'file-sample_150kB.pdf',1,1,1,0),(111,18,'pdf-test.pdf',1,1,1,0),(112,18,'pdf-test.pdf',1,1,1,0),(113,18,'pdf-test.pdf',1,1,1,0),(114,18,'fdfd.pdf',1,1,1,0),(115,18,'pdf-test.pdf',1,1,1,0),(116,18,'1mb.pdf',1,1,1,0),(117,18,'1mb.pdf',1,1,1,0),(118,18,'pdf-test.pdf',1,1,1,0),(119,18,'fdfd.pdf',1,1,1,0),(120,18,'1mb.pdf',1,1,1,0),(121,18,'fdfd.pdf',1,1,1,0),(122,18,'1mb.pdf',1,1,1,0),(123,18,'fdfd.pdf',1,1,1,0),(124,18,'10MB-TESTFILE.ORG.pdf',1,1,1,0),(125,18,'2mb.pdf',1,1,1,0),(126,18,'2mb.pdf',1,1,1,0),(127,18,'_TestPdf_.pdf',1,1,1,0),(128,18,'2mb.pdf',1,1,1,0),(129,18,'_TestPdf_.pdf',1,1,1,0),(130,18,'_TestPdf_.pdf',1,1,1,0),(131,18,'GGWPPasere',1,1,1,0),(132,18,'Nume_Current',1,1,1,0),(133,18,'_v1743423144636.nume document',1,1,1,0),(134,18,'Get_Started_With_Smallpdf.pdf',1,1,1,0),(135,18,'_v1743423144636.nume document',1,1,1,0),(136,18,'260KB.pdf',1,1,1,0),(137,18,'_SmallPdf_Doc_.pdf',1,1,1,0),(138,18,'Get_Started_With_Smallpdf.pdf',1,1,1,0),(139,18,'350KB_v1742905403099_v1742907999348_v1742908889881.pdf',1,1,1,0),(140,18,'800KB_v1742905074572_v1742906540484_v1742906748330.pdf',1,1,1,0),(141,18,'350KB_v1742910458786_v1742911233149.pdf',1,1,1,0),(142,18,'PDF_TestPage_v1742913422882.pdf',1,1,1,0),(143,18,'_v1742980455956.NNOU',1,1,1,0),(144,18,'_SmallPdf_Doc__v1742989145460.pdf',1,1,1,0),(145,18,'STatistici_v1743173110409.pdf',1,1,1,0),(146,18,'260KB.pdf',1,1,1,0),(147,18,'800KB.pdf',1,1,1,0),(148,18,'260KB.pdf',1,1,1,0),(149,18,'Astazi_v1743415742424.pdf',1,1,1,0),(150,18,'260KB.pdf',1,1,1,0),(151,9,'sample_report.pdf',0,0,0,0),(152,9,'business_plan.pdf',0,0,0,0),(153,9,'john_report.pdf',0,0,0,0),(154,9,'shared_document.pdf',0,0,0,0),(155,9,'shared_document.pdf',0,0,0,0),(156,9,'hak.pdf',0,0,0,0),(157,9,'redaction_scientifique_.pdf',0,0,0,0),(158,9,'redaction_scientifique_.pdf',0,0,0,0),(159,9,'file-sample_150kB.pdf',0,0,0,0),(160,9,'file-sample_150kB.pdf',0,0,0,0),(161,9,'pdf-test.pdf',0,0,0,0),(162,9,'pdf-test.pdf',0,0,0,0),(163,9,'pdf-test.pdf',0,0,0,0),(164,9,'fdfd.pdf',0,0,0,0),(165,9,'pdf-test.pdf',0,0,0,0),(166,9,'1mb.pdf',0,0,0,0),(167,9,'1mb.pdf',0,0,0,0),(168,9,'pdf-test.pdf',0,0,0,0),(169,9,'fdfd.pdf',0,0,0,0),(170,9,'1mb.pdf',0,0,0,0),(171,9,'fdfd.pdf',0,0,0,0),(172,9,'1mb.pdf',0,0,0,0),(173,9,'fdfd.pdf',0,0,0,0),(174,9,'10MB-TESTFILE.ORG.pdf',0,0,0,0),(175,9,'2mb.pdf',0,0,0,0),(176,9,'2mb.pdf',0,0,0,0),(177,9,'_TestPdf_.pdf',0,0,0,0),(178,9,'2mb.pdf',0,0,0,0),(179,9,'_TestPdf_.pdf',0,0,0,0),(180,9,'_TestPdf_.pdf',0,0,0,0),(181,9,'GGWPPasere',0,0,0,0),(182,9,'Nume_Current',0,0,0,0),(183,9,'_v1743423144636.nume document',0,0,0,0),(184,9,'Get_Started_With_Smallpdf.pdf',0,0,0,0),(185,9,'_v1743423144636.nume document',0,0,0,0),(186,9,'260KB.pdf',0,0,0,0),(187,9,'_SmallPdf_Doc_.pdf',0,0,0,0),(188,9,'Get_Started_With_Smallpdf.pdf',0,0,0,0),(189,9,'350KB_v1742905403099_v1742907999348_v1742908889881.pdf',0,0,0,0),(190,9,'800KB_v1742905074572_v1742906540484_v1742906748330.pdf',0,0,0,0),(191,9,'350KB_v1742910458786_v1742911233149.pdf',0,0,0,0),(192,9,'PDF_TestPage_v1742913422882.pdf',0,0,0,0),(193,9,'_v1742980455956.NNOU',0,0,0,0),(194,9,'_SmallPdf_Doc__v1742989145460.pdf',0,0,0,0),(195,9,'STatistici_v1743173110409.pdf',0,0,0,0),(196,9,'260KB.pdf',0,0,0,0),(197,9,'800KB.pdf',0,0,0,0),(198,9,'260KB.pdf',0,0,0,0),(199,9,'Astazi_v1743415742424.pdf',0,0,0,0),(200,9,'260KB.pdf',0,0,0,0),(201,18,'sample_report.pdf',1,1,1,0),(202,18,'business_plan.pdf',1,1,1,0),(203,18,'john_report.pdf',1,1,1,0),(204,18,'shared_document.pdf',1,1,1,0),(205,18,'shared_document.pdf',1,1,1,0),(206,18,'hak.pdf',1,1,1,0),(207,18,'redaction_scientifique_.pdf',1,1,1,0),(208,18,'redaction_scientifique_.pdf',1,1,1,0),(209,18,'file-sample_150kB.pdf',1,1,1,0),(210,18,'file-sample_150kB.pdf',1,1,1,0),(211,18,'pdf-test.pdf',1,1,1,0),(212,18,'pdf-test.pdf',1,1,1,0),(213,18,'pdf-test.pdf',1,1,1,0),(214,18,'fdfd.pdf',1,1,1,0),(215,18,'pdf-test.pdf',1,1,1,0),(216,18,'1mb.pdf',1,1,1,0),(217,18,'1mb.pdf',1,1,1,0),(218,18,'pdf-test.pdf',1,1,1,0),(219,18,'fdfd.pdf',1,1,1,0),(220,18,'1mb.pdf',1,1,1,0),(221,18,'fdfd.pdf',1,1,1,0),(222,18,'1mb.pdf',1,1,1,0),(223,18,'fdfd.pdf',1,1,1,0),(224,18,'10MB-TESTFILE.ORG.pdf',1,1,1,0),(225,18,'2mb.pdf',1,1,1,0),(226,18,'2mb.pdf',1,1,1,0),(227,18,'_TestPdf_.pdf',1,1,1,0),(228,18,'2mb.pdf',1,1,1,0),(229,18,'_TestPdf_.pdf',1,1,1,0),(230,18,'_TestPdf_.pdf',1,1,1,0),(231,18,'GGWPPasere',1,1,1,0),(232,18,'Nume_Current',1,1,1,0),(233,18,'_v1743423144636.nume document',1,1,1,0),(234,18,'Get_Started_With_Smallpdf.pdf',1,1,1,0),(235,18,'_v1743423144636.nume document',1,1,1,0),(236,18,'260KB.pdf',1,1,1,0),(237,18,'_SmallPdf_Doc_.pdf',1,1,1,0),(238,18,'Get_Started_With_Smallpdf.pdf',1,1,1,0),(239,18,'350KB_v1742905403099_v1742907999348_v1742908889881.pdf',1,1,1,0),(240,18,'800KB_v1742905074572_v1742906540484_v1742906748330.pdf',1,1,1,0),(241,18,'350KB_v1742910458786_v1742911233149.pdf',1,1,1,0),(242,18,'PDF_TestPage_v1742913422882.pdf',1,1,1,0),(243,18,'_v1742980455956.NNOU',1,1,1,0),(244,18,'_SmallPdf_Doc__v1742989145460.pdf',1,1,1,0),(245,18,'STatistici_v1743173110409.pdf',1,1,1,0),(246,18,'260KB.pdf',1,1,1,0),(247,18,'800KB.pdf',1,1,1,0),(248,18,'260KB.pdf',1,1,1,0),(249,18,'Astazi_v1743415742424.pdf',1,1,1,0),(250,18,'260KB.pdf',1,1,1,0),(251,18,'AndreiPdf_v1743412879118.pdf',1,1,1,1),(252,6,'NewPDF_v1743415878434.pdf',1,1,1,1),(253,15,'sample_report.pdf',1,0,1,0),(254,15,'business_plan.pdf',1,0,1,0),(255,15,'john_report.pdf',1,0,1,0),(256,15,'shared_document.pdf',1,0,1,0),(257,15,'shared_document.pdf',1,0,1,0),(258,15,'hak.pdf',1,0,1,0),(259,15,'redaction_scientifique_.pdf',1,0,1,0),(260,15,'redaction_scientifique_.pdf',1,0,1,0),(261,15,'file-sample_150kB.pdf',1,0,1,0),(262,15,'file-sample_150kB.pdf',1,0,1,0),(263,15,'pdf-test.pdf',1,0,1,0),(264,15,'pdf-test.pdf',1,0,1,0),(265,15,'pdf-test.pdf',1,0,1,0),(266,15,'fdfd.pdf',1,0,1,0),(267,15,'pdf-test.pdf',1,0,1,0),(268,15,'1mb.pdf',1,0,1,0),(269,15,'1mb.pdf',1,0,1,0),(270,15,'pdf-test.pdf',1,0,1,0),(271,15,'fdfd.pdf',1,0,1,0),(272,15,'1mb.pdf',1,0,1,0),(273,15,'fdfd.pdf',1,0,1,0),(274,15,'1mb.pdf',1,0,1,0),(275,15,'fdfd.pdf',1,0,1,0),(276,15,'10MB-TESTFILE.ORG.pdf',1,0,1,0),(277,15,'2mb.pdf',1,0,1,0),(278,15,'2mb.pdf',1,0,1,0),(279,15,'_TestPdf_.pdf',1,0,1,0),(280,15,'2mb.pdf',1,0,1,0),(281,15,'_TestPdf_.pdf',1,0,1,0),(282,15,'_TestPdf_.pdf',1,0,1,0),(283,15,'GGWPPasere',1,0,1,0),(284,15,'Nume_Current',1,0,1,0),(285,15,'_v1743423144636.nume document',1,0,1,0),(286,15,'Get_Started_With_Smallpdf.pdf',1,0,1,0),(287,15,'_v1743423144636.nume document',1,0,1,0),(288,15,'260KB.pdf',1,0,1,0),(289,15,'_SmallPdf_Doc_.pdf',1,0,1,0),(290,15,'Get_Started_With_Smallpdf.pdf',1,0,1,0),(291,15,'350KB_v1742905403099_v1742907999348_v1742908889881.pdf',1,0,1,0),(292,15,'800KB_v1742905074572_v1742906540484_v1742906748330.pdf',1,0,1,0),(293,15,'350KB_v1742910458786_v1742911233149.pdf',1,0,1,0),(294,15,'PDF_TestPage_v1742913422882.pdf',1,0,1,0),(295,15,'_v1742980455956.NNOU',1,0,1,0),(296,15,'_SmallPdf_Doc__v1742989145460.pdf',1,0,1,0),(297,15,'STatistici_v1743173110409.pdf',1,0,1,0),(298,15,'260KB.pdf',1,0,1,0),(299,15,'800KB.pdf',1,0,1,0),(300,15,'260KB.pdf',1,0,1,0),(301,15,'Astazi_v1743415742424.pdf',1,0,1,0),(302,15,'260KB.pdf',1,0,1,0),(303,15,'AndreiPdf_v1743412879118.pdf',1,0,1,0),(304,15,'NewPDF_v1743415878434.pdf',1,0,1,0),(305,19,'sample_report.pdf',1,1,1,0),(306,19,'business_plan.pdf',1,1,1,0),(307,19,'john_report.pdf',1,1,1,0),(308,19,'shared_document.pdf',1,1,1,0),(309,19,'shared_document.pdf',1,1,1,0),(310,19,'hak.pdf',1,1,1,0),(311,19,'redaction_scientifique_.pdf',1,1,1,0),(312,19,'redaction_scientifique_.pdf',1,1,1,0),(313,19,'file-sample_150kB.pdf',1,1,1,0),(314,19,'file-sample_150kB.pdf',1,1,1,0),(315,19,'pdf-test.pdf',1,1,1,0),(316,19,'pdf-test.pdf',1,1,1,0),(317,19,'pdf-test.pdf',1,1,1,0),(318,19,'fdfd.pdf',1,1,1,0),(319,19,'pdf-test.pdf',1,1,1,0),(320,19,'1mb.pdf',1,1,1,0),(321,19,'1mb.pdf',1,1,1,0),(322,19,'pdf-test.pdf',1,1,1,0),(323,19,'fdfd.pdf',1,1,1,0),(324,19,'1mb.pdf',1,1,1,0),(325,19,'fdfd.pdf',1,1,1,0),(326,19,'1mb.pdf',1,1,1,0),(327,19,'fdfd.pdf',1,1,1,0),(328,19,'10MB-TESTFILE.ORG.pdf',1,1,1,0),(329,19,'2mb.pdf',1,1,1,0),(330,19,'2mb.pdf',1,1,1,0),(331,19,'_TestPdf_.pdf',1,1,1,0),(332,19,'2mb.pdf',1,1,1,0),(333,19,'_TestPdf_.pdf',1,1,1,0),(334,19,'_TestPdf_.pdf',1,1,1,0),(335,19,'GGWPPasere',1,1,1,0),(336,19,'Nume_Current',1,1,1,0),(337,19,'_v1743423144636.nume document',1,1,1,0),(338,19,'Get_Started_With_Smallpdf.pdf',1,1,1,0),(339,19,'_v1743423144636.nume document',1,1,1,0),(340,19,'260KB.pdf',1,1,1,0),(341,19,'_SmallPdf_Doc_.pdf',1,1,1,0),(342,19,'Get_Started_With_Smallpdf.pdf',1,1,1,0),(343,19,'350KB_v1742905403099_v1742907999348_v1742908889881.pdf',1,1,1,0),(344,19,'800KB_v1742905074572_v1742906540484_v1742906748330.pdf',1,1,1,0),(345,19,'350KB_v1742910458786_v1742911233149.pdf',1,1,1,0),(346,19,'PDF_TestPage_v1742913422882.pdf',1,1,1,0),(347,19,'_v1742980455956.NNOU',1,1,1,0),(348,19,'_SmallPdf_Doc__v1742989145460.pdf',1,1,1,0),(349,19,'STatistici_v1743173110409.pdf',1,1,1,0),(350,19,'260KB.pdf',1,1,1,0),(351,19,'800KB.pdf',1,1,1,0),(352,19,'260KB.pdf',1,1,1,0),(353,19,'Astazi_v1743415742424.pdf',1,1,1,0),(354,19,'260KB.pdf',1,1,1,0),(355,19,'AndreiPdf_v1743412879118.pdf',1,1,1,0),(356,19,'NewPDF_v1743415878434.pdf',1,1,1,0),(357,19,'_v1743423144636.nume document',1,1,1,1),(358,18,'_v1_archived.pdf',1,1,1,1),(359,18,'_v1743423144636.nume document',1,1,1,1),(360,18,'350KB_v1743423461553.pdf',1,1,1,1),(361,15,'sample_report.pdf',1,0,1,0),(362,15,'business_plan.pdf',1,0,1,0),(363,15,'john_report.pdf',1,0,1,0),(364,15,'shared_document.pdf',1,0,1,0),(365,15,'shared_document.pdf',1,0,1,0),(366,15,'hak.pdf',1,0,1,0),(367,15,'redaction_scientifique_.pdf',1,0,1,0),(368,15,'redaction_scientifique_.pdf',1,0,1,0),(369,15,'file-sample_150kB.pdf',1,0,1,0),(370,15,'file-sample_150kB.pdf',1,0,1,0),(371,15,'pdf-test.pdf',1,0,1,0),(372,15,'pdf-test.pdf',1,0,1,0),(373,15,'pdf-test.pdf',1,0,1,0),(374,15,'fdfd.pdf',1,0,1,0),(375,15,'pdf-test.pdf',1,0,1,0),(376,15,'1mb.pdf',1,0,1,0),(377,15,'1mb.pdf',1,0,1,0),(378,15,'pdf-test.pdf',1,0,1,0),(379,15,'fdfd.pdf',1,0,1,0),(380,15,'1mb.pdf',1,0,1,0),(381,15,'fdfd.pdf',1,0,1,0),(382,15,'1mb.pdf',1,0,1,0),(383,15,'fdfd.pdf',1,0,1,0),(384,15,'10MB-TESTFILE.ORG.pdf',1,0,1,0),(385,15,'2mb.pdf',1,0,1,0),(386,15,'2mb.pdf',1,0,1,0),(387,15,'_TestPdf_.pdf',1,0,1,0),(388,15,'2mb.pdf',1,0,1,0),(389,15,'_TestPdf_.pdf',1,0,1,0),(390,15,'_TestPdf_.pdf',1,0,1,0),(391,15,'GGWPPasere',1,0,1,0),(392,15,'Nume_Current',1,0,1,0),(393,15,'_v1743423144636.nume document',1,0,1,0),(394,15,'Get_Started_With_Smallpdf.pdf',1,0,1,0),(395,15,'_FFFF_.pdf',1,0,1,0),(396,15,'260KB.pdf',1,0,1,0),(397,15,'_SmallPdf_Doc_.pdf',1,0,1,0),(398,15,'Get_Started_With_Smallpdf.pdf',1,0,1,0),(399,15,'350KB_v1742905403099_v1742907999348_v1742908889881.pdf',1,0,1,0),(400,15,'800KB_v1742905074572_v1742906540484_v1742906748330.pdf',1,0,1,0),(401,15,'350KB_v1742910458786_v1742911233149.pdf',1,0,1,0),(402,15,'PDF_TestPage_v1742913422882.pdf',1,0,1,0),(403,15,'_v1742980455956.NNOU',1,0,1,0),(404,15,'_SmallPdf_Doc__v1742989145460.pdf',1,0,1,0),(405,15,'STatistici_v1743173110409.pdf',1,0,1,0),(406,15,'260KB.pdf',1,0,1,0),(407,15,'800KB.pdf',1,0,1,0),(408,15,'260KB.pdf',1,0,1,0),(409,15,'Astazi_v1743415742424.pdf',1,0,1,0),(410,15,'260KB.pdf',1,0,1,0),(411,15,'AndreiPdf_v1743412879118.pdf',1,0,1,0),(412,15,'NewPDF_v1743415878434.pdf',1,0,1,0),(413,15,'_FFFF_.pdf',1,0,1,0),(414,15,'_v13_restored.pdf',1,0,1,0),(415,15,'_FFFF_.pdf',1,0,1,0),(416,15,'_v3_restored.pdf',1,0,1,0),(417,15,'sample_report.pdf',0,0,0,0),(418,15,'business_plan.pdf',0,0,0,0),(419,15,'john_report.pdf',0,0,0,0),(420,15,'shared_document.pdf',0,0,0,0),(421,15,'shared_document.pdf',0,0,0,0),(422,15,'hak.pdf',0,0,0,0),(423,15,'redaction_scientifique_.pdf',0,0,0,0),(424,15,'redaction_scientifique_.pdf',0,0,0,0),(425,15,'file-sample_150kB.pdf',0,0,0,0),(426,15,'file-sample_150kB.pdf',0,0,0,0),(427,15,'pdf-test.pdf',0,0,0,0),(428,15,'pdf-test.pdf',0,0,0,0),(429,15,'pdf-test.pdf',0,0,0,0),(430,15,'fdfd.pdf',0,0,0,0),(431,15,'pdf-test.pdf',0,0,0,0),(432,15,'1mb.pdf',0,0,0,0),(433,15,'1mb.pdf',0,0,0,0),(434,15,'pdf-test.pdf',0,0,0,0),(435,15,'fdfd.pdf',0,0,0,0),(436,15,'1mb.pdf',0,0,0,0),(437,15,'fdfd.pdf',0,0,0,0),(438,15,'1mb.pdf',0,0,0,0),(439,15,'fdfd.pdf',0,0,0,0),(440,15,'10MB-TESTFILE.ORG.pdf',0,0,0,0),(441,15,'2mb.pdf',0,0,0,0),(442,15,'2mb.pdf',0,0,0,0),(443,15,'_TestPdf_.pdf',0,0,0,0),(444,15,'2mb.pdf',0,0,0,0),(445,15,'_TestPdf_.pdf',0,0,0,0),(446,15,'_TestPdf_.pdf',0,0,0,0),(447,15,'GGWPPasere',0,0,0,0),(448,15,'Nume_Current',0,0,0,0),(449,15,'_v1743423144636.nume document',0,0,0,0),(450,15,'Get_Started_With_Smallpdf.pdf',0,0,0,0),(451,15,'_FFFF_.pdf',0,0,0,0),(452,15,'260KB.pdf',0,0,0,0),(453,15,'_SmallPdf_Doc_.pdf',0,0,0,0),(454,15,'Get_Started_With_Smallpdf.pdf',0,0,0,0),(455,15,'350KB_v1742905403099_v1742907999348_v1742908889881.pdf',0,0,0,0),(456,15,'800KB_v1742905074572_v1742906540484_v1742906748330.pdf',0,0,0,0),(457,15,'350KB_v1742910458786_v1742911233149.pdf',0,0,0,0),(458,15,'PDF_TestPage_v1742913422882.pdf',0,0,0,0),(459,15,'_v1742980455956.NNOU',0,0,0,0),(460,15,'_SmallPdf_Doc__v1742989145460.pdf',0,0,0,0),(461,15,'STatistici_v1743173110409.pdf',0,0,0,0),(462,15,'260KB.pdf',0,0,0,0),(463,15,'800KB.pdf',0,0,0,0),(464,15,'260KB.pdf',0,0,0,0),(465,15,'Astazi_v1743415742424.pdf',0,0,0,0),(466,15,'260KB.pdf',0,0,0,0),(467,15,'AndreiPdf_v1743412879118.pdf',0,0,0,0),(468,15,'NewPDF_v1743415878434.pdf',0,0,0,0),(469,15,'_FFFF_.pdf',0,0,0,0),(470,15,'_v13_restored.pdf',0,0,0,0),(471,15,'_FFFF_.pdf',0,0,0,0),(472,15,'_v3_restored.pdf',0,0,0,0),(473,6,'350KB.pdf',1,1,1,1),(474,6,'350KB.pdf',1,1,1,1),(475,6,'350KB.pdf',1,1,1,1),(476,6,'350KB.pdf',1,1,1,1),(477,6,'350KB.pdf',1,1,1,1),(478,6,'2mb.pdf',1,1,1,1),(479,15,'sample_report.pdf',0,0,0,0),(480,15,'business_plan.pdf',0,0,0,0),(481,15,'john_report.pdf',0,0,0,0),(482,15,'shared_document.pdf',0,0,0,0),(483,15,'shared_document.pdf',0,0,0,0),(484,15,'hak.pdf',0,0,0,0),(485,15,'redaction_scientifique_.pdf',0,0,0,0),(486,15,'redaction_scientifique_.pdf',0,0,0,0),(487,15,'file-sample_150kB.pdf',0,0,0,0),(488,15,'file-sample_150kB.pdf',0,0,0,0),(489,15,'pdf-test.pdf',0,0,0,0),(490,15,'pdf-test.pdf',0,0,0,0),(491,15,'pdf-test.pdf',0,0,0,0),(492,15,'fdfd.pdf',0,0,0,0),(493,15,'pdf-test.pdf',0,0,0,0),(494,15,'1mb.pdf',0,0,0,0),(495,15,'1mb.pdf',0,0,0,0),(496,15,'pdf-test.pdf',0,0,0,0),(497,15,'fdfd.pdf',0,0,0,0),(498,15,'1mb.pdf',0,0,0,0),(499,15,'fdfd.pdf',0,0,0,0),(500,15,'1mb.pdf',0,0,0,0),(501,15,'fdfd.pdf',0,0,0,0),(502,15,'10MB-TESTFILE.ORG.pdf',0,0,0,0),(503,15,'2mb.pdf',0,0,0,0),(504,15,'2mb.pdf',0,0,0,0),(505,15,'_TestPdf_.pdf',0,0,0,0),(506,15,'2mb.pdf',0,0,0,0),(507,15,'_TestPdf_.pdf',0,0,0,0),(508,15,'_TestPdf_.pdf',0,0,0,0),(509,15,'GGWPPasere',0,0,0,0),(510,15,'Nume_Current',0,0,0,0),(511,15,'_v1743423144636.nume document',0,0,0,0),(512,15,'Get_Started_With_Smallpdf.pdf',0,0,0,0),(513,15,'_FFFF_.pdf',0,0,0,0),(514,15,'260KB.pdf',0,0,0,0),(515,15,'_SmallPdf_Doc_.pdf',0,0,0,0),(516,15,'Get_Started_With_Smallpdf.pdf',0,0,0,0),(517,15,'350KB_v1742905403099_v1742907999348_v1742908889881.pdf',0,0,0,0),(518,15,'800KB_v1742905074572_v1742906540484_v1742906748330.pdf',0,0,0,0),(519,15,'350KB_v1742910458786_v1742911233149.pdf',0,0,0,0),(520,15,'PDF_TestPage_v1742913422882.pdf',0,0,0,0),(521,15,'_v1742980455956.NNOU',0,0,0,0),(522,15,'_SmallPdf_Doc__v1742989145460.pdf',0,0,0,0),(523,15,'STatistici_v1743173110409.pdf',0,0,0,0),(524,15,'260KB.pdf',0,0,0,0),(525,15,'800KB.pdf',0,0,0,0),(526,15,'260KB.pdf',0,0,0,0),(527,15,'Astazi_v1743415742424.pdf',0,0,0,0),(528,15,'260KB.pdf',0,0,0,0),(529,15,'AndreiPdf_v1743412879118.pdf',0,0,0,0),(530,15,'NewPDF_v1743415878434.pdf',0,0,0,0),(531,15,'_FFFF_.pdf',0,0,0,0),(532,15,'_v13_restored.pdf',0,0,0,0),(533,15,'_FFFF_.pdf',0,0,0,0),(534,15,'_v3_restored.pdf',0,0,0,0),(535,15,'350KB.pdf',0,0,0,0),(536,15,'350KB.pdf',0,0,0,0),(537,15,'350KB.pdf',0,0,0,0),(538,15,'350KB.pdf',0,0,0,0),(539,15,'350KB.pdf',0,0,0,0),(540,15,'2mb.pdf',0,0,0,0),(541,15,'1mb.pdf',0,0,0,0),(542,15,'STATE.pdf',0,0,0,0),(543,15,'STATEss.pdf',0,0,0,0),(544,15,'STATELE.pdf',0,0,0,0),(545,15,'STATELE2.pdf',0,0,0,0),(546,15,'STATELE33.pdf',0,0,0,0),(547,15,'STATELE212.pdf',0,0,0,0),(548,15,'STAT2022.pdf',0,0,0,0),(549,15,'PdfNouNout.pdf',0,0,0,0),(550,15,'NUmededocuemetn.pdf',0,0,0,0),(551,15,'TestPDFToday.pdf',0,0,0,0),(552,15,'TESTFunc.pdf',0,0,0,0),(553,15,'Watermark.pdf',0,0,0,0),(554,15,'PDF_TestPage.pdf',0,0,0,0),(555,15,'sample_report.pdf',0,0,0,0),(556,15,'business_plan.pdf',0,0,0,0),(557,15,'john_report.pdf',0,0,0,0),(558,15,'shared_document.pdf',0,0,0,0),(559,15,'shared_document.pdf',0,0,0,0),(560,15,'hak.pdf',0,0,0,0),(561,15,'redaction_scientifique_.pdf',0,0,0,0),(562,15,'redaction_scientifique_.pdf',0,0,0,0),(563,15,'file-sample_150kB.pdf',0,0,0,0),(564,15,'file-sample_150kB.pdf',0,0,0,0),(565,15,'pdf-test.pdf',0,0,0,0),(566,15,'pdf-test.pdf',0,0,0,0),(567,15,'pdf-test.pdf',0,0,0,0),(568,15,'fdfd.pdf',0,0,0,0),(569,15,'pdf-test.pdf',0,0,0,0),(570,15,'1mb.pdf',0,0,0,0),(571,15,'1mb.pdf',0,0,0,0),(572,15,'pdf-test.pdf',0,0,0,0),(573,15,'fdfd.pdf',0,0,0,0),(574,15,'1mb.pdf',0,0,0,0),(575,15,'fdfd.pdf',0,0,0,0),(576,15,'1mb.pdf',0,0,0,0),(577,15,'fdfd.pdf',0,0,0,0),(578,15,'10MB-TESTFILE.ORG.pdf',0,0,0,0),(579,15,'2mb.pdf',0,0,0,0),(580,15,'2mb.pdf',0,0,0,0),(581,15,'_TestPdf_.pdf',0,0,0,0),(582,15,'2mb.pdf',0,0,0,0),(583,15,'_TestPdf_.pdf',0,0,0,0),(584,15,'_TestPdf_.pdf',0,0,0,0),(585,15,'GGWPPasere',0,0,0,0),(586,15,'Nume_Current',0,0,0,0),(587,15,'_v1743423144636.nume document',0,0,0,0),(588,15,'Get_Started_With_Smallpdf.pdf',0,0,0,0),(589,15,'_FFFF_.pdf',0,0,0,0),(590,15,'260KB.pdf',0,0,0,0),(591,15,'_SmallPdf_Doc_.pdf',0,0,0,0),(592,15,'Get_Started_With_Smallpdf.pdf',0,0,0,0),(593,15,'350KB_v1742905403099_v1742907999348_v1742908889881.pdf',0,0,0,0),(594,15,'800KB_v1742905074572_v1742906540484_v1742906748330.pdf',0,0,0,0),(595,15,'350KB_v1742910458786_v1742911233149.pdf',0,0,0,0),(596,15,'PDF_TestPage_v1742913422882.pdf',0,0,0,0),(597,15,'_v1742980455956.NNOU',0,0,0,0),(598,15,'_SmallPdf_Doc__v1742989145460.pdf',0,0,0,0),(599,15,'STatistici_v1743173110409.pdf',0,0,0,0),(600,15,'260KB.pdf',0,0,0,0),(601,15,'800KB.pdf',0,0,0,0),(602,15,'260KB.pdf',0,0,0,0),(603,15,'Astazi_v1743415742424.pdf',0,0,0,0),(604,15,'260KB.pdf',0,0,0,0),(605,15,'AndreiPdf_v1743412879118.pdf',0,0,0,0),(606,15,'NewPDF_v1743415878434.pdf',0,0,0,0),(607,15,'_FFFF_.pdf',0,0,0,0),(608,15,'_v13_restored.pdf',0,0,0,0),(609,15,'_FFFF_.pdf',0,0,0,0),(610,15,'_v3_restored.pdf',0,0,0,0),(611,15,'350KB.pdf',0,0,0,0),(612,15,'350KB.pdf',0,0,0,0),(613,15,'350KB.pdf',0,0,0,0),(614,15,'350KB.pdf',0,0,0,0),(615,15,'350KB.pdf',0,0,0,0),(616,15,'2mb.pdf',0,0,0,0),(617,15,'1mb.pdf',0,0,0,0),(618,15,'STATE.pdf',0,0,0,0),(619,15,'STATEss.pdf',0,0,0,0),(620,15,'STATELE.pdf',0,0,0,0),(621,15,'STATELE2.pdf',0,0,0,0),(622,15,'STATELE33.pdf',0,0,0,0),(623,15,'STATELE212.pdf',0,0,0,0),(624,15,'STAT2022.pdf',0,0,0,0),(625,15,'PdfNouNout.pdf',0,0,0,0),(626,15,'NUmededocuemetn.pdf',0,0,0,0),(627,15,'TestPDFToday.pdf',0,0,0,0),(628,15,'TESTFunc.pdf',0,0,0,0),(629,15,'Watermark.pdf',0,0,0,0),(630,15,'PDF_TestPage.pdf',0,0,0,0),(631,15,'loggg.pdf',0,0,0,0),(632,15,'Feonix.pdf',0,0,0,0),(633,15,'pdfmare.pdf',0,0,0,0),(634,15,'testmemorie.pdf',0,0,0,0),(635,15,'testmemoriemax.pdf',0,0,0,0),(636,15,'astamerge.pdf',0,0,0,0);
/*!40000 ALTER TABLE `table_previlege` ENABLE KEYS */;
UNLOCK TABLES;

--
-- Table structure for table `user`
--

DROP TABLE IF EXISTS `user`;
/*!40101 SET @saved_cs_client     = @@character_set_client */;
/*!50503 SET character_set_client = utf8mb4 */;
CREATE TABLE `user` (
  `id_user` int NOT NULL AUTO_INCREMENT,
  `prenom` varchar(50) DEFAULT NULL,
  `nom` varchar(50) DEFAULT NULL,
  `email` varchar(100) NOT NULL,
  `password` varchar(255) DEFAULT NULL,
  `diffuse` tinyint(1) DEFAULT '0',
  `upload` tinyint(1) DEFAULT '0',
  `download` tinyint(1) DEFAULT '0',
  `print` tinyint(1) DEFAULT '0',
  `roles` varchar(20) DEFAULT 'user',
  `accepted` tinyint(1) DEFAULT '0',
  `verified` tinyint(1) DEFAULT '0',
  PRIMARY KEY (`id_user`),
  UNIQUE KEY `email` (`email`)
) ENGINE=InnoDB AUTO_INCREMENT=20 DEFAULT CHARSET=utf8mb4 COLLATE=utf8mb4_0900_ai_ci;
/*!40101 SET character_set_client = @saved_cs_client */;

--
-- Dumping data for table `user`
--

LOCK TABLES `user` WRITE;
/*!40000 ALTER TABLE `user` DISABLE KEYS */;
INSERT INTO `user` VALUES (1,'Admin','System','admin@example.com','$2b$10$qqka0E2SE1vltY1WfhwBleZ0R9IGD7iHVSI2b84ZIMcPiSXki51z',1,1,1,1,'admin',1,1),(2,'test','test2','test2@gmail.com','$2b$10$AzPXN0dFmDfe.YgwrepOa.ai2GksXyXtv45UkOK9nC//WRblZQ9Tm',1,1,0,1,'responsable',1,0),(3,'ccccc','dddd','cd@gmail.com','$2b$10$W5dsHBgUr0WSfjE./N0JZO33neqJgMoMdyOu/tdTu84BG3j9ooA5C',0,1,1,0,'user',1,0),(4,'John','Doe','john@example.com','b/GE9McQEPG',1,1,1,1,'user',1,1),(5,'Jane','Smith','jane@example.com','b/GE9McQEPG',0,0,0,0,'user',0,1),(6,'John','Doe','john.doe@example.com','$2b$10$6Zi5tfLoct.dvZrjr78OL.1uHan9T/cX2v1.cDmrtueWOmRgB8JSq',1,1,1,1,'user',1,1),(9,'dgfd','fdgdfgdfg','dfgdfg','$2b$10$4a.pin8oy84CxE27jKljBeXrFvMcYUUybZEyl52bXjk./5uAGcVya',0,0,0,0,'user',0,1),(14,'Alex','Smith','alex.smith@example.com','$2b$10$6Zi5tfLoct.dvZrjr78OL.1uHan9T/cX2v1.cDmrtueWOmRgB8JSq',1,1,1,1,'user',1,1),(15,'Maria','Garcia','maria.garcia@example.com','$2b$10$6Zi5tfLoct.dvZrjr78OL.1uHan9T/cX2v1.cDmrtueWOmRgB8JSq',0,1,1,1,'user',1,1),(17,'System','Admin','admin2@example.com','$2b$10$t2mah5/R2eA/UTJCBD2w/.26tkqwkNKo9N.e1Xwp6tO4HSGrn9.Ty',1,1,1,1,'admin',1,1),(18,'Andrei','Muncioiu','andrei@gmail.com','$2b$10$MwLz/ChGgUDSs7aX6FlofuOUYjidZ8TVcfXydBz2hkM4RZJXBQidm',1,1,1,1,'user',1,1),(19,'pasere','alex','alex@gmail.com','$2b$10$JciuKtaGhuWaHRKJuufHR.OWmmTaKlPSJTw8LibTLsMHk1fpt386i',1,1,1,1,'user',1,1);
/*!40000 ALTER TABLE `user` ENABLE KEYS */;
UNLOCK TABLES;

--
-- Table structure for table `user_logs`
--

DROP TABLE IF EXISTS `user_logs`;
/*!40101 SET @saved_cs_client     = @@character_set_client */;
/*!50503 SET character_set_client = utf8mb4 */;
CREATE TABLE `user_logs` (
  `id` int NOT NULL AUTO_INCREMENT,
  `user_id` int NOT NULL,
  `action` varchar(255) NOT NULL,
  `details` text,
  `created_at` timestamp NULL DEFAULT CURRENT_TIMESTAMP,
  PRIMARY KEY (`id`),
  KEY `user_id` (`user_id`),
  CONSTRAINT `user_logs_ibfk_1` FOREIGN KEY (`user_id`) REFERENCES `user` (`id_user`)
) ENGINE=InnoDB AUTO_INCREMENT=22 DEFAULT CHARSET=utf8mb4 COLLATE=utf8mb4_0900_ai_ci;
/*!40101 SET character_set_client = @saved_cs_client */;

--
-- Dumping data for table `user_logs`
--

LOCK TABLES `user_logs` WRITE;
/*!40000 ALTER TABLE `user_logs` DISABLE KEYS */;
INSERT INTO `user_logs` VALUES (1,6,'UPLOAD_DOCUMENT','Uploaded document: PDF_TestPage.pdf','2025-04-04 06:12:19'),(2,6,'UPLOAD_DOCUMENT','Uploaded document: loggg.pdf','2025-04-04 06:28:54'),(3,6,'DOCUMENT_DOWNLOAD','{\"documentName\":\"loggg\",\"documentId\":79,\"action\":\"download\"}','2025-04-04 06:34:18'),(4,6,'Download Document','Downloaded document: loggg','2025-04-04 06:35:50'),(5,6,'Download Document','Downloaded document: PDF_TestPage','2025-04-04 06:35:50'),(6,6,'Download Document','Downloaded document: loggg','2025-04-04 06:43:34'),(7,19,'UPLOAD_DOCUMENT','Uploaded document: Feonix.pdf','2025-04-04 06:59:44'),(8,19,'Download Document','Downloaded document: Feonix','2025-04-04 06:59:53'),(9,6,'UPLOAD_DOCUMENT','Uploaded document: pdfmare.pdf','2025-04-04 08:00:35'),(10,6,'Download Document','Downloaded document: pdfmare','2025-04-04 08:16:14'),(11,6,'UPLOAD_DOCUMENT','Uploaded document: testmemorie.pdf','2025-04-04 08:34:21'),(12,6,'UPLOAD_DOCUMENT','Uploaded document: testmemoriemax.pdf','2025-04-04 08:44:48'),(13,6,'UPLOAD_DOCUMENT','Uploaded document: astamerge.pdf','2025-04-04 08:58:03'),(14,6,'Download Document','Downloaded document: testmemorie','2025-04-04 11:07:30'),(15,6,'Download Document','Downloaded document: astamerge','2025-04-04 12:21:29'),(16,6,'UPLOAD_DOCUMENT','Uploaded document: Degeaba.pdf','2025-04-04 12:26:06'),(17,6,'Download Document','Downloaded document: Degeaba','2025-04-04 12:26:18'),(18,6,'Download Document','Downloaded document: testmemorie','2025-04-04 13:11:25'),(19,6,'UPLOAD_DOCUMENT','Uploaded document: ComunTest.pdf','2025-04-04 13:12:23'),(20,6,'Download Document','Downloaded document: ComunTest','2025-04-04 13:12:58'),(21,6,'Download Document','Downloaded document: ComunTest','2025-04-04 13:24:53');
/*!40000 ALTER TABLE `user_logs` ENABLE KEYS */;
UNLOCK TABLES;
/*!40103 SET TIME_ZONE=@OLD_TIME_ZONE */;

/*!40101 SET SQL_MODE=@OLD_SQL_MODE */;
/*!40014 SET FOREIGN_KEY_CHECKS=@OLD_FOREIGN_KEY_CHECKS */;
/*!40014 SET UNIQUE_CHECKS=@OLD_UNIQUE_CHECKS */;
/*!40101 SET CHARACTER_SET_CLIENT=@OLD_CHARACTER_SET_CLIENT */;
/*!40101 SET CHARACTER_SET_RESULTS=@OLD_CHARACTER_SET_RESULTS */;
/*!40101 SET COLLATION_CONNECTION=@OLD_COLLATION_CONNECTION */;
/*!40111 SET SQL_NOTES=@OLD_SQL_NOTES */;

-- Dump completed on 2025-04-04 16:46:44
