-- MySQL dump 10.13  Distrib 8.0.41, for macos15 (x86_64)
--
-- Host: 127.0.0.1    Database: digital_documents_db
-- ------------------------------------------------------
-- Server version	9.3.0

/*!40101 SET @OLD_CHARACTER_SET_CLIENT=@@CHARACTER_SET_CLIENT */;
/*!40101 SET @OLD_CHARACTER_SET_RESULTS=@@CHARACTER_SET_RESULTS */;
/*!40101 SET @OLD_COLLATION_CONNECTION=@@COLLATION_CONNECTION */;
/*!50503 SET NAMES utf8 */;
/*!40103 SET @OLD_TIME_ZONE=@@TIME_ZONE */;
/*!40103 SET TIME_ZONE='+00:00' */;
/*!40014 SET @OLD_UNIQUE_CHECKS=@@UNIQUE_CHECKS, UNIQUE_CHECKS=0 */;
/*!40014 SET @OLD_FOREIGN_KEY_CHECKS=@@FOREIGN_KEY_CHECKS, FOREIGN_KEY_CHECKS=0 */;
/*!40101 SET @OLD_SQL_MODE=@@SQL_MODE, SQL_MODE='NO_AUTO_VALUE_ON_ZERO' */;
/*!40111 SET @OLD_SQL_NOTES=@@SQL_NOTES, SQL_NOTES=0 */;

--
-- Table structure for table `deleted_documents`
--

DROP TABLE IF EXISTS `deleted_documents`;
/*!40101 SET @saved_cs_client     = @@character_set_client */;
/*!50503 SET character_set_client = utf8mb4 */;
CREATE TABLE `deleted_documents` (
  `id_document` int NOT NULL AUTO_INCREMENT,
  `nom_document` varchar(255) NOT NULL,
  `path` varchar(255) NOT NULL,
  `type_id` int DEFAULT NULL,
  `date_upload` timestamp NULL DEFAULT NULL,
  `comment` text,
  `id_user_source` int DEFAULT NULL,
  `deleted_at` timestamp NULL DEFAULT CURRENT_TIMESTAMP,
  `file_size` bigint DEFAULT '0',
  `nom_document_original` varchar(255) DEFAULT NULL,
  PRIMARY KEY (`id_document`)
) ENGINE=InnoDB AUTO_INCREMENT=534 DEFAULT CHARSET=utf8mb4 COLLATE=utf8mb4_0900_ai_ci;
/*!40101 SET character_set_client = @saved_cs_client */;

--
-- Dumping data for table `deleted_documents`
--

LOCK TABLES `deleted_documents` WRITE;
/*!40000 ALTER TABLE `deleted_documents` DISABLE KEYS */;
INSERT INTO `deleted_documents` VALUES (108,'AiciEsteCorect.pdf','AlexFolder/AlexTypeTest',27,'2025-04-07 10:27:43','dsadasdasdasd',6,'2025-04-08 08:02:52',0,NULL),(111,'AiciEsteBiness.pdf','AlexFolder/AlexTypeTest',27,'2025-04-07 10:37:55','Comments',6,'2025-04-08 08:02:46',0,NULL),(123,'testdeupload2.pdf','AlexFolder/AlexTypeTest',27,'2025-04-08 04:16:32','',6,'2025-04-08 08:02:35',0,NULL),(242,'DeSters.pdf','tt/Classified Documents',11,'2025-04-15 08:07:53','dsdsdsdsd',6,'2025-04-15 11:18:02',366242,NULL),(245,'SterAndrei.pdf','t1/Others',11,'2025-04-15 08:47:22','sdaasdasasdsa',18,'2025-04-15 11:47:38',0,NULL),(251,'SYNCCC.pdf','tt',26,'2025-04-16 04:43:50','cccccomnet',18,'2025-04-23 12:24:27',1664464,'SYNCCC'),(275,'Muncioiu_AndreiLaurentiu_Resume.pdf','Scoala Dabuleni/AlexFolder',1,'2025-04-16 11:23:14','Uploaded via Sync Agent',6,'2025-05-08 08:17:37',94387,'Muncioiu_AndreiLaurentiu_Resume.pdf'),(460,'garcia.pdf','Scoala Dabuleni/AlexFolder',27,'2025-05-07 04:14:35','',6,'2025-05-08 08:17:51',13206,'garcia'),(492,'Cerere nicoaie iorga napoleon.pdf','uploads/Scoala Dabuleni/AlexFolder/TipDeNew/ddddd/ssssss/GRFSS',1,'2025-05-13 05:38:11','Uploaded via DMSBox',25,'2025-05-15 12:06:40',223751,'Cerere nicoaie iorga napoleon.pdf'),(513,'Society excited by cottage.pdf','Scoala Dabuleni/FolderTest33/DMFG',1,'2025-05-13 07:59:48','Uploaded via DMSBox',25,'2025-05-16 09:13:24',855010,'Society excited by cottage.pdf');
/*!40000 ALTER TABLE `deleted_documents` ENABLE KEYS */;
UNLOCK TABLES;

--
-- Table structure for table `deleted_folders`
--

DROP TABLE IF EXISTS `deleted_folders`;
/*!40101 SET @saved_cs_client     = @@character_set_client */;
/*!50503 SET character_set_client = utf8mb4 */;
CREATE TABLE `deleted_folders` (
  `id` int NOT NULL AUTO_INCREMENT,
  `folder_id` int DEFAULT NULL,
  `folder_name` varchar(255) NOT NULL,
  `folder_path` varchar(255) NOT NULL,
  `created_by` int DEFAULT NULL,
  `institution_id` int DEFAULT NULL,
  `is_private` tinyint DEFAULT '0',
  `created_at` timestamp NULL DEFAULT CURRENT_TIMESTAMP,
  `deleted_by` int DEFAULT NULL,
  `deleted_at` timestamp NULL DEFAULT CURRENT_TIMESTAMP,
  PRIMARY KEY (`id`)
) ENGINE=InnoDB AUTO_INCREMENT=80 DEFAULT CHARSET=utf8mb4 COLLATE=utf8mb4_0900_ai_ci;
/*!40101 SET character_set_client = @saved_cs_client */;

--
-- Dumping data for table `deleted_folders`
--

LOCK TABLES `deleted_folders` WRITE;
/*!40000 ALTER TABLE `deleted_folders` DISABLE KEYS */;
/*!40000 ALTER TABLE `deleted_folders` ENABLE KEYS */;
UNLOCK TABLES;

--
-- Table structure for table `deleted_versions`
--

DROP TABLE IF EXISTS `deleted_versions`;
/*!40101 SET @saved_cs_client     = @@character_set_client */;
/*!50503 SET character_set_client = utf8mb4 */;
CREATE TABLE `deleted_versions` (
  `id_version` int NOT NULL AUTO_INCREMENT,
  `id_document` int NOT NULL,
  `id_institution` int NOT NULL,
  `file_path` varchar(255) COLLATE utf8mb4_unicode_ci NOT NULL,
  `file_size` bigint DEFAULT NULL,
  `version_number` int NOT NULL,
  `version_name` varchar(255) COLLATE utf8mb4_unicode_ci NOT NULL,
  `tags` json DEFAULT NULL,
  `comment` text COLLATE utf8mb4_unicode_ci,
  `original_document_name` varchar(255) COLLATE utf8mb4_unicode_ci NOT NULL,
  `change_summary` text COLLATE utf8mb4_unicode_ci,
  `created_by` int NOT NULL,
  `created_at` datetime DEFAULT CURRENT_TIMESTAMP,
  `is_current` tinyint(1) DEFAULT '0',
  `is_archived` tinyint(1) DEFAULT '0',
  `archive_path` varchar(255) COLLATE utf8mb4_unicode_ci DEFAULT NULL,
  `archive_filename` varchar(255) COLLATE utf8mb4_unicode_ci DEFAULT NULL,
  `archived_by` int DEFAULT NULL,
  `archived_at` datetime DEFAULT NULL,
  `type_id` int NOT NULL,
  `parent_version_id` int DEFAULT NULL,
  `diff_summary` text COLLATE utf8mb4_unicode_ci,
  `metadata_changes` json DEFAULT NULL,
  `deleted_at` timestamp NULL DEFAULT CURRENT_TIMESTAMP,
  `deleted_by` int DEFAULT NULL,
  `original_version_id` int DEFAULT NULL,
  PRIMARY KEY (`id_version`),
  KEY `id_document` (`id_document`),
  KEY `id_institution` (`id_institution`),
  KEY `created_by` (`created_by`),
  KEY `archived_by` (`archived_by`),
  KEY `type_id` (`type_id`),
  KEY `parent_version_id` (`parent_version_id`)
) ENGINE=InnoDB DEFAULT CHARSET=utf8mb4 COLLATE=utf8mb4_unicode_ci;
/*!40101 SET character_set_client = @saved_cs_client */;

--
-- Dumping data for table `deleted_versions`
--

LOCK TABLES `deleted_versions` WRITE;
/*!40000 ALTER TABLE `deleted_versions` DISABLE KEYS */;
/*!40000 ALTER TABLE `deleted_versions` ENABLE KEYS */;
UNLOCK TABLES;

--
-- Table structure for table `document_drafts`
--

DROP TABLE IF EXISTS `document_drafts`;
/*!40101 SET @saved_cs_client     = @@character_set_client */;
/*!50503 SET character_set_client = utf8mb4 */;
CREATE TABLE `document_drafts` (
  `id_draft` int NOT NULL AUTO_INCREMENT,
  `user_id` int NOT NULL,
  `document_name` varchar(255) COLLATE utf8mb4_unicode_ci DEFAULT NULL,
  `type_id` int DEFAULT NULL,
  `document_status` varchar(20) COLLATE utf8mb4_unicode_ci DEFAULT 'draft',
  `keywords` text COLLATE utf8mb4_unicode_ci,
  `comment` text COLLATE utf8mb4_unicode_ci,
  `selected_tags` text COLLATE utf8mb4_unicode_ci,
  `folder_path` varchar(255) COLLATE utf8mb4_unicode_ci DEFAULT NULL,
  `document_path` varchar(255) COLLATE utf8mb4_unicode_ci DEFAULT NULL,
  `created_at` datetime DEFAULT CURRENT_TIMESTAMP,
  `updated_at` datetime DEFAULT CURRENT_TIMESTAMP ON UPDATE CURRENT_TIMESTAMP,
  PRIMARY KEY (`id_draft`),
  KEY `user_id` (`user_id`),
  CONSTRAINT `document_drafts_ibfk_1` FOREIGN KEY (`user_id`) REFERENCES `user` (`id_user`)
) ENGINE=InnoDB AUTO_INCREMENT=61 DEFAULT CHARSET=utf8mb4 COLLATE=utf8mb4_unicode_ci;
/*!40101 SET character_set_client = @saved_cs_client */;

--
-- Dumping data for table `document_drafts`
--

LOCK TABLES `document_drafts` WRITE;
/*!40000 ALTER TABLE `document_drafts` DISABLE KEYS */;
INSERT INTO `document_drafts` VALUES (1,6,'TestezAiciIarDraftSper',NULL,'draft','[\"file\",\"sample\",\"document\"]','','[]','AlexFolder/AlexTypeTest',NULL,'2025-04-07 13:25:55','2025-04-07 13:25:55'),(2,6,'TestezAiciIarDraftSper',NULL,'draft','[\"file\",\"sample\",\"document\"]','','[]','AlexFolder/AlexTypeTest',NULL,'2025-04-07 13:51:20','2025-04-07 13:51:20'),(3,6,'TestezAiciIarDraftSper',NULL,'draft','[\"file\",\"sample\",\"document\"]','','[]','AlexFolder/AlexTypeTest',NULL,'2025-04-07 13:52:46','2025-04-07 13:52:46'),(4,6,'TestezAiciIarDraftSper',NULL,'draft','[\"file\",\"sample\",\"document\"]','','[{\"id\":6,\"name\":\"Educational\",\"isPredefined\":false,\"usageCount\":16},{\"id\":15,\"name\":\"New\",\"isPredefined\":false,\"usageCount\":15}]','AlexFolder/AlexTypeTest',NULL,'2025-04-07 13:57:36','2025-04-07 13:57:36'),(5,6,'TestezAiciIarDraftSper',NULL,'draft','[\"file\",\"sample\",\"document\"]','','[{\"id\":12,\"name\":\"Tag nou\",\"isPredefined\":false,\"usageCount\":5}]','AlexFolder/AlexTypeTest',NULL,'2025-04-07 14:02:55','2025-04-07 14:02:55'),(6,6,'TestezAiciIarDraftSper',NULL,'draft','[\"file\",\"sample\",\"document\"]','','[{\"id\":13,\"name\":\"<1mb\",\"isPredefined\":false,\"usageCount\":9}]','AlexFolder/AlexTypeTest',NULL,'2025-04-07 14:14:48','2025-04-07 14:14:48'),(7,6,'TestezAiciIarDraftSper',NULL,'draft','[\"file\",\"ffff\",\"ds\"]','','[{\"id\":6,\"name\":\"Educational\",\"isPredefined\":false,\"usageCount\":16},{\"id\":15,\"name\":\"New\",\"isPredefined\":false,\"usageCount\":15}]','AlexFolder/AlexTypeTest',NULL,'2025-04-07 14:17:46','2025-04-07 14:17:46'),(8,6,'TestezDacaSeFaceDraft',NULL,'draft','[\"file\",\"fff\"]','','[{\"id\":5,\"name\":\"Archived\",\"isPredefined\":true,\"usageCount\":8}]','AlexFolder/AlexTypeTest',NULL,'2025-04-07 14:24:13','2025-04-07 14:24:13'),(9,6,'TestezDacaSeFaceDraft',NULL,'draft','[\"file\",\"sample\",\"document\"]','','[{\"id\":17,\"name\":\"SPC\",\"isPredefined\":false,\"usageCount\":5},{\"id\":6,\"name\":\"Educational\",\"isPredefined\":false,\"usageCount\":16}]','AlexFolder/AlexTypeTest',NULL,'2025-04-07 14:25:16','2025-04-07 14:25:16'),(10,6,'TestezDacaSeFaceDraft',NULL,'draft','[\"file\",\"document\",\"hhh\",\"gffg\"]','','[{\"id\":9,\"name\":\"Animation\",\"isPredefined\":false,\"usageCount\":16}]','AlexFolder/AlexTypeTest',NULL,'2025-04-07 14:27:31','2025-04-07 14:27:31'),(38,6,'filamica',27,'draft','\"[\\\"piatadesiteuri.ro\\\",\\\"dummy\\\",\\\"file\\\"]\"','','\"[]\"','AlexFolder/AlexTypeTest','Draft/filamica.pdf','2025-04-09 10:25:41','2025-04-09 10:25:41'),(39,6,'amnevoiesafieok',27,'draft','\"[\\\"piatadesiteuri.ro\\\",\\\"dummy\\\",\\\"file\\\"]\"','restrttrrtrste','\"[{\\\"id\\\":13,\\\"name\\\":\\\"<1mb\\\",\\\"isPredefined\\\":false,\\\"usageCount\\\":9},{\\\"id\\\":5,\\\"name\\\":\\\"Archived\\\",\\\"isPredefined\\\":true,\\\"usageCount\\\":8}]\"','AlexFolder/AlexTypeTest','Draft/amnevoiesafieok.pdf','2025-04-09 11:09:13','2025-04-09 11:09:13'),(45,6,'Farfettt',27,'draft','\"[\\\"quis\\\",\\\"aliquam\\\",\\\"donec\\\"]\"','Comentariu de azi','\"[{\\\"id\\\":35,\\\"name\\\":\\\"NOUNOU\\\",\\\"isPredefined\\\":false,\\\"usageCount\\\":0},{\\\"id\\\":6,\\\"name\\\":\\\"Educational\\\",\\\"isPredefined\\\":false,\\\"usageCount\\\":18},{\\\"id\\\":9,\\\"name\\\":\\\"Animation\\\",\\\"isPredefined\\\":false,\\\"usageCount\\\":19}]\"','tt/Folder Test0/test4444','Draft/Farfettt.pdf','2025-04-15 09:37:18','2025-04-15 09:37:18'),(46,6,'SeVaStegeOricum',8,'draft','\"[\\\"amet\\\",\\\"vitae\\\",\\\"massa\\\"]\"','dfdsfdsdfds','\"[{\\\"id\\\":5,\\\"name\\\":\\\"Archived\\\",\\\"isPredefined\\\":true,\\\"usageCount\\\":10},{\\\"id\\\":13,\\\"name\\\":\\\"<1mb\\\",\\\"isPredefined\\\":false,\\\"usageCount\\\":10},{\\\"id\\\":9,\\\"name\\\":\\\"Animation\\\",\\\"isPredefined\\\":false,\\\"usageCount\\\":20}]\"','tt/Classified Documents','Draft/SeVaStegeOricum.pdf','2025-04-15 15:31:31','2025-04-15 15:31:31'),(47,6,'PDFdeTestt',11,'draft','\"[\\\"file\\\",\\\"sample\\\",\\\"document\\\"]\"','ffffffff','\"[{\\\"id\\\":15,\\\"name\\\":\\\"New\\\",\\\"isPredefined\\\":false,\\\"usageCount\\\":24},{\\\"id\\\":13,\\\"name\\\":\\\"<1mb\\\",\\\"isPredefined\\\":false,\\\"usageCount\\\":16},{\\\"id\\\":9,\\\"name\\\":\\\"Animation\\\",\\\"isPredefined\\\":false,\\\"usageCount\\\":26}]\"','AlexFolder/TipDeNew','Draft/PDFdeTestt.pdf','2025-04-22 09:34:36','2025-04-22 09:34:36'),(49,6,'EaFc25',27,'draft','\"[\\\"quis\\\",\\\"aliquam\\\",\\\"donec\\\"]\"','ddsfadsfadsfdsfsf','\"[{\\\"id\\\":15,\\\"name\\\":\\\"New\\\",\\\"isPredefined\\\":false,\\\"usageCount\\\":33},{\\\"id\\\":17,\\\"name\\\":\\\"SPC\\\",\\\"isPredefined\\\":false,\\\"usageCount\\\":13},{\\\"id\\\":21,\\\"name\\\":\\\"Math\\\",\\\"isPredefined\\\":false,\\\"usageCount\\\":7},{\\\"id\\\":9,\\\"name\\\":\\\"Animation\\\",\\\"isPredefined\\\":false,\\\"usageCount\\\":34},{\\\"id\\\":13,\\\"name\\\":\\\"<1mb\\\",\\\"isPredefined\\\":false,\\\"usageCount\\\":22}]\"','FolderDeSters/FolderCareESters','Draft/EaFc25.pdf','2025-04-28 13:44:56','2025-04-28 13:44:56'),(50,6,'EaFc25',27,'draft','\"[\\\"quis\\\",\\\"aliquam\\\",\\\"donec\\\"]\"','sffsdfdsfsdfsdf','\"[{\\\"id\\\":6,\\\"name\\\":\\\"Educational\\\",\\\"isPredefined\\\":false,\\\"usageCount\\\":34},{\\\"id\\\":13,\\\"name\\\":\\\"<1mb\\\",\\\"isPredefined\\\":false,\\\"usageCount\\\":22},{\\\"id\\\":17,\\\"name\\\":\\\"SPC\\\",\\\"isPredefined\\\":false,\\\"usageCount\\\":13}]\"','AlexFolder/AlexTypeTest','Draft/EaFc25.pdf','2025-04-28 13:46:19','2025-04-28 13:46:19'),(54,6,'CevaNoux23',27,'draft','\"[\\\"quis\\\",\\\"aliquam\\\",\\\"donec\\\"]\"','','\"[]\"','AlexFolder/AlexTypeTest',NULL,'2025-05-06 10:46:30','2025-05-06 10:46:30'),(55,6,'CevaNouFFF23',27,'draft','\"[\\\"quis\\\",\\\"aliquam\\\",\\\"donec\\\"]\"','coment','\"[{\\\"id\\\":13,\\\"name\\\":\\\"<1mb\\\",\\\"isPredefined\\\":false,\\\"usageCount\\\":26},{\\\"id\\\":15,\\\"name\\\":\\\"New\\\",\\\"isPredefined\\\":false,\\\"usageCount\\\":39}]\"','AlexFolder/AlexTypeTest','Draft/CevaNouFFF23.pdf','2025-05-06 10:53:15','2025-05-06 10:53:15'),(58,6,'NotificareInsta',27,'draft','\"[\\\"quis\\\",\\\"aliquam\\\",\\\"donec\\\"]\"','','\"[]\"','AlexFolder/AlexTypeTest','Draft/NotificareInsta.pdf','2025-05-06 13:27:54','2025-05-06 13:27:54'),(60,6,'Reaaaaaa',27,'draft','\"[\\\"piatadesiteuri.ro\\\",\\\"dummy\\\",\\\"file\\\"]\"','comnet','\"[{\\\"id\\\":6,\\\"name\\\":\\\"Educational\\\",\\\"isPredefined\\\":false,\\\"usageCount\\\":46}]\"','Scoala Dabuleni/AlexFolder/AlexTypeTest','Draft/Reaaaaaa.pdf','2025-05-07 13:13:56','2025-05-07 13:13:56');
/*!40000 ALTER TABLE `document_drafts` ENABLE KEYS */;
UNLOCK TABLES;

--
-- Table structure for table `document_files`
--

DROP TABLE IF EXISTS `document_files`;
/*!40101 SET @saved_cs_client     = @@character_set_client */;
/*!50503 SET character_set_client = utf8mb4 */;
CREATE TABLE `document_files` (
  `id_file` int NOT NULL AUTO_INCREMENT,
  `id_document` int NOT NULL,
  `id_user` int NOT NULL,
  `file_name` varchar(255) NOT NULL,
  `file_path` varchar(255) NOT NULL,
  `file_size` bigint NOT NULL,
  `file_type` varchar(100) NOT NULL,
  `date_upload` timestamp NULL DEFAULT CURRENT_TIMESTAMP,
  `date_modified` timestamp NULL DEFAULT CURRENT_TIMESTAMP ON UPDATE CURRENT_TIMESTAMP,
  `is_verified` tinyint(1) DEFAULT '1',
  `comment` text,
  PRIMARY KEY (`id_file`),
  KEY `id_document` (`id_document`),
  KEY `id_user` (`id_user`),
  CONSTRAINT `document_files_ibfk_1` FOREIGN KEY (`id_document`) REFERENCES `table_document` (`id_document`),
  CONSTRAINT `document_files_ibfk_2` FOREIGN KEY (`id_user`) REFERENCES `user` (`id_user`)
) ENGINE=InnoDB AUTO_INCREMENT=2 DEFAULT CHARSET=utf8mb4 COLLATE=utf8mb4_0900_ai_ci;
/*!40101 SET character_set_client = @saved_cs_client */;

--
-- Dumping data for table `document_files`
--

LOCK TABLES `document_files` WRITE;
/*!40000 ALTER TABLE `document_files` DISABLE KEYS */;
INSERT INTO `document_files` VALUES (1,1,1,'test.pdf','/uploads/test.pdf',1024,'application/pdf','2025-04-16 05:47:33','2025-04-16 05:47:33',1,NULL);
/*!40000 ALTER TABLE `document_files` ENABLE KEYS */;
UNLOCK TABLES;

--
-- Table structure for table `document_log`
--

DROP TABLE IF EXISTS `document_log`;
/*!40101 SET @saved_cs_client     = @@character_set_client */;
/*!50503 SET character_set_client = utf8mb4 */;
CREATE TABLE `document_log` (
  `id` int NOT NULL AUTO_INCREMENT,
  `user_id` int NOT NULL,
  `nom_doc` varchar(255) NOT NULL,
  `open_count` int DEFAULT '1',
  `last_opened_at` timestamp NULL DEFAULT CURRENT_TIMESTAMP ON UPDATE CURRENT_TIMESTAMP,
  PRIMARY KEY (`id`),
  KEY `user_id` (`user_id`),
  CONSTRAINT `document_log_ibfk_1` FOREIGN KEY (`user_id`) REFERENCES `user` (`id_user`)
) ENGINE=InnoDB AUTO_INCREMENT=189 DEFAULT CHARSET=utf8mb4 COLLATE=utf8mb4_0900_ai_ci;
/*!40101 SET character_set_client = @saved_cs_client */;

--
-- Dumping data for table `document_log`
--

LOCK TABLES `document_log` WRITE;
/*!40000 ALTER TABLE `document_log` DISABLE KEYS */;
INSERT INTO `document_log` VALUES (1,6,'john_report.pdf',21,'2025-03-26 07:02:00'),(2,6,'hak.pdf',30,'2025-03-23 13:50:26'),(3,6,'sample_report.pdf',5,'2025-03-23 14:18:56'),(4,6,'shared_document.pdf',20,'2025-04-25 08:21:41'),(5,6,'business_plan.pdf',2,'2025-03-23 12:22:39'),(6,6,'pdf-test.pdf',18,'2025-04-24 07:35:52'),(7,6,'file-sample_150kB.pdf',18,'2025-03-27 09:51:25'),(8,6,'redaction_scientifique_.pdf',10,'2025-04-25 13:03:26'),(9,6,'fdfd.pdf',43,'2025-03-25 13:46:33'),(10,6,'1mb.pdf',13,'2025-04-24 06:55:03'),(11,14,'fdfd.pdf',2,'2025-03-23 16:05:40'),(12,14,'1mb.pdf',1,'2025-03-23 16:14:44'),(13,6,'10MB-TESTFILE.ORG.pdf',4,'2025-03-24 09:26:03'),(14,6,'2mb.pdf',7,'2025-03-24 12:12:03'),(15,6,'_TestPdf_.pdf',11,'2025-03-25 12:46:44'),(16,6,'_FFFF_.pdf',7,'2025-03-24 13:29:20'),(17,6,'Get_Started_With_Smallpdf.pdf',7,'2025-03-25 13:38:37'),(18,6,'260KB.pdf',2,'2025-03-24 13:33:11'),(19,6,'_SmallPdf_Doc_.pdf',5,'2025-03-25 13:38:41'),(20,6,'350KB.pdf',30,'2025-04-24 06:55:05'),(21,6,'PDF_TestPage.pdf',1,'2025-03-25 14:27:16'),(22,6,'350KB_v1742983550098.pdf',1,'2025-03-26 10:07:03'),(23,6,'1.5MB_v1742995565983.pdf',1,'2025-03-26 13:59:26'),(24,6,'_nume document__v1743000366741.pdf',2,'2025-03-27 06:38:41'),(25,6,'2mb_v1743059981050.pdf',1,'2025-03-27 07:29:01'),(26,6,'STatistici_v1743145773358.pdf',2,'2025-03-28 07:53:50'),(27,6,'STatistici_v1743148814921.pdf',1,'2025-03-28 10:50:25'),(28,18,'_nume document_ (1)_v1743418668193.pdf',1,'2025-03-31 11:04:54'),(29,18,'AndreiPdf_v1743412879118.pdf',1,'2025-03-31 11:04:56'),(30,18,'_SmallPdf_Doc__v1743419879684.pdf',1,'2025-03-31 11:18:39'),(31,18,'_FFFFSSSSSD__v1743420535812.pdf',2,'2025-03-31 11:45:39'),(32,18,'_FFFF_.pdf',1,'2025-03-31 12:11:50'),(33,6,'oprncountacum.pdf',8,'2025-04-10 11:25:43'),(34,6,'tagprobleme.pdf',2,'2025-04-10 10:45:21'),(35,6,'COUNTE~R.pdf',3,'2025-04-10 10:56:09'),(36,6,'COnnect-r.pdf',3,'2025-04-10 11:56:41'),(37,6,'Adaugat de mine.pdf',8,'2025-04-10 13:56:35'),(38,6,'MieOk?.pdf',2,'2025-04-10 13:51:07'),(39,6,'seadaugaaici.pdf',2,'2025-04-11 06:03:40'),(40,6,'probabob.pdf',1,'2025-04-11 03:02:09'),(41,6,'cevanounou.pdf',3,'2025-04-11 06:03:45'),(42,18,'PusDeMine.pdf',2,'2025-04-11 06:55:23'),(43,6,'PusDeMine.pdf',1,'2025-04-11 06:54:58'),(44,6,'PDFDEMUTAT.pdf',6,'2025-04-11 09:50:44'),(45,6,'DocumentSalvatsiUrmaeaza.pdf',1,'2025-04-11 07:15:31'),(46,6,'OKFunc.pdf',1,'2025-04-11 07:27:11'),(47,6,'cevainedit.pdf',3,'2025-04-11 10:49:32'),(48,6,'CateMbare?.pdf',1,'2025-04-11 08:24:21'),(49,6,'acumarata?.pdf',1,'2025-04-11 08:26:49'),(50,6,'facemlafel.pdf',1,'2025-04-11 08:28:45'),(51,6,'Haiasa.pdf',2,'2025-04-11 11:40:34'),(52,6,'haiiarasa.pdf',1,'2025-04-11 08:47:05'),(53,6,'eokassa.pdf',1,'2025-04-11 09:45:49'),(54,6,'IncarcaatDeJon.pdf',2,'2025-04-14 11:12:43'),(55,18,'IncarcaatDeJon.pdf',2,'2025-04-14 05:46:51'),(56,6,'LimitaStorageAtinsa.pdf',1,'2025-04-14 02:57:09'),(57,6,'maimicsiareloc.pdf',1,'2025-04-14 03:10:14'),(58,6,'micsiareloc.pdf',1,'2025-04-14 03:26:05'),(59,6,'AcumNuMaiESpatiu.pdf',1,'2025-04-14 04:00:10'),(60,18,'pdfdettte.pdf',3,'2025-04-14 08:42:50'),(61,6,'haisavedemacummm.pdf',7,'2025-04-14 12:18:44'),(62,6,'AiciEsteCorectCRED.pdf',1,'2025-04-14 10:56:52'),(63,6,'haisavedemacummm.pdf',2,'2025-04-14 12:18:44'),(64,6,'VersionamSiNoi.pdf',1,'2025-04-14 09:25:47'),(65,6,'HAiSaFieVersiunea.pdf',2,'2025-04-14 12:27:53'),(66,6,'SCAC.pdf',4,'2025-04-14 12:33:01'),(67,6,'DDDDAAAAA.pdf',1,'2025-04-14 09:42:47'),(68,17,'SSSCSCSCA.pdf',1,'2025-04-14 09:45:11'),(69,17,'cecerecececerece.pdf',1,'2025-04-14 09:48:41'),(70,17,'oleoleoleo.pdf',1,'2025-04-14 09:52:13'),(71,6,'cevcevFFF.pdf',1,'2025-04-14 09:55:49'),(72,6,'csacascascas.pdf',1,'2025-04-14 10:01:21'),(73,6,'HAISAVEDEM.pdf',1,'2025-04-14 10:09:48'),(74,17,'NuStiuDacaEOkacum.pdf',1,'2025-04-14 10:14:23'),(75,17,'haisafiebine.pdf',1,'2025-04-14 10:23:19'),(76,6,'numaieu.pdf',1,'2025-04-14 10:28:39'),(77,6,'CEvaFinut.pdf',2,'2025-04-14 13:37:36'),(78,6,'ComentariuSelect .pdf',3,'2025-04-14 13:45:57'),(79,6,'SuperChat.pdf',6,'2025-04-14 13:45:50'),(80,6,'andreiPDFF.pdf',2,'2025-04-14 13:55:04'),(81,6,'Farfe.pdf',4,'2025-04-15 09:26:27'),(82,6,'Farfettt.pdf',55,'2025-04-24 06:40:38'),(83,6,'draftsper.pdf',5,'2025-04-15 12:09:56'),(84,6,'DeSters.pdf',1,'2025-04-15 08:07:53'),(85,6,'DeStersx2.pdf',1,'2025-04-15 08:26:06'),(86,6,'Haisa-lStergem.pdf',7,'2025-04-15 12:25:44'),(87,18,'SterAndrei.pdf',1,'2025-04-15 08:47:22'),(88,6,'SeVaStegeOricum.pdf',1,'2025-04-15 09:32:06'),(89,18,'daadad.pdf',4,'2025-04-15 13:09:21'),(90,6,'DRopDRop.pdf',8,'2025-04-16 10:25:45'),(91,6,'DropBoxPDF.pdf',1,'2025-04-16 04:14:44'),(92,19,'Syncronizarea.pdf',1,'2025-04-16 04:26:44'),(93,18,'SYNCCC.pdf',2,'2025-04-22 13:07:00'),(94,6,'ASASAtotfie.pdf',2,'2025-04-16 10:26:45'),(95,6,'mergeda?.pdf',1,'2025-04-16 07:29:51'),(96,6,'haisiacum.pdf',2,'2025-04-16 10:34:59'),(97,6,'tergosafieokkk.pdf',3,'2025-04-16 12:06:39'),(98,6,'haisasas.pdf',1,'2025-04-16 12:06:25'),(99,6,'CEVACEV.pdf',1,'2025-04-16 12:06:28'),(100,6,'Muncioiu_AndreiLaurentiu_Resume.pdf',3,'2025-04-22 05:37:56'),(101,19,'HAiASAHAiasa.pdf',2,'2025-04-16 12:28:59'),(102,6,'BunsiUsor.pdf',5,'2025-04-17 07:36:16'),(103,6,'MEkkko.pdf',23,'2025-04-25 11:23:17'),(104,6,'opdport.pdf',1,'2025-04-22 06:29:05'),(105,6,'odsdadsjhj.pdf',1,'2025-04-22 06:29:07'),(106,6,'odsdads.pdf',1,'2025-04-22 06:29:10'),(107,6,'PDFdeTestt.pdf',13,'2025-04-23 05:33:05'),(108,6,'testaretarea.pdf',4,'2025-04-23 05:39:54'),(109,17,'DummmyPDF.pdf',2,'2025-04-22 11:23:43'),(110,17,'DummmyPDFx3.pdf',1,'2025-04-22 08:24:31'),(111,6,'DummmyPDFx4.pdf',7,'2025-04-24 07:36:07'),(112,18,'AceleVVVAndrei.pdf',5,'2025-04-25 13:58:37'),(113,18,'AceleVVVAndreixDD.pdf',4,'2025-04-25 13:58:17'),(114,6,'AceleVSSS.pdf',10,'2025-04-24 07:36:02'),(115,6,'ggggggggggggggggggggggggggg.   gggg g gg g ggg g g g g g g g g.pdf',18,'2025-04-24 09:52:00'),(116,22,'DorulPDF.pdf',6,'2025-04-24 07:29:02'),(117,6,'DorulPDF.pdf',2,'2025-04-24 07:31:33'),(118,6,'JonCena.pdf',25,'2025-04-25 10:59:30'),(119,6,'RomaEmpire.pdf',349,'2025-04-24 12:58:45'),(120,6,'AppleJuice.pdf',49,'2025-04-25 11:34:11'),(121,6,'RetroFifa.pdf',49,'2025-04-25 13:09:01'),(122,6,'Fifa24Fuady.pdf',3,'2025-04-25 12:28:38'),(123,6,'Fifa24FuadyOOT.pdf',14,'2025-04-28 06:03:54'),(124,6,'FIFA25Dumy.pdf',1,'2025-04-28 03:53:58'),(125,6,'FIFA25Tsulu.pdf',7,'2025-04-28 07:06:40'),(126,6,'FIFA25Mores.pdf',8,'2025-04-29 07:31:07'),(127,6,'EaFc25.pdf',1,'2025-04-28 08:50:11'),(128,6,'EaFc26PRO.pdf',1,'2025-04-28 08:57:36'),(129,6,'EaFc26PROMAX.pdf',1,'2025-04-28 10:13:44'),(130,22,'EaFc22 PRO.pdf',3,'2025-04-28 13:57:09'),(131,6,'EaFc22 PROGamer.pdf',7,'2025-05-05 08:21:05'),(132,29,'AdaugatDESCoalaOaraca.pdf',1,'2025-05-05 04:08:17'),(133,29,'In folder Bun.pdf',4,'2025-05-05 09:24:17'),(134,6,'FunctioneazaOK?.pdf',1,'2025-05-05 08:41:27'),(135,6,'UINouAvem.pdf',4,'2025-05-05 12:04:52'),(136,6,'UINouAvemx23.pdf',5,'2025-05-05 12:45:28'),(137,6,'UINouAvemx24.pdf',4,'2025-05-05 13:47:09'),(138,6,'UINouAvemx25v2.pdf',4,'2025-05-05 13:56:39'),(139,6,'CevaNoux23.pdf',1,'2025-05-06 04:49:28'),(140,6,'TestamDraft.pdf',7,'2025-05-06 09:50:12'),(141,6,'TestamDraftx3.pdf',1,'2025-05-06 07:02:25'),(142,6,'TestamDraftIARA.pdf',5,'2025-05-06 10:34:50'),(143,6,'Pathbun.pdf',1,'2025-05-07 03:11:49'),(144,6,'ParamHUb.pdf',1,'2025-05-07 03:20:41'),(145,6,'PARAMAMAM.pdf',3,'2025-05-07 06:46:50'),(146,6,'RORORORO.pdf',1,'2025-05-07 03:32:51'),(147,6,'AUFAUF.pdf',1,'2025-05-07 03:39:01'),(148,6,'LELEL.pdf',1,'2025-05-07 03:46:04'),(149,6,'ofofof.pdf',1,'2025-05-07 03:49:44'),(150,6,'reerer.pdf',1,'2025-05-07 03:52:02'),(151,6,'gheghe.pdf',1,'2025-05-07 03:58:03'),(152,6,'yeat.pdf',1,'2025-05-07 04:09:27'),(153,6,'garcia.pdf',1,'2025-05-07 04:14:35'),(154,6,'erik.pdf',4,'2025-05-07 07:34:50'),(155,6,'erikgarcia.pdf',1,'2025-05-07 04:37:03'),(156,6,'guacamole.pdf',1,'2025-05-07 05:16:24'),(157,6,'evreu.pdf',1,'2025-05-07 05:26:07'),(158,6,'evreux23.pdf',1,'2025-05-07 05:28:28'),(159,6,'evreux24.pdf',1,'2025-05-07 05:31:22'),(160,6,'evreux65.pdf',1,'2025-05-07 05:41:46'),(161,6,'evreux71.pdf',1,'2025-05-07 05:45:25'),(162,6,'YEAP.pdf',7,'2025-05-07 10:13:03'),(163,25,'rusescugoal.pdf',2,'2025-05-09 06:24:55'),(164,25,'Hai sa fie bine ac.pdf',6,'2025-05-09 06:24:58'),(165,25,'Estevao.pdf',6,'2025-05-09 07:07:37'),(166,25,'2. CAF ANAF Nicolae F.pdf',13,'2025-05-13 10:20:21'),(167,25,'1. C.I. Nicolae F.pdf',6,'2025-05-12 13:11:10'),(168,25,'Building mr concerns servants in he outlived.pdf',3,'2025-05-13 07:30:57'),(169,25,'Society excited by cottage.pdf',6,'2025-05-13 09:02:02'),(170,25,'Cerere nicoaie iorga napoleon.pdf',3,'2025-05-13 09:01:34'),(171,25,'3 Ce dimineata frumoasa.pdf',3,'2025-05-13 09:01:41'),(172,25,'2. AFaceri externe minimini F.pdf',3,'2025-05-13 09:01:47'),(173,25,'Ignorant saw her her drawings marriage.pdf',49,'2025-05-13 10:53:09'),(174,25,'Ignorant saw her her drawings marriage.pdf',49,'2025-05-13 10:53:09'),(175,25,'Ladies others the six desire age.pdf',76,'2025-05-13 12:37:19'),(176,25,'Ladies others the six desire age.pdf',76,'2025-05-13 12:37:19'),(177,25,'gheghe.pdf',1,'2025-05-14 03:02:16'),(178,25,'OVerALL.pdf',1,'2025-05-14 06:06:11'),(179,25,'Dinero.pdf',1,'2025-05-14 10:47:31'),(180,25,'DineroSpectacularo.pdf',1,'2025-05-15 03:40:51'),(181,25,'Mbangula.pdf',1,'2025-05-15 04:35:48'),(182,25,'COntrolVersion2.pdf',1,'2025-05-15 06:17:31'),(183,25,'operacrt.pdf',1,'2025-05-15 08:14:44'),(184,25,'omgf.pdf',1,'2025-05-15 08:33:06'),(185,25,'DGDGDGDGD.pdf',1,'2025-05-15 08:36:47'),(186,25,'namidee.pdf',1,'2025-05-15 09:16:46'),(187,25,'wisdom waited..pdf',4,'2025-05-15 13:33:59'),(188,25,'TUMTUMTUM.pdf',1,'2025-05-16 06:27:29');
/*!40000 ALTER TABLE `document_log` ENABLE KEYS */;
UNLOCK TABLES;

--
-- Table structure for table `document_statistics`
--

DROP TABLE IF EXISTS `document_statistics`;
/*!40101 SET @saved_cs_client     = @@character_set_client */;
/*!50503 SET character_set_client = utf8mb4 */;
CREATE TABLE `document_statistics` (
  `id_statistic` int NOT NULL AUTO_INCREMENT,
  `id_document` int NOT NULL,
  `id_user` int NOT NULL,
  `action_type` enum('download','view','upload') NOT NULL,
  `action_timestamp` timestamp NULL DEFAULT CURRENT_TIMESTAMP,
  PRIMARY KEY (`id_statistic`),
  KEY `id_document` (`id_document`),
  KEY `id_user` (`id_user`),
  CONSTRAINT `document_statistics_ibfk_1` FOREIGN KEY (`id_document`) REFERENCES `table_document` (`id_document`),
  CONSTRAINT `document_statistics_ibfk_2` FOREIGN KEY (`id_user`) REFERENCES `user` (`id_user`)
) ENGINE=InnoDB AUTO_INCREMENT=806 DEFAULT CHARSET=utf8mb4 COLLATE=utf8mb4_0900_ai_ci;
/*!40101 SET character_set_client = @saved_cs_client */;

--
-- Dumping data for table `document_statistics`
--

LOCK TABLES `document_statistics` WRITE;
/*!40000 ALTER TABLE `document_statistics` DISABLE KEYS */;
INSERT INTO `document_statistics` VALUES (1,1,1,'download','2025-03-27 11:28:49'),(2,1,1,'view','2025-03-27 11:28:49'),(3,2,1,'download','2025-03-27 11:28:49'),(4,45,6,'download','2025-03-27 11:42:23'),(5,45,6,'download','2025-03-27 11:42:24'),(6,45,6,'download','2025-03-27 11:47:41'),(7,45,6,'download','2025-03-27 11:49:59'),(8,44,6,'download','2025-03-27 12:01:39'),(9,44,6,'download','2025-03-27 12:35:27'),(10,45,6,'download','2025-03-27 12:40:47'),(11,45,6,'download','2025-03-27 13:28:05'),(12,45,6,'download','2025-03-27 13:28:43'),(13,45,6,'download','2025-03-27 13:38:50'),(14,45,6,'download','2025-03-27 13:55:21'),(15,45,6,'download','2025-03-27 13:55:24'),(16,45,6,'download','2025-03-27 13:55:40'),(17,45,6,'download','2025-03-27 14:02:01'),(18,45,6,'download','2025-03-27 14:04:15'),(19,45,6,'download','2025-03-27 14:08:29'),(20,45,6,'download','2025-03-27 14:26:54'),(21,45,6,'download','2025-03-27 14:26:58'),(22,45,6,'download','2025-03-27 14:30:47'),(23,45,6,'download','2025-03-27 14:31:01'),(24,36,6,'download','2025-03-27 14:35:29'),(25,36,6,'download','2025-03-27 14:35:32'),(26,45,6,'download','2025-03-27 14:46:02'),(27,45,6,'download','2025-03-27 14:46:05'),(28,45,6,'download','2025-03-27 14:50:55'),(29,45,6,'download','2025-03-27 14:50:57'),(30,36,6,'download','2025-03-27 14:59:54'),(31,44,6,'download','2025-03-27 14:59:57'),(32,36,6,'download','2025-03-27 15:00:00'),(33,45,6,'download','2025-03-27 15:00:05'),(34,45,6,'download','2025-03-27 15:00:35'),(35,45,6,'download','2025-03-27 15:00:38'),(36,45,6,'download','2025-03-28 06:31:04'),(37,45,6,'download','2025-03-28 07:01:32'),(38,45,6,'download','2025-03-28 07:06:20'),(39,45,6,'download','2025-03-28 07:06:49'),(40,45,6,'download','2025-03-28 07:33:46'),(41,45,6,'download','2025-03-28 07:45:18'),(42,45,6,'download','2025-03-28 07:45:46'),(43,45,6,'download','2025-03-28 08:12:01'),(44,45,6,'download','2025-03-28 08:33:30'),(45,45,6,'download','2025-03-28 08:33:35'),(46,45,6,'download','2025-03-28 08:50:34'),(47,45,6,'download','2025-03-28 09:30:06'),(48,45,6,'download','2025-03-28 10:57:52'),(49,45,6,'download','2025-03-28 11:35:32'),(50,45,6,'download','2025-03-28 11:35:48'),(51,45,6,'download','2025-03-28 11:50:04'),(52,49,6,'download','2025-03-28 11:52:41'),(53,49,6,'download','2025-03-28 11:53:07'),(54,49,6,'download','2025-03-28 12:14:09'),(55,45,6,'download','2025-03-28 12:14:23'),(56,45,6,'download','2025-03-28 12:47:55'),(57,36,14,'download','2025-03-28 12:57:56'),(58,45,6,'download','2025-03-28 13:29:11'),(59,45,6,'download','2025-03-28 14:17:54'),(60,45,6,'download','2025-03-28 14:44:40'),(61,45,6,'download','2025-03-28 14:44:40'),(62,36,6,'download','2025-03-31 05:30:37'),(63,49,6,'download','2025-03-31 05:30:46'),(64,45,6,'download','2025-03-31 05:31:00'),(65,45,6,'download','2025-03-31 06:35:04'),(66,49,6,'download','2025-03-31 07:09:25'),(67,45,6,'download','2025-03-31 08:45:56'),(68,45,18,'download','2025-03-31 08:51:36'),(69,51,18,'download','2025-03-31 08:53:47'),(70,51,18,'download','2025-03-31 09:20:48'),(71,49,6,'download','2025-03-31 10:09:14'),(72,52,6,'download','2025-03-31 10:10:44'),(73,52,6,'download','2025-03-31 10:11:27'),(74,33,19,'download','2025-03-31 10:47:40'),(75,33,19,'download','2025-03-31 10:48:06'),(76,33,19,'download','2025-03-31 10:48:11'),(77,33,19,'download','2025-03-31 10:50:47'),(78,33,19,'download','2025-03-31 10:50:58'),(79,33,19,'download','2025-03-31 10:51:29'),(80,33,19,'download','2025-03-31 10:52:26'),(81,33,19,'download','2025-03-31 10:53:09'),(82,52,6,'download','2025-03-31 10:53:23'),(83,49,6,'download','2025-03-31 10:53:27'),(84,51,18,'download','2025-03-31 10:54:07'),(85,54,18,'download','2025-03-31 10:54:58'),(86,54,18,'download','2025-03-31 10:55:02'),(87,51,18,'download','2025-03-31 10:55:07'),(88,54,18,'download','2025-03-31 10:55:08'),(89,54,18,'download','2025-03-31 10:57:15'),(90,54,18,'download','2025-03-31 10:57:38'),(91,54,18,'download','2025-03-31 11:01:49'),(92,51,18,'download','2025-03-31 11:01:53'),(93,54,18,'download','2025-03-31 11:05:04'),(94,54,18,'download','2025-03-31 11:05:23'),(95,54,18,'download','2025-03-31 11:07:02'),(96,54,18,'download','2025-03-31 11:07:30'),(97,54,18,'download','2025-03-31 11:10:28'),(98,54,18,'download','2025-03-31 11:10:42'),(99,54,18,'download','2025-03-31 11:14:09'),(100,54,18,'download','2025-03-31 11:14:28'),(101,54,18,'download','2025-03-31 11:15:47'),(102,54,18,'download','2025-03-31 11:17:46'),(103,54,18,'download','2025-03-31 11:18:12'),(104,54,18,'download','2025-03-31 11:18:41'),(105,54,18,'download','2025-03-31 11:24:18'),(106,54,18,'download','2025-03-31 11:26:41'),(107,54,18,'download','2025-03-31 11:28:37'),(108,54,18,'download','2025-03-31 11:35:29'),(109,54,18,'download','2025-03-31 11:43:50'),(110,54,18,'download','2025-03-31 11:51:48'),(111,54,18,'download','2025-03-31 11:51:56'),(112,54,18,'download','2025-03-31 11:52:08'),(113,33,18,'download','2025-03-31 11:55:52'),(114,33,18,'download','2025-03-31 11:56:05'),(115,33,18,'download','2025-03-31 11:56:31'),(116,33,18,'download','2025-03-31 11:56:49'),(117,33,18,'download','2025-03-31 11:58:07'),(118,33,18,'download','2025-03-31 12:01:07'),(119,33,18,'download','2025-03-31 12:03:09'),(120,54,18,'download','2025-03-31 12:03:15'),(121,51,18,'download','2025-03-31 12:03:18'),(122,33,18,'download','2025-03-31 12:03:21'),(123,33,18,'download','2025-03-31 12:07:23'),(124,33,18,'download','2025-03-31 12:07:37'),(125,33,18,'download','2025-03-31 12:09:19'),(126,33,18,'download','2025-03-31 12:11:55'),(127,33,18,'download','2025-03-31 12:12:03'),(128,55,18,'download','2025-03-31 12:12:34'),(129,55,18,'download','2025-03-31 12:12:43'),(130,54,18,'download','2025-03-31 12:16:10'),(131,54,18,'download','2025-03-31 12:16:20'),(132,55,18,'download','2025-03-31 12:16:25'),(133,56,18,'download','2025-03-31 12:17:08'),(134,56,18,'download','2025-03-31 12:17:12'),(135,56,18,'download','2025-03-31 12:17:49'),(136,56,18,'download','2025-03-31 12:20:37'),(137,56,18,'download','2025-03-31 12:23:24'),(138,56,18,'download','2025-03-31 12:24:05'),(139,35,6,'download','2025-04-01 06:17:13'),(140,35,6,'download','2025-04-01 07:55:10'),(141,52,6,'download','2025-04-01 08:43:03'),(142,52,6,'download','2025-04-01 08:54:56'),(143,57,6,'download','2025-04-01 09:32:20'),(144,57,6,'download','2025-04-01 09:32:34'),(145,57,6,'download','2025-04-01 11:06:32'),(146,64,6,'download','2025-04-02 13:47:51'),(147,73,6,'download','2025-04-03 09:02:05'),(148,73,6,'download','2025-04-03 09:03:20'),(149,73,6,'download','2025-04-03 09:05:20'),(150,74,6,'download','2025-04-03 09:05:23'),(151,74,6,'download','2025-04-03 09:06:37'),(152,74,6,'download','2025-04-03 11:05:08'),(153,74,6,'download','2025-04-03 11:07:05'),(154,75,6,'download','2025-04-03 13:50:42'),(155,76,6,'download','2025-04-03 13:53:48'),(156,77,6,'download','2025-04-04 06:11:57'),(157,78,6,'download','2025-04-04 06:28:00'),(158,79,6,'download','2025-04-04 06:29:02'),(159,79,6,'download','2025-04-04 06:34:18'),(160,79,6,'download','2025-04-04 06:35:50'),(161,78,6,'download','2025-04-04 06:35:50'),(162,79,6,'download','2025-04-04 06:43:34'),(163,80,19,'download','2025-04-04 06:59:53'),(164,81,6,'download','2025-04-04 08:16:14'),(165,82,6,'download','2025-04-04 11:07:30'),(166,84,6,'download','2025-04-04 12:21:29'),(167,85,6,'download','2025-04-04 12:26:18'),(168,82,6,'download','2025-04-04 13:11:25'),(172,88,6,'download','2025-04-07 07:29:14'),(173,88,6,'download','2025-04-07 07:45:25'),(174,88,6,'download','2025-04-07 07:49:25'),(175,88,6,'download','2025-04-07 07:50:39'),(176,88,6,'download','2025-04-07 07:53:16'),(177,88,6,'download','2025-04-07 07:53:44'),(178,88,6,'download','2025-04-07 07:55:43'),(179,88,6,'download','2025-04-07 07:57:11'),(180,88,6,'download','2025-04-07 07:58:54'),(181,88,6,'download','2025-04-07 08:02:24'),(182,86,6,'download','2025-04-07 08:04:33'),(183,88,6,'download','2025-04-07 08:04:37'),(184,88,6,'download','2025-04-07 08:07:13'),(185,89,6,'download','2025-04-07 08:09:36'),(186,89,6,'download','2025-04-07 08:21:02'),(187,89,6,'download','2025-04-07 08:21:23'),(188,89,6,'download','2025-04-07 08:32:22'),(189,89,6,'download','2025-04-07 08:34:29'),(190,89,6,'download','2025-04-07 08:35:24'),(191,89,6,'download','2025-04-07 08:39:48'),(192,91,6,'download','2025-04-07 09:04:57'),(193,92,6,'download','2025-04-07 09:26:37'),(194,93,6,'download','2025-04-07 09:49:37'),(195,93,6,'download','2025-04-07 09:57:22'),(196,94,6,'download','2025-04-07 11:22:01'),(197,110,6,'download','2025-04-07 13:37:02'),(198,117,6,'download','2025-04-08 06:21:15'),(199,118,6,'download','2025-04-08 06:36:00'),(200,119,6,'download','2025-04-08 06:37:38'),(201,120,6,'download','2025-04-08 06:48:58'),(202,121,6,'download','2025-04-08 06:52:00'),(203,130,6,'download','2025-04-08 08:04:18'),(204,131,6,'download','2025-04-08 08:16:04'),(205,149,6,'download','2025-04-08 09:28:39'),(206,154,6,'download','2025-04-08 10:20:15'),(207,174,6,'download','2025-04-09 09:24:11'),(208,174,6,'download','2025-04-09 09:31:37'),(209,173,6,'download','2025-04-09 09:31:37'),(210,172,6,'download','2025-04-09 09:31:38'),(211,175,6,'download','2025-04-09 09:32:57'),(212,175,6,'download','2025-04-09 11:21:01'),(213,175,6,'download','2025-04-09 11:21:02'),(214,175,6,'download','2025-04-09 11:21:03'),(215,195,6,'download','2025-04-10 07:53:01'),(216,195,6,'download','2025-04-10 07:53:02'),(217,195,6,'download','2025-04-10 07:53:02'),(218,195,6,'download','2025-04-10 07:53:03'),(219,195,6,'download','2025-04-10 07:53:03'),(220,195,6,'download','2025-04-10 07:53:03'),(221,195,6,'download','2025-04-10 07:53:04'),(222,195,6,'download','2025-04-10 07:53:04'),(223,195,6,'download','2025-04-10 07:53:04'),(224,195,6,'download','2025-04-10 07:53:04'),(225,195,6,'download','2025-04-10 07:53:04'),(226,196,6,'download','2025-04-10 08:06:32'),(227,196,6,'download','2025-04-10 08:38:27'),(228,196,6,'download','2025-04-10 08:38:28'),(229,196,6,'download','2025-04-10 08:38:29'),(230,196,6,'download','2025-04-10 08:38:30'),(231,196,6,'download','2025-04-10 08:38:30'),(232,196,6,'download','2025-04-10 08:38:31'),(233,196,6,'download','2025-04-10 08:38:31'),(234,196,6,'download','2025-04-10 08:38:31'),(235,196,6,'download','2025-04-10 08:38:31'),(236,196,6,'download','2025-04-10 08:38:31'),(237,196,6,'download','2025-04-10 08:38:31'),(238,195,6,'download','2025-04-10 08:39:44'),(239,195,6,'download','2025-04-10 08:39:46'),(240,195,6,'download','2025-04-10 08:39:46'),(241,195,6,'download','2025-04-10 08:39:48'),(242,195,6,'download','2025-04-10 08:41:43'),(243,195,6,'download','2025-04-10 08:41:43'),(244,195,6,'download','2025-04-10 08:41:44'),(245,195,6,'download','2025-04-10 08:41:45'),(246,196,6,'download','2025-04-10 08:42:03'),(247,196,6,'download','2025-04-10 08:42:03'),(248,196,6,'download','2025-04-10 08:42:03'),(249,196,6,'download','2025-04-10 08:42:03'),(250,196,6,'download','2025-04-10 08:42:04'),(251,196,6,'download','2025-04-10 08:42:04'),(252,196,6,'download','2025-04-10 08:42:04'),(253,196,6,'download','2025-04-10 08:42:04'),(254,196,6,'download','2025-04-10 09:10:07'),(255,197,6,'download','2025-04-10 09:16:11'),(256,197,6,'download','2025-04-10 09:26:05'),(257,197,6,'download','2025-04-10 09:26:06'),(258,197,6,'download','2025-04-10 09:26:07'),(259,197,6,'download','2025-04-10 09:26:08'),(260,197,6,'download','2025-04-10 09:26:09'),(261,197,6,'download','2025-04-10 09:26:09'),(262,197,6,'download','2025-04-10 10:20:38'),(263,198,6,'download','2025-04-10 10:26:09'),(264,198,6,'download','2025-04-10 10:30:19'),(265,198,6,'download','2025-04-10 10:55:18'),(266,198,6,'download','2025-04-10 10:55:19'),(267,198,6,'download','2025-04-10 10:55:19'),(268,199,6,'download','2025-04-10 10:56:11'),(269,199,6,'download','2025-04-10 10:56:12'),(270,199,6,'download','2025-04-10 10:56:12'),(271,200,6,'download','2025-04-10 11:56:43'),(272,200,6,'download','2025-04-10 11:56:43'),(273,200,6,'download','2025-04-10 11:56:43'),(274,201,6,'download','2025-04-10 13:41:07'),(275,201,6,'download','2025-04-10 13:56:34'),(277,206,6,'download','2025-04-11 09:47:01'),(278,206,6,'download','2025-04-11 09:47:02'),(279,206,6,'download','2025-04-11 09:47:02'),(280,206,6,'download','2025-04-11 09:47:02'),(281,206,6,'download','2025-04-11 09:47:03'),(282,206,6,'download','2025-04-11 09:47:03'),(283,206,6,'download','2025-04-11 09:47:04'),(284,204,6,'download','2025-04-11 09:59:27'),(285,207,6,'download','2025-04-11 10:16:33'),(286,207,6,'download','2025-04-11 10:17:55'),(287,207,6,'download','2025-04-11 10:22:41'),(288,207,6,'download','2025-04-11 10:23:35'),(289,208,6,'download','2025-04-11 10:28:06'),(290,208,6,'download','2025-04-11 10:31:33'),(291,209,6,'download','2025-04-11 10:48:54'),(292,213,6,'download','2025-04-11 11:40:44'),(293,213,6,'download','2025-04-11 11:40:49'),(294,221,18,'download','2025-04-14 08:42:49'),(295,221,18,'download','2025-04-14 08:42:51'),(296,221,18,'download','2025-04-14 08:42:51'),(297,222,6,'download','2025-04-14 08:43:44'),(298,222,6,'download','2025-04-14 08:43:44'),(299,222,6,'download','2025-04-14 08:43:44'),(300,222,6,'download','2025-04-14 08:43:45'),(301,222,6,'download','2025-04-14 08:43:46'),(302,222,6,'download','2025-04-14 12:10:10'),(303,218,6,'download','2025-04-14 12:10:45'),(304,222,6,'download','2025-04-14 12:13:04'),(305,222,6,'download','2025-04-14 12:14:14'),(306,222,6,'download','2025-04-14 12:16:31'),(307,224,6,'download','2025-04-14 12:26:22'),(308,225,6,'download','2025-04-14 12:27:56'),(309,225,6,'download','2025-04-14 12:30:13'),(310,224,6,'download','2025-04-14 12:30:26'),(311,226,6,'download','2025-04-14 12:32:56'),(312,226,6,'download','2025-04-14 12:32:57'),(324,240,6,'download','2025-04-14 13:57:54'),(325,241,6,'download','2025-04-15 07:53:20'),(326,241,6,'download','2025-04-15 07:53:21'),(327,241,6,'download','2025-04-15 08:06:20'),(329,241,6,'download','2025-04-15 08:13:22'),(330,241,6,'download','2025-04-15 08:13:40'),(331,241,6,'download','2025-04-15 08:15:06'),(332,241,6,'download','2025-04-15 08:15:06'),(333,241,6,'download','2025-04-15 08:15:06'),(334,241,6,'download','2025-04-15 08:15:07'),(335,241,6,'download','2025-04-15 08:25:09'),(337,247,18,'download','2025-04-15 13:09:28'),(338,248,6,'download','2025-04-16 06:05:55'),(339,248,6,'download','2025-04-16 06:05:57'),(340,272,6,'download','2025-04-16 10:26:51'),(341,274,6,'download','2025-04-16 10:35:04'),(342,327,6,'download','2025-04-16 12:06:35'),(343,327,6,'download','2025-04-16 12:06:35'),(344,327,6,'download','2025-04-16 12:06:35'),(345,349,19,'download','2025-04-16 12:29:04'),(354,417,17,'download','2025-04-22 11:23:46'),(355,419,6,'download','2025-04-22 11:26:01'),(362,422,6,'download','2025-04-23 05:42:59'),(363,422,6,'download','2025-04-23 05:43:00'),(364,422,6,'download','2025-04-23 05:43:01'),(365,423,6,'download','2025-04-23 05:44:55'),(366,423,6,'download','2025-04-23 05:44:55'),(367,423,6,'download','2025-04-23 05:44:56'),(368,423,6,'download','2025-04-23 05:44:56'),(369,423,6,'download','2025-04-23 05:44:57'),(370,422,6,'download','2025-04-23 07:17:44'),(371,422,6,'download','2025-04-23 07:17:47'),(372,422,6,'download','2025-04-23 07:17:48'),(375,241,6,'download','2025-04-23 07:35:15'),(376,241,6,'download','2025-04-23 07:35:15'),(377,424,22,'download','2025-04-23 11:43:37'),(378,423,6,'download','2025-04-24 06:54:40'),(379,423,6,'download','2025-04-24 07:31:30'),(380,423,6,'download','2025-04-24 07:31:31'),(381,423,6,'download','2025-04-24 07:31:38'),(382,423,6,'download','2025-04-24 07:35:36'),(383,422,6,'download','2025-04-24 07:35:42'),(385,422,6,'download','2025-04-24 07:36:02'),(386,419,6,'download','2025-04-24 07:36:07'),(388,423,6,'download','2025-04-24 07:38:13'),(389,423,6,'download','2025-04-24 07:38:49'),(390,423,6,'download','2025-04-24 07:43:19'),(391,423,6,'download','2025-04-24 07:43:19'),(392,423,6,'download','2025-04-24 07:43:21'),(393,423,6,'download','2025-04-24 07:49:01'),(394,423,6,'download','2025-04-24 07:49:01'),(395,423,6,'download','2025-04-24 07:52:22'),(396,425,6,'download','2025-04-24 08:00:17'),(397,425,6,'download','2025-04-24 08:00:23'),(398,425,6,'download','2025-04-24 08:00:26'),(399,423,6,'download','2025-04-24 08:05:20'),(400,423,6,'download','2025-04-24 08:05:21'),(401,423,6,'download','2025-04-24 08:05:37'),(402,423,6,'download','2025-04-24 08:05:39'),(403,425,6,'download','2025-04-24 08:11:14'),(404,425,6,'download','2025-04-24 08:11:16'),(405,425,6,'download','2025-04-24 08:19:38'),(406,425,6,'download','2025-04-24 08:25:19'),(407,425,6,'download','2025-04-24 08:25:31'),(408,425,6,'download','2025-04-24 08:33:25'),(409,425,6,'download','2025-04-24 08:33:41'),(410,425,6,'download','2025-04-24 08:34:09'),(411,425,6,'download','2025-04-24 08:34:19'),(412,425,6,'download','2025-04-24 08:37:56'),(413,425,6,'download','2025-04-24 08:38:28'),(414,425,6,'download','2025-04-24 08:40:58'),(415,425,6,'download','2025-04-24 08:44:35'),(416,425,6,'download','2025-04-24 08:44:49'),(417,425,6,'download','2025-04-24 08:49:48'),(418,425,6,'download','2025-04-24 08:50:08'),(419,425,6,'download','2025-04-24 08:50:35'),(420,425,6,'download','2025-04-24 09:25:50'),(421,425,6,'download','2025-04-24 09:26:29'),(422,425,6,'download','2025-04-24 09:30:11'),(423,425,6,'download','2025-04-24 09:33:23'),(424,425,6,'download','2025-04-24 09:37:24'),(425,423,6,'download','2025-04-24 09:51:57'),(426,423,6,'download','2025-04-24 09:52:00'),(428,426,6,'download','2025-04-24 09:55:51'),(429,426,6,'download','2025-04-24 09:55:54'),(430,426,6,'download','2025-04-24 09:56:37'),(431,426,6,'download','2025-04-24 10:05:26'),(432,426,6,'download','2025-04-24 10:05:30'),(433,426,6,'download','2025-04-24 10:17:53'),(434,426,6,'download','2025-04-24 10:18:05'),(435,426,6,'download','2025-04-24 10:24:39'),(436,426,6,'download','2025-04-24 10:58:06'),(437,426,6,'download','2025-04-24 10:58:21'),(438,426,6,'download','2025-04-24 11:00:53'),(439,426,6,'download','2025-04-24 11:05:20'),(440,426,6,'download','2025-04-24 11:10:30'),(441,426,6,'download','2025-04-24 11:10:53'),(442,426,6,'download','2025-04-24 11:17:06'),(443,426,6,'download','2025-04-24 11:17:23'),(444,426,6,'download','2025-04-24 11:17:35'),(445,426,6,'download','2025-04-24 11:20:45'),(446,426,6,'download','2025-04-24 11:24:50'),(447,426,6,'download','2025-04-24 11:24:56'),(448,426,6,'download','2025-04-24 11:25:18'),(449,426,6,'download','2025-04-24 11:25:29'),(450,426,6,'download','2025-04-24 11:28:58'),(451,426,6,'download','2025-04-24 11:29:14'),(452,426,6,'download','2025-04-24 11:31:12'),(453,426,6,'download','2025-04-24 11:31:27'),(454,426,6,'download','2025-04-24 11:32:24'),(455,426,6,'download','2025-04-24 11:32:57'),(456,426,6,'download','2025-04-24 11:34:50'),(457,426,6,'download','2025-04-24 11:35:52'),(458,426,6,'download','2025-04-24 11:37:51'),(459,426,6,'download','2025-04-24 11:38:06'),(460,426,6,'download','2025-04-24 11:38:29'),(461,426,6,'download','2025-04-24 11:39:19'),(462,426,6,'download','2025-04-24 11:43:35'),(463,426,6,'download','2025-04-24 11:45:39'),(464,426,6,'download','2025-04-24 11:49:42'),(465,426,6,'download','2025-04-24 11:50:55'),(466,426,6,'download','2025-04-24 11:50:59'),(467,426,6,'download','2025-04-24 11:51:14'),(468,426,6,'download','2025-04-24 11:53:54'),(469,426,6,'download','2025-04-24 11:55:03'),(470,426,6,'download','2025-04-24 11:55:54'),(471,426,6,'download','2025-04-24 11:56:03'),(472,426,6,'download','2025-04-24 11:57:38'),(473,426,6,'download','2025-04-24 11:59:23'),(474,426,6,'download','2025-04-24 12:00:29'),(475,426,6,'download','2025-04-24 12:01:41'),(476,426,6,'download','2025-04-24 12:03:00'),(477,426,6,'download','2025-04-24 12:03:24'),(478,426,6,'download','2025-04-24 12:04:39'),(479,426,6,'download','2025-04-24 12:05:02'),(480,426,6,'download','2025-04-24 12:06:19'),(481,426,6,'download','2025-04-24 12:07:42'),(482,426,6,'download','2025-04-24 12:09:02'),(483,426,6,'download','2025-04-24 12:11:20'),(484,426,6,'download','2025-04-24 12:12:24'),(485,426,6,'download','2025-04-24 12:13:54'),(486,426,6,'download','2025-04-24 12:14:11'),(487,426,6,'download','2025-04-24 12:14:56'),(488,426,6,'download','2025-04-24 12:15:36'),(489,426,6,'download','2025-04-24 12:17:44'),(490,426,6,'download','2025-04-24 12:18:02'),(491,426,6,'download','2025-04-24 12:20:11'),(492,426,6,'download','2025-04-24 12:20:26'),(493,426,6,'download','2025-04-24 12:20:46'),(494,426,6,'download','2025-04-24 12:22:09'),(495,426,6,'download','2025-04-24 12:22:19'),(496,426,6,'download','2025-04-24 12:22:23'),(497,426,6,'download','2025-04-24 12:24:25'),(498,426,6,'download','2025-04-24 12:24:32'),(499,426,6,'download','2025-04-24 12:27:19'),(500,426,6,'download','2025-04-24 12:27:31'),(501,426,6,'download','2025-04-24 12:27:41'),(502,426,6,'download','2025-04-24 12:27:55'),(503,426,6,'download','2025-04-24 12:30:22'),(504,426,6,'download','2025-04-24 12:31:09'),(505,426,6,'download','2025-04-24 12:41:57'),(506,426,6,'download','2025-04-24 12:42:08'),(507,426,6,'download','2025-04-24 12:42:17'),(508,426,6,'download','2025-04-24 12:42:37'),(509,426,6,'download','2025-04-24 12:46:09'),(510,426,6,'download','2025-04-24 12:46:22'),(511,426,6,'download','2025-04-24 12:46:30'),(512,426,6,'download','2025-04-24 12:48:09'),(513,426,6,'download','2025-04-24 12:48:27'),(514,426,6,'download','2025-04-24 12:48:38'),(515,426,6,'download','2025-04-24 12:48:55'),(516,426,6,'download','2025-04-24 12:49:03'),(517,426,6,'download','2025-04-24 12:49:07'),(518,426,6,'download','2025-04-24 12:49:11'),(519,426,6,'download','2025-04-24 12:50:05'),(520,426,6,'download','2025-04-24 12:50:13'),(521,426,6,'download','2025-04-24 12:50:16'),(522,426,6,'download','2025-04-24 12:53:30'),(523,426,6,'download','2025-04-24 12:53:35'),(524,427,6,'download','2025-04-24 12:56:48'),(525,427,6,'download','2025-04-24 12:56:58'),(526,427,6,'download','2025-04-24 12:57:01'),(527,427,6,'download','2025-04-24 12:57:19'),(528,427,6,'download','2025-04-24 12:57:29'),(529,427,6,'download','2025-04-24 12:57:35'),(530,427,6,'download','2025-04-24 12:57:42'),(531,426,6,'download','2025-04-24 12:57:45'),(532,426,6,'download','2025-04-24 12:57:49'),(533,426,6,'download','2025-04-24 12:57:51'),(534,427,6,'download','2025-04-24 12:57:58'),(535,427,6,'download','2025-04-24 12:58:00'),(536,427,6,'download','2025-04-24 12:58:14'),(537,427,6,'download','2025-04-24 12:58:21'),(538,427,6,'download','2025-04-24 12:58:23'),(539,427,6,'download','2025-04-24 12:58:30'),(540,427,6,'download','2025-04-24 12:58:38'),(541,426,6,'download','2025-04-24 12:58:45'),(542,427,6,'download','2025-04-24 12:58:54'),(543,427,6,'download','2025-04-24 12:59:02'),(544,427,6,'download','2025-04-24 12:59:09'),(545,4,6,'download','2025-04-24 13:01:48'),(546,4,6,'download','2025-04-24 13:01:54'),(547,427,6,'download','2025-04-24 13:08:48'),(548,427,6,'download','2025-04-24 13:10:04'),(549,427,6,'download','2025-04-24 13:10:23'),(550,427,6,'download','2025-04-24 13:18:02'),(551,428,6,'download','2025-04-24 13:28:50'),(552,428,6,'download','2025-04-24 13:33:04'),(553,428,6,'download','2025-04-24 13:33:17'),(554,428,6,'download','2025-04-24 13:33:17'),(555,428,6,'download','2025-04-24 13:33:45'),(556,428,6,'download','2025-04-24 13:42:01'),(557,425,6,'download','2025-04-24 13:50:18'),(558,428,6,'download','2025-04-24 13:50:46'),(559,427,6,'download','2025-04-24 13:53:10'),(560,428,6,'download','2025-04-25 07:01:45'),(561,428,6,'download','2025-04-25 07:01:52'),(562,428,6,'download','2025-04-25 08:37:45'),(563,428,6,'download','2025-04-25 09:29:32'),(564,428,6,'download','2025-04-25 09:29:36'),(565,428,6,'download','2025-04-25 09:54:41'),(566,428,6,'download','2025-04-25 09:55:02'),(567,428,6,'download','2025-04-25 09:55:32'),(568,428,6,'download','2025-04-25 10:59:22'),(570,428,6,'download','2025-04-25 11:34:16'),(572,7,6,'download','2025-04-25 13:03:25'),(573,428,6,'download','2025-04-25 13:06:39'),(574,428,6,'download','2025-04-25 13:06:43'),(575,428,6,'download','2025-04-25 13:08:57'),(576,428,6,'download','2025-04-25 13:09:01'),(583,432,6,'download','2025-04-28 07:06:27'),(584,432,6,'download','2025-04-28 07:06:33'),(585,433,6,'download','2025-04-28 08:33:38'),(586,433,6,'download','2025-04-28 10:47:24'),(587,433,6,'download','2025-04-28 11:49:29'),(588,434,6,'download','2025-04-28 11:50:23'),(589,435,6,'upload','2025-04-28 11:57:36'),(590,436,6,'upload','2025-04-28 13:13:44'),(591,437,22,'upload','2025-04-28 13:26:11'),(592,432,6,'download','2025-04-30 09:48:44'),(593,432,6,'download','2025-04-30 09:48:44'),(594,438,6,'upload','2025-05-05 06:44:11'),(595,438,6,'download','2025-05-05 06:44:25'),(596,438,6,'download','2025-05-05 06:44:27'),(597,439,29,'upload','2025-05-05 07:08:17'),(598,440,29,'upload','2025-05-05 09:23:38'),(599,440,29,'download','2025-05-05 09:24:16'),(600,441,6,'upload','2025-05-05 11:41:27'),(601,442,6,'upload','2025-05-05 12:04:16'),(602,442,6,'download','2025-05-05 12:04:52'),(603,6,6,'download','2025-05-05 12:37:10'),(604,443,6,'upload','2025-05-05 12:44:11'),(605,443,6,'download','2025-05-05 12:45:28'),(606,444,6,'upload','2025-05-05 13:46:51'),(607,444,6,'download','2025-05-05 13:47:09'),(608,445,6,'upload','2025-05-05 13:54:23'),(609,445,6,'download','2025-05-05 13:55:06'),(610,446,6,'upload','2025-05-06 07:49:28'),(611,447,6,'upload','2025-05-06 09:00:02'),(612,447,6,'download','2025-05-06 09:00:15'),(613,447,6,'download','2025-05-06 09:50:11'),(614,448,6,'upload','2025-05-06 10:02:25'),(615,449,6,'upload','2025-05-06 10:21:39'),(616,449,6,'download','2025-05-06 10:22:10'),(617,450,6,'upload','2025-05-07 06:11:49'),(618,451,6,'upload','2025-05-07 06:20:41'),(619,452,6,'upload','2025-05-07 06:27:14'),(620,453,6,'upload','2025-05-07 06:32:51'),(621,454,6,'upload','2025-05-07 06:39:01'),(622,455,6,'upload','2025-05-07 06:46:04'),(623,452,6,'download','2025-05-07 06:46:50'),(624,456,6,'upload','2025-05-07 06:49:44'),(625,457,6,'upload','2025-05-07 06:52:03'),(626,458,6,'upload','2025-05-07 06:58:03'),(627,459,6,'upload','2025-05-07 07:09:27'),(629,461,6,'upload','2025-05-07 07:34:33'),(630,461,6,'download','2025-05-07 07:34:50'),(631,462,6,'upload','2025-05-07 07:37:03'),(632,463,6,'upload','2025-05-07 08:16:24'),(633,464,6,'upload','2025-05-07 08:26:07'),(634,465,6,'upload','2025-05-07 08:28:28'),(635,466,6,'upload','2025-05-07 08:31:22'),(636,467,6,'upload','2025-05-07 08:41:46'),(637,468,6,'upload','2025-05-07 08:45:25'),(638,469,6,'upload','2025-05-07 10:12:49'),(639,469,6,'download','2025-05-07 10:12:59'),(640,469,6,'download','2025-05-07 10:13:03'),(642,471,25,'upload','2025-05-07 11:26:01'),(643,471,25,'download','2025-05-07 11:29:14'),(644,471,25,'download','2025-05-07 11:29:17'),(646,472,25,'download','2025-05-09 07:07:37'),(651,479,25,'download','2025-05-12 13:11:10'),(653,505,25,'download','2025-05-13 07:30:56'),(657,490,25,'download','2025-05-13 09:01:47'),(660,455,6,'download','2025-05-13 12:19:22'),(661,455,6,'download','2025-05-13 12:19:22'),(662,455,6,'download','2025-05-13 12:19:22'),(663,455,6,'download','2025-05-13 12:19:22'),(664,455,6,'download','2025-05-13 12:19:22'),(665,455,6,'download','2025-05-13 12:19:22'),(666,455,6,'download','2025-05-13 12:19:22'),(667,455,6,'download','2025-05-13 12:19:22'),(668,455,6,'download','2025-05-13 12:19:22'),(669,455,6,'download','2025-05-13 12:19:22'),(670,455,6,'download','2025-05-13 12:19:22'),(671,455,6,'download','2025-05-13 12:19:22'),(672,455,6,'download','2025-05-13 12:19:22'),(673,455,6,'download','2025-05-13 12:19:22'),(674,468,6,'download','2025-05-13 12:19:35'),(675,468,6,'download','2025-05-13 12:19:35'),(676,449,6,'download','2025-05-13 12:21:07'),(677,449,6,'download','2025-05-13 12:21:07'),(678,449,6,'download','2025-05-13 12:21:08'),(679,449,6,'download','2025-05-13 12:21:08'),(680,449,6,'download','2025-05-13 12:21:14'),(681,449,6,'download','2025-05-13 12:21:14'),(682,448,6,'download','2025-05-13 12:28:37'),(683,448,6,'download','2025-05-13 12:28:37'),(684,506,25,'download','2025-05-13 12:44:20'),(685,506,25,'download','2025-05-13 12:44:20'),(686,507,25,'download','2025-05-13 12:44:30'),(687,507,25,'download','2025-05-13 12:44:30'),(694,483,25,'download','2025-05-13 12:45:27'),(695,483,25,'download','2025-05-13 12:45:27'),(696,482,25,'download','2025-05-13 12:45:30'),(697,482,25,'download','2025-05-13 12:45:30'),(704,481,25,'download','2025-05-13 12:47:10'),(705,481,25,'download','2025-05-13 12:47:10'),(706,481,25,'download','2025-05-13 12:47:37'),(707,481,25,'download','2025-05-13 12:47:38'),(708,481,25,'download','2025-05-13 12:47:38'),(709,481,25,'download','2025-05-13 12:47:38'),(710,481,25,'download','2025-05-13 12:47:38'),(711,481,25,'download','2025-05-13 12:47:38'),(712,481,25,'download','2025-05-13 12:47:38'),(713,481,25,'download','2025-05-13 12:47:38'),(714,481,25,'download','2025-05-13 12:47:38'),(715,481,25,'download','2025-05-13 12:47:38'),(716,481,25,'download','2025-05-13 12:47:38'),(717,481,25,'download','2025-05-13 12:47:39'),(726,514,25,'download','2025-05-13 12:52:01'),(727,514,25,'download','2025-05-13 12:52:01'),(728,496,25,'download','2025-05-13 12:52:25'),(729,496,25,'download','2025-05-13 12:52:25'),(730,510,25,'download','2025-05-13 12:53:11'),(731,510,25,'download','2025-05-13 12:53:11'),(734,509,25,'download','2025-05-13 13:12:36'),(735,509,25,'download','2025-05-13 13:12:36'),(744,515,25,'download','2025-05-13 13:29:26'),(745,515,25,'download','2025-05-13 13:29:26'),(746,514,25,'download','2025-05-13 13:29:29'),(747,514,25,'download','2025-05-13 13:29:29'),(748,515,25,'download','2025-05-13 13:29:33'),(749,515,25,'download','2025-05-13 13:29:33'),(750,514,25,'download','2025-05-13 13:29:37'),(751,514,25,'download','2025-05-13 13:29:37'),(754,515,25,'download','2025-05-13 13:29:54'),(755,515,25,'download','2025-05-13 13:29:54'),(764,514,25,'download','2025-05-14 05:59:40'),(765,514,25,'download','2025-05-14 05:59:40'),(766,515,25,'download','2025-05-14 05:59:43'),(767,515,25,'download','2025-05-14 05:59:44'),(768,470,25,'download','2025-05-14 05:59:49'),(769,470,25,'download','2025-05-14 05:59:49'),(770,471,25,'download','2025-05-14 05:59:53'),(771,471,25,'download','2025-05-14 05:59:53'),(776,490,25,'download','2025-05-14 06:00:05'),(777,490,25,'download','2025-05-14 06:00:05'),(778,486,25,'download','2025-05-14 06:00:23'),(779,486,25,'download','2025-05-14 06:00:23'),(780,484,25,'download','2025-05-14 06:00:27'),(781,484,25,'download','2025-05-14 06:00:27'),(784,515,25,'download','2025-05-14 06:00:42'),(785,515,25,'download','2025-05-14 06:00:42'),(786,514,25,'download','2025-05-14 06:00:44'),(787,514,25,'download','2025-05-14 06:00:44'),(788,520,25,'upload','2025-05-14 06:02:16'),(789,520,25,'download','2025-05-14 06:02:22'),(790,520,25,'download','2025-05-14 06:02:22'),(791,520,25,'download','2025-05-14 06:02:34'),(792,520,25,'download','2025-05-14 06:02:34'),(793,520,25,'download','2025-05-14 06:04:05'),(794,520,25,'download','2025-05-14 06:04:05'),(797,523,25,'upload','2025-05-15 06:40:51'),(798,524,25,'upload','2025-05-15 07:35:48'),(799,525,25,'upload','2025-05-15 09:17:31'),(800,526,25,'upload','2025-05-15 11:14:44'),(801,527,25,'upload','2025-05-15 11:33:06'),(803,529,25,'upload','2025-05-15 12:16:46'),(804,532,25,'download','2025-05-15 13:31:52'),(805,533,25,'upload','2025-05-16 09:27:30');
/*!40000 ALTER TABLE `document_statistics` ENABLE KEYS */;
UNLOCK TABLES;

--
-- Table structure for table `document_tag_relations`
--

DROP TABLE IF EXISTS `document_tag_relations`;
/*!40101 SET @saved_cs_client     = @@character_set_client */;
/*!50503 SET character_set_client = utf8mb4 */;
CREATE TABLE `document_tag_relations` (
  `id_relation` int NOT NULL AUTO_INCREMENT,
  `id_document` int NOT NULL,
  `id_tag` int NOT NULL,
  `added_by` int NOT NULL,
  `added_date` datetime DEFAULT CURRENT_TIMESTAMP,
  PRIMARY KEY (`id_relation`),
  UNIQUE KEY `id_document_id_tag` (`id_document`,`id_tag`),
  KEY `id_tag` (`id_tag`),
  KEY `added_by` (`added_by`),
  CONSTRAINT `document_tag_relations_ibfk_1` FOREIGN KEY (`id_document`) REFERENCES `table_document` (`id_document`) ON DELETE CASCADE,
  CONSTRAINT `document_tag_relations_ibfk_2` FOREIGN KEY (`id_tag`) REFERENCES `document_tags` (`id_tag`) ON DELETE CASCADE,
  CONSTRAINT `document_tag_relations_ibfk_3` FOREIGN KEY (`added_by`) REFERENCES `user` (`id_user`)
) ENGINE=InnoDB AUTO_INCREMENT=1037 DEFAULT CHARSET=utf8mb4 COLLATE=utf8mb4_0900_ai_ci;
/*!40101 SET character_set_client = @saved_cs_client */;

--
-- Dumping data for table `document_tag_relations`
--

LOCK TABLES `document_tag_relations` WRITE;
/*!40000 ALTER TABLE `document_tag_relations` DISABLE KEYS */;
INSERT INTO `document_tag_relations` VALUES (1,36,1,6,'2025-03-24 16:51:39'),(2,38,12,6,'2025-03-24 16:54:05'),(3,38,6,6,'2025-03-24 16:54:05'),(4,38,3,6,'2025-03-24 16:54:05'),(20,40,5,6,'2025-03-25 14:45:48'),(21,40,9,6,'2025-03-25 14:45:48'),(22,40,10,6,'2025-03-25 14:45:48'),(23,40,13,6,'2025-03-25 14:45:48'),(24,40,14,6,'2025-03-25 14:45:48'),(29,39,1,6,'2025-03-25 15:21:29'),(30,39,6,6,'2025-03-25 15:21:29'),(31,39,7,6,'2025-03-25 15:21:29'),(39,41,6,6,'2025-03-25 16:00:33'),(40,41,16,6,'2025-03-25 16:00:33'),(45,42,6,6,'2025-03-25 16:37:02'),(46,42,17,6,'2025-03-25 16:37:02'),(72,43,3,6,'2025-03-26 11:14:16'),(73,43,15,6,'2025-03-26 11:14:16'),(74,43,18,6,'2025-03-26 11:14:16'),(96,44,17,6,'2025-03-26 13:39:05'),(97,44,18,6,'2025-03-26 13:39:05'),(98,44,20,6,'2025-03-26 13:39:05'),(99,44,10,6,'2025-03-26 13:39:05'),(158,46,15,6,'2025-03-27 09:53:55'),(159,46,6,6,'2025-03-27 09:53:55'),(160,46,9,6,'2025-03-27 09:53:55'),(161,47,13,6,'2025-03-27 11:32:49'),(162,47,6,6,'2025-03-27 11:32:49'),(163,47,15,6,'2025-03-27 11:32:49'),(164,48,11,6,'2025-03-27 16:35:16'),(165,48,15,6,'2025-03-27 16:35:16'),(166,48,9,6,'2025-03-27 16:35:16'),(167,48,5,6,'2025-03-27 16:35:16'),(168,45,17,6,'2025-03-28 09:09:12'),(169,45,21,6,'2025-03-28 09:09:12'),(170,45,22,6,'2025-03-28 09:09:12'),(177,50,13,14,'2025-03-28 14:56:42'),(178,50,15,14,'2025-03-28 14:56:42'),(179,50,6,14,'2025-03-28 14:56:42'),(180,49,13,6,'2025-03-31 10:09:54'),(181,49,21,6,'2025-03-31 10:09:54'),(188,51,9,18,'2025-03-31 12:21:00'),(189,51,15,18,'2025-03-31 12:21:00'),(190,51,23,18,'2025-03-31 12:21:00'),(194,52,6,6,'2025-03-31 13:10:58'),(195,52,9,6,'2025-03-31 13:10:58'),(196,52,24,6,'2025-03-31 13:10:58'),(197,53,17,19,'2025-03-31 13:47:33'),(198,53,6,19,'2025-03-31 13:47:33'),(240,54,5,18,'2025-03-31 14:52:29'),(241,54,6,18,'2025-03-31 14:52:29'),(242,54,28,18,'2025-03-31 14:52:29'),(243,55,13,18,'2025-03-31 14:55:43'),(244,55,6,18,'2025-03-31 14:55:43'),(245,55,15,18,'2025-03-31 14:55:43'),(246,55,9,18,'2025-03-31 14:55:43'),(250,33,13,18,'2025-03-31 15:12:24'),(251,33,15,18,'2025-03-31 15:12:24'),(252,33,9,18,'2025-03-31 15:12:24'),(268,56,5,18,'2025-03-31 15:23:37'),(269,56,15,18,'2025-03-31 15:23:37'),(270,57,6,6,'2025-04-01 12:32:01'),(271,57,9,6,'2025-04-01 12:32:01'),(272,57,13,6,'2025-04-01 12:32:01'),(273,57,15,6,'2025-04-01 12:32:01'),(274,58,6,6,'2025-04-01 12:35:14'),(275,58,9,6,'2025-04-01 12:35:14'),(276,59,21,6,'2025-04-01 12:37:21'),(277,59,15,6,'2025-04-01 12:37:21'),(278,60,12,6,'2025-04-01 12:40:18'),(279,60,3,6,'2025-04-01 12:40:18'),(280,60,11,6,'2025-04-01 12:40:18'),(281,61,9,6,'2025-04-01 13:21:38'),(282,61,13,6,'2025-04-01 13:21:38'),(283,61,5,6,'2025-04-01 13:21:38'),(284,62,6,6,'2025-04-01 13:24:39'),(285,62,13,6,'2025-04-01 13:24:39'),(286,63,5,6,'2025-04-01 14:49:13'),(287,63,9,6,'2025-04-01 14:49:14'),(288,63,15,6,'2025-04-01 14:49:14'),(289,64,9,6,'2025-04-02 16:47:09'),(290,64,6,6,'2025-04-02 16:47:09'),(291,64,15,6,'2025-04-02 16:47:09'),(292,65,12,6,'2025-04-02 16:52:29'),(293,65,17,6,'2025-04-02 16:52:29'),(298,72,13,6,'2025-04-03 11:35:21'),(299,72,6,6,'2025-04-03 11:35:21'),(300,72,17,6,'2025-04-03 11:35:21'),(301,72,15,6,'2025-04-03 11:35:21'),(302,73,6,6,'2025-04-03 11:50:44'),(303,73,15,6,'2025-04-03 11:50:44'),(304,73,5,6,'2025-04-03 11:50:44'),(305,73,17,6,'2025-04-03 11:50:44'),(306,74,5,6,'2025-04-03 12:03:09'),(307,74,6,6,'2025-04-03 12:03:09'),(308,74,12,6,'2025-04-03 12:03:09'),(309,74,24,6,'2025-04-03 12:03:09'),(310,75,30,6,'2025-04-03 16:50:24'),(311,75,21,6,'2025-04-03 16:50:24'),(312,75,5,6,'2025-04-03 16:50:24'),(313,75,17,6,'2025-04-03 16:50:24'),(314,76,13,6,'2025-04-03 16:52:58'),(315,76,6,6,'2025-04-03 16:52:58'),(316,76,15,6,'2025-04-03 16:52:58'),(317,77,12,6,'2025-04-03 16:59:21'),(318,77,13,6,'2025-04-03 16:59:21'),(319,78,6,6,'2025-04-04 09:12:19'),(320,78,13,6,'2025-04-04 09:12:19'),(321,79,17,6,'2025-04-04 09:28:54'),(322,79,6,6,'2025-04-04 09:28:54'),(323,79,9,6,'2025-04-04 09:28:54'),(324,80,17,19,'2025-04-04 09:59:44'),(325,80,6,19,'2025-04-04 09:59:44'),(326,80,15,19,'2025-04-04 09:59:44'),(327,81,12,6,'2025-04-04 11:00:35'),(328,81,6,6,'2025-04-04 11:00:35'),(329,82,21,6,'2025-04-04 11:34:21'),(330,82,6,6,'2025-04-04 11:34:21'),(331,83,12,6,'2025-04-04 11:44:48'),(332,84,15,6,'2025-04-04 11:58:03'),(333,85,17,6,'2025-04-04 15:26:05'),(334,85,6,6,'2025-04-04 15:26:06'),(335,85,21,6,'2025-04-04 15:26:06'),(336,85,15,6,'2025-04-04 15:26:06'),(343,88,6,6,'2025-04-07 10:26:03'),(344,88,15,6,'2025-04-07 10:26:03'),(345,88,13,6,'2025-04-07 10:26:03'),(346,89,13,6,'2025-04-07 11:09:26'),(347,89,6,6,'2025-04-07 11:09:26'),(348,90,13,6,'2025-04-07 11:57:58'),(349,90,6,6,'2025-04-07 11:57:58'),(350,90,12,6,'2025-04-07 11:57:58'),(351,91,13,6,'2025-04-07 12:04:47'),(352,91,6,6,'2025-04-07 12:04:47'),(353,92,13,6,'2025-04-07 12:26:22'),(354,92,6,6,'2025-04-07 12:26:22'),(355,92,15,6,'2025-04-07 12:26:22'),(356,92,5,6,'2025-04-07 12:26:22'),(357,93,6,6,'2025-04-07 12:49:15'),(358,93,13,6,'2025-04-07 12:49:15'),(359,93,15,6,'2025-04-07 12:49:15'),(360,94,15,6,'2025-04-07 14:21:48'),(361,94,6,6,'2025-04-07 14:21:48'),(362,94,5,6,'2025-04-07 14:21:48'),(363,95,5,6,'2025-04-07 15:43:50'),(364,95,17,6,'2025-04-07 15:43:50'),(365,95,11,6,'2025-04-07 15:43:50'),(366,95,24,6,'2025-04-07 15:43:50'),(367,96,13,6,'2025-04-07 15:45:07'),(368,97,5,6,'2025-04-07 15:49:12'),(369,97,6,6,'2025-04-07 15:49:12'),(370,98,13,6,'2025-04-07 15:54:03'),(371,98,17,6,'2025-04-07 15:54:03'),(372,99,6,6,'2025-04-07 15:57:20'),(373,99,13,6,'2025-04-07 15:57:20'),(374,100,6,6,'2025-04-07 16:00:18'),(375,100,13,6,'2025-04-07 16:00:18'),(376,101,5,6,'2025-04-07 16:03:25'),(377,101,6,6,'2025-04-07 16:03:25'),(378,101,21,6,'2025-04-07 16:03:25'),(379,102,12,6,'2025-04-07 16:06:50'),(380,102,6,6,'2025-04-07 16:06:50'),(381,102,15,6,'2025-04-07 16:06:50'),(382,103,15,6,'2025-04-07 16:09:21'),(383,103,13,6,'2025-04-07 16:09:21'),(384,104,6,6,'2025-04-07 16:13:59'),(385,104,5,6,'2025-04-07 16:13:59'),(386,105,12,6,'2025-04-07 16:16:18'),(387,105,5,6,'2025-04-07 16:16:18'),(388,106,5,6,'2025-04-07 16:23:32'),(389,106,6,6,'2025-04-07 16:23:32'),(390,106,9,6,'2025-04-07 16:23:32'),(391,107,12,6,'2025-04-07 16:25:59'),(392,107,6,6,'2025-04-07 16:25:59'),(395,109,13,6,'2025-04-07 16:31:40'),(396,109,6,6,'2025-04-07 16:31:40'),(397,110,12,6,'2025-04-07 16:34:35'),(398,110,6,6,'2025-04-07 16:34:35'),(399,110,17,6,'2025-04-07 16:34:35'),(400,110,9,6,'2025-04-07 16:34:35'),(401,110,21,6,'2025-04-07 16:34:35'),(402,110,13,6,'2025-04-07 16:34:35'),(405,112,12,6,'2025-04-07 16:40:53'),(406,113,13,6,'2025-04-08 08:56:59'),(407,113,6,6,'2025-04-08 08:56:59'),(408,113,17,6,'2025-04-08 08:56:59'),(409,114,13,6,'2025-04-08 09:06:30'),(410,114,6,6,'2025-04-08 09:06:30'),(411,114,17,6,'2025-04-08 09:06:30'),(412,116,21,6,'2025-04-08 09:15:12'),(413,117,6,6,'2025-04-08 09:20:47'),(414,117,9,6,'2025-04-08 09:20:47'),(415,117,13,6,'2025-04-08 09:20:47'),(416,118,6,6,'2025-04-08 09:35:30'),(417,118,15,6,'2025-04-08 09:35:30'),(418,122,21,6,'2025-04-08 10:12:48'),(419,122,13,6,'2025-04-08 10:12:48'),(420,122,3,6,'2025-04-08 10:12:48'),(422,124,6,6,'2025-04-08 10:28:12'),(423,124,9,6,'2025-04-08 10:28:12'),(424,124,13,6,'2025-04-08 10:28:12'),(425,125,13,6,'2025-04-08 10:34:30'),(426,125,6,6,'2025-04-08 10:34:30'),(427,126,13,6,'2025-04-08 10:37:02'),(428,126,6,6,'2025-04-08 10:37:02'),(429,126,17,6,'2025-04-08 10:37:02'),(430,127,17,6,'2025-04-08 10:39:42'),(431,127,13,6,'2025-04-08 10:39:42'),(432,127,6,6,'2025-04-08 10:39:42'),(433,128,17,6,'2025-04-08 10:42:56'),(434,128,13,6,'2025-04-08 10:42:56'),(435,128,5,6,'2025-04-08 10:42:56'),(436,129,5,6,'2025-04-08 10:44:18'),(437,129,21,6,'2025-04-08 10:44:18'),(438,130,6,6,'2025-04-08 10:46:56'),(439,130,15,6,'2025-04-08 10:46:56'),(440,131,21,6,'2025-04-08 11:15:21'),(441,131,13,6,'2025-04-08 11:15:21'),(442,131,6,6,'2025-04-08 11:15:21'),(443,132,6,6,'2025-04-08 11:22:25'),(444,132,15,6,'2025-04-08 11:22:25'),(445,133,21,6,'2025-04-08 11:26:10'),(446,134,17,6,'2025-04-08 11:29:15'),(447,134,13,6,'2025-04-08 11:29:15'),(448,135,13,6,'2025-04-08 11:30:47'),(449,135,6,6,'2025-04-08 11:30:47'),(450,135,9,6,'2025-04-08 11:30:47'),(451,136,13,6,'2025-04-08 11:37:46'),(452,136,5,6,'2025-04-08 11:37:46'),(453,136,6,6,'2025-04-08 11:37:46'),(454,137,17,6,'2025-04-08 11:40:56'),(455,137,13,6,'2025-04-08 11:40:56'),(456,137,6,6,'2025-04-08 11:40:56'),(457,138,21,6,'2025-04-08 11:43:04'),(458,138,13,6,'2025-04-08 11:43:04'),(459,138,3,6,'2025-04-08 11:43:04'),(460,138,5,6,'2025-04-08 11:43:04'),(461,139,5,6,'2025-04-08 11:44:50'),(462,139,13,6,'2025-04-08 11:44:50'),(463,139,9,6,'2025-04-08 11:44:50'),(464,140,12,6,'2025-04-08 11:46:14'),(465,140,17,6,'2025-04-08 11:46:14'),(466,140,13,6,'2025-04-08 11:46:14'),(467,141,9,6,'2025-04-08 11:50:04'),(468,141,6,6,'2025-04-08 11:50:04'),(469,142,12,6,'2025-04-08 11:55:49'),(470,142,5,6,'2025-04-08 11:55:49'),(471,142,3,6,'2025-04-08 11:55:49'),(472,143,21,6,'2025-04-08 11:57:02'),(473,143,17,6,'2025-04-08 11:57:02'),(474,143,13,6,'2025-04-08 11:57:02'),(475,144,17,6,'2025-04-08 12:00:31'),(476,144,15,6,'2025-04-08 12:00:31'),(477,144,5,6,'2025-04-08 12:00:31'),(478,145,17,6,'2025-04-08 12:08:38'),(479,145,13,6,'2025-04-08 12:08:38'),(480,145,15,6,'2025-04-08 12:08:38'),(481,147,13,6,'2025-04-08 12:16:27'),(482,147,15,6,'2025-04-08 12:16:27'),(483,147,17,6,'2025-04-08 12:16:27'),(484,148,21,6,'2025-04-08 12:25:26'),(485,148,17,6,'2025-04-08 12:25:26'),(486,149,17,6,'2025-04-08 12:28:20'),(487,149,13,6,'2025-04-08 12:28:20'),(488,149,6,6,'2025-04-08 12:28:20'),(489,150,12,6,'2025-04-08 12:30:22'),(490,150,17,6,'2025-04-08 12:30:22'),(491,150,13,6,'2025-04-08 12:30:22'),(492,151,21,6,'2025-04-08 12:31:25'),(493,151,13,6,'2025-04-08 12:31:25'),(494,152,21,6,'2025-04-08 13:15:05'),(495,152,17,6,'2025-04-08 13:15:05'),(496,153,6,6,'2025-04-08 13:16:08'),(497,153,5,6,'2025-04-08 13:16:08'),(498,154,17,6,'2025-04-08 13:19:10'),(499,154,13,6,'2025-04-08 13:19:10'),(500,154,21,6,'2025-04-08 13:19:10'),(501,155,21,6,'2025-04-08 13:26:29'),(502,155,6,6,'2025-04-08 13:26:29'),(503,156,17,6,'2025-04-08 13:38:39'),(504,156,13,6,'2025-04-08 13:38:39'),(505,156,15,6,'2025-04-08 13:38:39'),(506,157,21,6,'2025-04-08 13:45:48'),(507,157,15,6,'2025-04-08 13:45:48'),(508,158,12,6,'2025-04-08 14:03:40'),(509,158,6,6,'2025-04-08 14:03:40'),(510,159,9,6,'2025-04-08 14:05:38'),(511,159,6,6,'2025-04-08 14:05:38'),(512,159,13,6,'2025-04-08 14:05:38'),(513,160,17,6,'2025-04-08 14:10:05'),(514,160,6,6,'2025-04-08 14:10:05'),(515,161,5,6,'2025-04-08 14:10:54'),(516,161,6,6,'2025-04-08 14:10:54'),(517,161,21,6,'2025-04-08 14:10:54'),(518,162,21,6,'2025-04-08 14:24:26'),(519,162,5,6,'2025-04-08 14:24:26'),(520,162,6,6,'2025-04-08 14:24:26'),(521,163,12,6,'2025-04-08 14:33:54'),(522,163,13,6,'2025-04-08 14:33:54'),(523,163,5,6,'2025-04-08 14:33:54'),(526,169,13,6,'2025-04-09 11:09:29'),(527,169,5,6,'2025-04-09 11:09:29'),(528,174,13,6,'2025-04-09 12:23:29'),(529,174,6,6,'2025-04-09 12:23:30'),(530,174,15,6,'2025-04-09 12:23:30'),(531,175,21,6,'2025-04-09 12:32:40'),(532,175,6,6,'2025-04-09 12:32:40'),(533,175,13,6,'2025-04-09 12:32:40'),(534,176,13,6,'2025-04-09 15:07:58'),(535,176,6,6,'2025-04-09 15:07:58'),(536,176,15,6,'2025-04-09 15:07:58'),(537,177,12,18,'2025-04-09 15:33:23'),(538,177,13,18,'2025-04-09 15:33:23'),(539,177,17,18,'2025-04-09 15:33:23'),(540,179,6,6,'2025-04-10 08:40:39'),(541,179,13,6,'2025-04-10 08:40:39'),(542,179,15,6,'2025-04-10 08:40:39'),(543,182,6,6,'2025-04-10 08:57:34'),(544,182,13,6,'2025-04-10 08:57:34'),(545,185,12,6,'2025-04-10 09:06:29'),(546,185,17,6,'2025-04-10 09:06:29'),(547,185,13,6,'2025-04-10 09:06:29'),(548,196,5,6,'2025-04-10 11:06:15'),(549,196,6,6,'2025-04-10 11:06:15'),(550,196,13,6,'2025-04-10 11:06:15'),(551,197,6,6,'2025-04-10 12:14:29'),(552,197,17,6,'2025-04-10 12:14:29'),(553,197,12,6,'2025-04-10 12:14:29'),(554,197,15,6,'2025-04-10 12:14:29'),(555,198,9,6,'2025-04-10 13:25:50'),(556,198,6,6,'2025-04-10 13:25:50'),(557,198,15,6,'2025-04-10 13:25:50'),(558,199,9,6,'2025-04-10 13:55:47'),(559,199,6,6,'2025-04-10 13:55:47'),(560,199,13,6,'2025-04-10 13:55:47'),(561,201,12,6,'2025-04-10 16:40:36'),(562,201,13,6,'2025-04-10 16:40:36'),(563,201,5,6,'2025-04-10 16:40:36'),(564,202,12,6,'2025-04-11 08:28:32'),(565,202,6,6,'2025-04-11 08:28:32'),(568,207,9,6,'2025-04-11 13:15:31'),(569,207,6,6,'2025-04-11 13:15:31'),(570,207,13,6,'2025-04-11 13:15:31'),(571,208,5,6,'2025-04-11 13:27:11'),(572,208,13,6,'2025-04-11 13:27:11'),(573,208,17,6,'2025-04-11 13:27:11'),(574,209,17,6,'2025-04-11 13:48:05'),(575,209,6,6,'2025-04-11 13:48:05'),(576,209,13,6,'2025-04-11 13:48:05'),(578,211,9,6,'2025-04-11 14:26:49'),(579,212,13,6,'2025-04-11 14:28:45'),(580,212,6,6,'2025-04-11 14:28:45'),(581,213,13,6,'2025-04-11 14:32:55'),(582,213,9,6,'2025-04-11 14:32:55'),(583,214,13,6,'2025-04-11 14:47:05'),(584,214,9,6,'2025-04-11 14:47:05'),(585,214,34,6,'2025-04-11 14:47:05'),(586,215,5,6,'2025-04-11 15:45:49'),(587,215,6,6,'2025-04-11 15:45:49'),(588,215,21,6,'2025-04-11 15:45:49'),(589,216,6,6,'2025-04-14 08:27:53'),(590,216,15,6,'2025-04-14 08:27:53'),(591,217,17,6,'2025-04-14 08:57:09'),(592,217,6,6,'2025-04-14 08:57:09'),(593,218,5,6,'2025-04-14 09:10:14'),(594,218,6,6,'2025-04-14 09:10:14'),(595,218,12,6,'2025-04-14 09:10:14'),(603,240,6,6,'2025-04-14 13:57:28'),(604,240,15,6,'2025-04-14 13:57:28'),(605,240,3,6,'2025-04-14 13:57:28'),(606,241,35,6,'2025-04-15 06:38:15'),(607,241,6,6,'2025-04-15 06:38:15'),(608,241,9,6,'2025-04-15 06:38:15'),(621,247,13,18,'2025-04-15 13:08:54'),(622,247,9,18,'2025-04-15 13:08:54'),(623,247,15,18,'2025-04-15 13:08:54'),(624,248,9,6,'2025-04-16 06:04:55'),(625,248,6,6,'2025-04-16 06:04:55'),(626,248,13,6,'2025-04-16 06:04:55'),(627,249,12,6,'2025-04-16 07:14:44'),(628,249,6,6,'2025-04-16 07:14:44'),(629,250,5,19,'2025-04-16 07:26:44'),(630,250,6,19,'2025-04-16 07:26:44'),(631,250,15,19,'2025-04-16 07:26:44'),(635,272,5,6,'2025-04-16 10:26:30'),(636,272,15,6,'2025-04-16 10:26:30'),(637,272,13,6,'2025-04-16 10:26:30'),(638,272,6,6,'2025-04-16 10:26:30'),(639,274,13,6,'2025-04-16 10:34:43'),(640,274,9,6,'2025-04-16 10:34:43'),(641,274,6,6,'2025-04-16 10:34:43'),(642,327,12,6,'2025-04-16 12:05:55'),(643,327,5,6,'2025-04-16 12:05:55'),(644,327,15,6,'2025-04-16 12:05:55'),(645,349,5,19,'2025-04-16 12:28:30'),(646,349,15,19,'2025-04-16 12:28:30'),(647,349,9,19,'2025-04-16 12:28:30'),(661,418,9,17,'2025-04-22 11:24:31'),(662,418,15,17,'2025-04-22 11:24:31'),(663,419,5,6,'2025-04-22 11:25:25'),(664,419,15,6,'2025-04-22 11:25:25'),(668,421,12,18,'2025-04-22 13:11:22'),(669,421,6,18,'2025-04-22 13:11:22'),(670,421,15,18,'2025-04-22 13:11:22'),(671,421,13,18,'2025-04-22 13:11:22'),(672,422,6,6,'2025-04-23 05:42:28'),(673,422,15,6,'2025-04-23 05:42:28'),(674,422,13,6,'2025-04-23 05:42:28'),(675,422,5,6,'2025-04-23 05:42:28'),(676,422,17,6,'2025-04-23 05:42:28'),(677,424,12,22,'2025-04-23 11:43:27'),(678,424,9,22,'2025-04-23 11:43:27'),(679,424,15,22,'2025-04-23 11:43:27'),(680,425,21,6,'2025-04-24 07:59:53'),(681,425,5,6,'2025-04-24 07:59:53'),(682,425,3,6,'2025-04-24 07:59:53'),(683,426,12,6,'2025-04-24 09:55:39'),(684,426,9,6,'2025-04-24 09:55:39'),(685,426,15,6,'2025-04-24 09:55:39'),(686,427,12,6,'2025-04-24 12:56:37'),(687,427,6,6,'2025-04-24 12:56:37'),(688,427,15,6,'2025-04-24 12:56:37'),(689,427,13,6,'2025-04-24 12:56:37'),(690,428,9,6,'2025-04-24 13:27:45'),(691,428,15,6,'2025-04-24 13:27:45'),(697,433,6,6,'2025-04-28 07:12:50'),(698,433,9,6,'2025-04-28 07:12:50'),(699,433,17,6,'2025-04-28 07:12:50'),(700,433,3,6,'2025-04-28 07:12:50'),(701,434,6,6,'2025-04-28 11:50:11'),(702,434,13,6,'2025-04-28 11:50:11'),(703,434,5,6,'2025-04-28 11:50:11'),(704,435,9,6,'2025-04-28 11:57:36'),(705,435,15,6,'2025-04-28 11:57:36'),(706,436,6,6,'2025-04-28 13:13:44'),(707,436,13,6,'2025-04-28 13:13:44'),(708,437,9,22,'2025-04-28 13:26:11'),(709,437,17,22,'2025-04-28 13:26:11'),(710,438,5,6,'2025-05-05 06:44:11'),(711,438,15,6,'2025-05-05 06:44:11'),(712,439,6,29,'2025-05-05 07:08:17'),(713,439,15,29,'2025-05-05 07:08:17'),(714,440,5,29,'2025-05-05 09:23:38'),(715,440,9,29,'2025-05-05 09:23:38'),(716,440,6,29,'2025-05-05 09:23:38'),(717,440,13,29,'2025-05-05 09:23:38'),(718,441,12,6,'2025-05-05 11:41:27'),(719,441,13,6,'2025-05-05 11:41:27'),(720,441,17,6,'2025-05-05 11:41:27'),(721,442,5,6,'2025-05-05 12:04:16'),(722,442,6,6,'2025-05-05 12:04:16'),(723,442,15,6,'2025-05-05 12:04:16'),(724,443,6,6,'2025-05-05 12:44:11'),(725,443,15,6,'2025-05-05 12:44:11'),(726,443,3,6,'2025-05-05 12:44:11'),(727,443,11,6,'2025-05-05 12:44:11'),(728,444,6,6,'2025-05-05 13:46:51'),(729,444,9,6,'2025-05-05 13:46:51'),(730,444,5,6,'2025-05-05 13:46:51'),(731,445,6,6,'2025-05-05 13:54:23'),(732,445,15,6,'2025-05-05 13:54:23'),(733,445,5,6,'2025-05-05 13:54:23'),(734,445,17,6,'2025-05-05 13:54:23'),(735,446,3,6,'2025-05-06 07:49:28'),(736,446,5,6,'2025-05-06 07:49:28'),(737,447,5,6,'2025-05-06 09:00:02'),(738,447,15,6,'2025-05-06 09:00:02'),(739,447,9,6,'2025-05-06 09:00:02'),(740,448,15,6,'2025-05-06 10:02:25'),(741,448,6,6,'2025-05-06 10:02:25'),(742,448,13,6,'2025-05-06 10:02:25'),(743,449,3,6,'2025-05-06 10:21:38'),(744,449,5,6,'2025-05-06 10:21:38'),(745,450,12,6,'2025-05-07 06:11:49'),(746,450,5,6,'2025-05-07 06:11:49'),(747,450,17,6,'2025-05-07 06:11:49'),(748,451,13,6,'2025-05-07 06:20:41'),(749,451,15,6,'2025-05-07 06:20:41'),(750,452,3,6,'2025-05-07 06:27:14'),(751,452,13,6,'2025-05-07 06:27:14'),(752,452,15,6,'2025-05-07 06:27:14'),(753,453,5,6,'2025-05-07 06:32:51'),(754,453,15,6,'2025-05-07 06:32:51'),(755,454,9,6,'2025-05-07 06:39:01'),(756,454,15,6,'2025-05-07 06:39:01'),(757,455,15,6,'2025-05-07 06:46:04'),(758,456,5,6,'2025-05-07 06:49:44'),(759,457,15,6,'2025-05-07 06:52:02'),(760,458,5,6,'2025-05-07 06:58:03'),(761,462,5,6,'2025-05-07 07:37:03'),(762,462,6,6,'2025-05-07 07:37:03'),(763,463,6,6,'2025-05-07 08:16:24'),(764,468,5,6,'2025-05-07 08:45:25'),(765,468,6,6,'2025-05-07 08:45:25'),(766,469,15,6,'2025-05-07 10:12:49'),(767,469,9,6,'2025-05-07 10:12:49'),(768,469,5,6,'2025-05-07 10:12:49'),(775,479,38,25,'2025-05-12 16:10:24'),(776,479,39,25,'2025-05-12 16:10:24'),(777,480,40,25,'2025-05-12 16:10:24'),(778,480,41,25,'2025-05-12 16:10:24'),(779,480,39,25,'2025-05-12 16:10:24'),(790,493,46,25,'2025-05-13 08:40:45'),(791,493,47,25,'2025-05-13 08:40:45'),(792,493,48,25,'2025-05-13 08:40:45'),(793,494,49,25,'2025-05-13 08:40:45'),(794,494,50,25,'2025-05-13 08:40:45'),(795,495,51,25,'2025-05-13 08:40:45'),(796,495,52,25,'2025-05-13 08:40:45'),(797,495,53,25,'2025-05-13 08:40:45'),(798,505,57,25,'2025-05-13 10:25:00'),(799,505,60,25,'2025-05-13 10:25:00'),(800,505,61,25,'2025-05-13 10:25:00'),(801,506,58,25,'2025-05-13 10:25:00'),(802,506,62,25,'2025-05-13 10:25:00'),(803,506,63,25,'2025-05-13 10:25:00'),(804,507,59,25,'2025-05-13 10:25:00'),(805,507,64,25,'2025-05-13 10:25:00'),(808,509,67,25,'2025-05-13 10:35:21'),(809,509,68,25,'2025-05-13 10:35:21'),(810,509,69,25,'2025-05-13 10:35:21'),(811,510,70,25,'2025-05-13 10:35:21'),(812,510,71,25,'2025-05-13 10:35:21'),(813,510,72,25,'2025-05-13 10:35:21'),(814,511,73,25,'2025-05-13 10:59:48'),(815,511,74,25,'2025-05-13 10:59:48'),(816,511,75,25,'2025-05-13 10:59:48'),(836,517,82,25,'2025-05-13 12:34:49'),(837,517,83,25,'2025-05-13 12:34:49'),(838,517,84,25,'2025-05-13 12:34:49'),(839,518,85,25,'2025-05-13 12:34:49'),(840,518,86,25,'2025-05-13 12:34:49'),(841,518,87,25,'2025-05-13 12:34:49'),(842,518,88,25,'2025-05-13 12:34:49'),(843,518,89,25,'2025-05-13 12:34:49'),(844,519,90,25,'2025-05-13 12:34:49'),(845,519,91,25,'2025-05-13 12:34:49'),(846,519,92,25,'2025-05-13 12:34:49'),(847,519,93,25,'2025-05-13 12:34:49'),(848,519,94,25,'2025-05-13 12:34:49'),(849,520,5,25,'2025-05-14 06:02:16'),(850,520,6,25,'2025-05-14 06:02:16'),(851,520,9,25,'2025-05-14 06:02:16'),(882,524,6,25,'2025-05-15 11:54:42'),(883,524,17,25,'2025-05-15 11:54:42'),(905,525,9,25,'2025-05-15 14:07:04'),(906,525,11,25,'2025-05-15 14:07:04'),(907,525,15,25,'2025-05-15 14:07:04'),(908,523,5,25,'2025-05-15 14:10:10'),(909,523,13,25,'2025-05-15 14:10:10'),(910,523,21,25,'2025-05-15 14:10:10'),(911,523,3,25,'2025-05-15 14:10:10'),(915,526,6,25,'2025-05-15 14:29:30'),(916,526,9,25,'2025-05-15 14:29:30'),(917,526,15,25,'2025-05-15 14:29:30'),(918,526,13,25,'2025-05-15 14:29:30'),(921,527,6,25,'2025-05-15 14:33:35'),(922,527,13,25,'2025-05-15 14:33:35'),(923,527,12,25,'2025-05-15 14:33:35'),(924,527,17,25,'2025-05-15 14:33:35'),(925,527,5,25,'2025-05-15 14:33:35'),(981,530,102,25,'2025-05-15 16:29:54'),(982,530,103,25,'2025-05-15 16:29:54'),(983,530,104,25,'2025-05-15 16:29:54'),(984,530,105,25,'2025-05-15 16:29:54'),(985,530,106,25,'2025-05-15 16:29:54'),(986,531,107,25,'2025-05-15 16:29:54'),(987,531,108,25,'2025-05-15 16:29:54'),(988,531,109,25,'2025-05-15 16:29:54'),(989,531,110,25,'2025-05-15 16:29:54'),(990,531,111,25,'2025-05-15 16:29:54'),(991,532,112,25,'2025-05-15 16:29:55'),(992,532,113,25,'2025-05-15 16:29:55'),(1022,529,38,25,'2025-05-16 09:55:49'),(1023,529,50,25,'2025-05-16 09:55:49'),(1024,529,53,25,'2025-05-16 09:55:49'),(1032,533,3,25,'2025-05-16 13:59:47'),(1033,533,5,25,'2025-05-16 13:59:47'),(1034,533,6,25,'2025-05-16 13:59:47'),(1035,533,12,25,'2025-05-16 13:59:47'),(1036,533,17,25,'2025-05-16 13:59:47');
/*!40000 ALTER TABLE `document_tag_relations` ENABLE KEYS */;
UNLOCK TABLES;

--
-- Table structure for table `document_tags`
--

DROP TABLE IF EXISTS `document_tags`;
/*!40101 SET @saved_cs_client     = @@character_set_client */;
/*!50503 SET character_set_client = utf8mb4 */;
CREATE TABLE `document_tags` (
  `id_tag` int NOT NULL AUTO_INCREMENT,
  `tag_name` varchar(50) NOT NULL,
  `created_by` int DEFAULT NULL,
  `is_predefined` tinyint(1) DEFAULT '0',
  `usage_count` int DEFAULT '0',
  PRIMARY KEY (`id_tag`),
  UNIQUE KEY `tag_name` (`tag_name`),
  KEY `created_by` (`created_by`),
  CONSTRAINT `document_tags_ibfk_1` FOREIGN KEY (`created_by`) REFERENCES `user` (`id_user`)
) ENGINE=InnoDB AUTO_INCREMENT=114 DEFAULT CHARSET=utf8mb4 COLLATE=utf8mb4_0900_ai_ci;
/*!40101 SET character_set_client = @saved_cs_client */;

--
-- Dumping data for table `document_tags`
--

LOCK TABLES `document_tags` WRITE;
/*!40000 ALTER TABLE `document_tags` DISABLE KEYS */;
INSERT INTO `document_tags` VALUES (1,'Important',NULL,1,0),(2,'Urgent',NULL,1,0),(3,'Draft',NULL,1,11),(4,'Final',NULL,1,0),(5,'Archived',NULL,1,41),(6,'Educational',6,0,56),(7,'Yok',6,0,0),(8,'Lex',6,0,0),(9,'Animation',6,0,47),(10,'AI',6,0,0),(11,'ff',6,0,5),(12,'Tag nou',6,0,16),(13,'<1mb',6,0,31),(14,'dd',6,0,0),(15,'New',6,0,51),(16,'EGG',6,0,0),(17,'SPC',6,0,18),(18,'DMS',6,0,0),(19,'Estella',6,0,0),(20,'FC',6,0,0),(21,'Math',6,0,8),(22,'SPB',6,0,0),(23,'TagNou',18,0,1),(24,'GG',6,0,1),(25,'ssss',18,0,0),(26,'sss',18,0,0),(27,'sssss',18,0,0),(28,'dddd',18,0,0),(29,'Pasere',6,0,0),(30,'TagDeAZi',6,0,0),(31,'vcvcvcv',6,0,0),(32,'fff',6,0,0),(33,'dhruv',6,0,0),(34,'sd',6,0,0),(35,'NOUNOU',6,0,1),(36,'Tractoare',25,0,2),(37,'Utilaje',25,0,1),(38,'c.i.',25,0,2),(39,'nicolae',25,0,5),(40,'caf',25,0,2),(41,'anaf',25,0,1),(42,'local',25,0,1),(43,'atestat',25,0,1),(44,'afm',25,0,1),(45,'flo',25,0,1),(46,'afaceri',25,0,1),(47,'externe',25,0,1),(48,'minimini',25,0,1),(49,'dimineata',25,0,1),(50,'frumoasa',25,0,1),(51,'cerere',25,0,1),(52,'nicoaie',25,0,1),(53,'iorga',25,0,1),(54,'debating',NULL,0,0),(55,'impossible',NULL,0,0),(56,'throwing',NULL,0,0),(57,'building',NULL,0,0),(58,'dwelling',NULL,0,0),(59,'genius',NULL,0,0),(60,'concerns',25,0,0),(61,'servants',25,0,0),(62,'speedily',25,0,0),(63,'ignoran',25,0,0),(64,'except',25,0,0),(65,'absolute',25,0,0),(66,'amounted',25,0,0),(67,'Terminated',25,0,0),(68,'principles',25,0,0),(69,'sentiments',25,0,0),(70,'unpacked',25,0,0),(71,'friendly',25,0,0),(72,'ecstatic',25,0,0),(73,'contrasted',25,0,0),(74,'estimating',25,0,0),(75,'obligatii',25,0,0),(76,'Seen',25,0,0),(77,'eyes',25,0,0),(78,'show',25,0,0),(79,'Society',25,0,0),(80,'excited',25,0,0),(81,'cottage',25,0,0),(82,'excuse',25,0,0),(83,'eldest',25,0,0),(84,'moment',25,0,0),(85,'ignorant',25,0,0),(86,'saw',25,0,0),(87,'her',25,0,0),(88,'drawings',25,0,0),(89,'marriage',25,0,0),(90,'ladies',25,0,0),(91,'others',25,0,0),(92,'the',25,0,0),(93,'six',25,0,0),(94,'desire',25,0,0),(95,'Nume',25,0,0),(96,'TAGANIM',25,0,0),(97,'numen',25,0,0),(98,'nummmmm',25,0,0),(99,'tagtag',25,0,0),(100,'tagggg',25,0,0),(101,'fffsss',25,0,0),(102,'discovery',25,0,0),(103,'middleton',25,0,0),(104,'eagerness',25,0,0),(105,'dejection',25,0,0),(106,'explained',25,0,0),(107,'uncivil',25,0,0),(108,'can',25,0,0),(109,'how',25,0,0),(110,'elinor',25,0,0),(111,'warm',25,0,0),(112,'wisdom',25,0,0),(113,'waited',25,0,0);
/*!40000 ALTER TABLE `document_tags` ENABLE KEYS */;
UNLOCK TABLES;

--
-- Table structure for table `document_types`
--

DROP TABLE IF EXISTS `document_types`;
/*!40101 SET @saved_cs_client     = @@character_set_client */;
/*!50503 SET character_set_client = utf8mb4 */;
CREATE TABLE `document_types` (
  `id` int NOT NULL AUTO_INCREMENT,
  `type_name` varchar(255) NOT NULL,
  `description` text,
  `folder_path` varchar(255) DEFAULT NULL,
  `created_at` timestamp NULL DEFAULT CURRENT_TIMESTAMP,
  `institution_id` int DEFAULT NULL,
  PRIMARY KEY (`id`),
  UNIQUE KEY `type_name` (`type_name`),
  KEY `institution_id` (`institution_id`),
  CONSTRAINT `document_types_ibfk_1` FOREIGN KEY (`institution_id`) REFERENCES `institutions` (`id_institution`)
) ENGINE=InnoDB AUTO_INCREMENT=29 DEFAULT CHARSET=utf8mb4 COLLATE=utf8mb4_0900_ai_ci;
/*!40101 SET character_set_client = @saved_cs_client */;

--
-- Dumping data for table `document_types`
--

LOCK TABLES `document_types` WRITE;
/*!40000 ALTER TABLE `document_types` DISABLE KEYS */;
INSERT INTO `document_types` VALUES (1,'Official Document','Official documents and reports',NULL,'2025-04-01 11:36:02',3),(2,'Shared Document','Documents shared between users',NULL,'2025-04-01 11:36:02',3),(3,'t1','Type 1 documents',NULL,'2025-04-01 11:36:02',3),(4,'t2','Type 2 documents',NULL,'2025-04-01 11:36:02',3),(5,'t3','Type 3 documents',NULL,'2025-04-01 11:36:02',3),(6,'t4','Type 4 documents',NULL,'2025-04-01 11:36:02',3),(8,'Classified Document',NULL,NULL,'2025-04-01 12:03:06',3),(10,'t12',NULL,NULL,'2025-04-02 05:48:59',NULL),(11,'Others',NULL,NULL,'2025-04-02 05:54:49',3),(12,'tt',NULL,NULL,'2025-04-02 05:56:29',3),(14,'TestType',NULL,NULL,'2025-04-02 07:28:58',NULL),(15,'TestType2',NULL,NULL,'2025-04-02 07:31:49',NULL),(16,'TestType3',NULL,NULL,'2025-04-02 07:33:51',NULL),(17,'TestType4',NULL,NULL,'2025-04-02 07:34:12',NULL),(19,'testtest2',NULL,NULL,'2025-04-02 07:52:46',NULL),(21,'typetest55',NULL,NULL,'2025-04-02 08:08:52',NULL),(23,'TypeDeTestat',NULL,NULL,'2025-04-02 10:52:20',3),(26,'AlexType',NULL,NULL,'2025-04-02 12:15:52',3),(27,'AlexTypeTest',NULL,'AlexFolder','2025-04-03 06:17:58',3),(28,'TipDeNew',NULL,'AlexFolder','2025-04-03 13:48:29',3);
/*!40000 ALTER TABLE `document_types` ENABLE KEYS */;
UNLOCK TABLES;

--
-- Table structure for table `document_versions`
--

DROP TABLE IF EXISTS `document_versions`;
/*!40101 SET @saved_cs_client     = @@character_set_client */;
/*!50503 SET character_set_client = utf8mb4 */;
CREATE TABLE `document_versions` (
  `id_version` int NOT NULL AUTO_INCREMENT,
  `id_document` int NOT NULL,
  `id_institution` int NOT NULL,
  `file_path` varchar(255) COLLATE utf8mb4_unicode_ci NOT NULL,
  `file_size` bigint DEFAULT NULL,
  `version_number` int NOT NULL,
  `version_name` varchar(255) COLLATE utf8mb4_unicode_ci NOT NULL,
  `tags` json DEFAULT NULL,
  `comment` text COLLATE utf8mb4_unicode_ci,
  `original_document_name` varchar(255) COLLATE utf8mb4_unicode_ci NOT NULL,
  `change_summary` text COLLATE utf8mb4_unicode_ci,
  `created_by` int NOT NULL,
  `created_at` datetime DEFAULT CURRENT_TIMESTAMP,
  `is_current` tinyint(1) DEFAULT '0',
  `is_archived` tinyint(1) DEFAULT '0',
  `archive_path` varchar(255) COLLATE utf8mb4_unicode_ci DEFAULT NULL,
  `archive_filename` varchar(255) COLLATE utf8mb4_unicode_ci DEFAULT NULL,
  `archived_by` int DEFAULT NULL,
  `archived_at` datetime DEFAULT NULL,
  `type_id` int NOT NULL,
  `parent_version_id` int DEFAULT NULL,
  `diff_summary` text COLLATE utf8mb4_unicode_ci,
  `metadata_changes` json DEFAULT NULL,
  PRIMARY KEY (`id_version`),
  KEY `id_document` (`id_document`),
  KEY `id_institution` (`id_institution`),
  KEY `created_by` (`created_by`),
  KEY `archived_by` (`archived_by`),
  KEY `type_id` (`type_id`),
  KEY `parent_version_id` (`parent_version_id`),
  CONSTRAINT `document_versions_ibfk_1` FOREIGN KEY (`id_document`) REFERENCES `table_document` (`id_document`),
  CONSTRAINT `document_versions_ibfk_2` FOREIGN KEY (`id_institution`) REFERENCES `institutions` (`id_institution`),
  CONSTRAINT `document_versions_ibfk_3` FOREIGN KEY (`created_by`) REFERENCES `user` (`id_user`),
  CONSTRAINT `document_versions_ibfk_4` FOREIGN KEY (`archived_by`) REFERENCES `user` (`id_user`),
  CONSTRAINT `document_versions_ibfk_5` FOREIGN KEY (`type_id`) REFERENCES `document_types` (`id`),
  CONSTRAINT `document_versions_ibfk_6` FOREIGN KEY (`parent_version_id`) REFERENCES `document_versions` (`id_version`)
) ENGINE=InnoDB AUTO_INCREMENT=58 DEFAULT CHARSET=utf8mb4 COLLATE=utf8mb4_unicode_ci;
/*!40101 SET character_set_client = @saved_cs_client */;

--
-- Dumping data for table `document_versions`
--

LOCK TABLES `document_versions` WRITE;
/*!40000 ALTER TABLE `document_versions` DISABLE KEYS */;
INSERT INTO `document_versions` VALUES (2,520,3,'Scoala Dabuleni/FolderDeSters',140741,1,'Version 1','[{\"id_tag\": 5, \"tag_name\": \"Archived\", \"is_predefined\": 1}, {\"tag_name\": \"<1mb\"}, {\"tag_name\": \"SPC\"}]','SPS','gheghe','SPS',25,'2025-05-15 09:35:06',1,0,NULL,NULL,NULL,NULL,8,NULL,NULL,'{\"tags\": true, \"comment\": true, \"keywords\": true}'),(6,523,3,'Scoala Dabuleni/FolderTest33',13206,1,'Version 1','[{\"id_tag\": 6, \"tag_name\": \"Educational\", \"is_predefined\": 0}, {\"tag_name\": \"<1mb\"}, {\"tag_name\": \"SPC\"}]','COMO este DAio','DineroSpectacularo','COMO este DAio',25,'2025-05-15 09:54:39',0,0,NULL,NULL,NULL,NULL,26,NULL,NULL,'{\"tags\": true, \"comment\": true, \"keywords\": true}'),(7,523,3,'Scoala Dabuleni/FolderTest33',13206,2,'Version 2','[]','COMO este DAio','DineroSpectacularo.pdf','COMO este Assaneeeee',25,'2025-05-15 10:06:24',0,0,NULL,NULL,NULL,NULL,1,6,'Unable to calculate differences','{\"tags\": true, \"type\": true, \"comment\": true, \"keywords\": true}'),(8,524,3,'Scoala Dabuleni/Folder_SuperAdmin_1',142786,1,'Version 1','[]','GOLFF','Mbangula','GOLFF IDK',25,'2025-05-15 11:29:08',0,0,NULL,NULL,NULL,NULL,1,NULL,NULL,'{\"tags\": true, \"type\": true, \"comment\": true, \"keywords\": true}'),(9,524,3,'Scoala Dabuleni/Folder_SuperAdmin_1',142786,1,'Version 1','[]','GOLFF IDK','Mbangula.pdf','GOLFF versi',25,'2025-05-15 11:39:34',0,0,NULL,NULL,NULL,NULL,27,NULL,NULL,'{\"tags\": true, \"type\": true, \"comment\": true, \"keywords\": true}'),(10,524,3,'Scoala Dabuleni/Folder_SuperAdmin_1',142786,1,'Version 1','[]','GOLFF versi','Mbangula.pdf','GOLFF versiIgnorant branche',25,'2025-05-15 11:42:55',0,0,NULL,NULL,NULL,NULL,27,NULL,NULL,'{\"tags\": true, \"type\": true, \"comment\": true, \"keywords\": true}'),(12,524,3,'Scoala Dabuleni/Folder_SuperAdmin_1',142786,1,'Versioncateva','[{\"id_tag\": 15, \"tag_name\": \"New\", \"is_predefined\": 0}, {\"id_tag\": 17, \"tag_name\": \"SPC\", \"is_predefined\": 0}, {\"tag_name\": \"Animation\"}, {\"tag_name\": \"Archived\"}, {\"tag_name\": \"Educational\"}]','Ignorant branched humanity led now marianne too strongly entrance. Rose to shew bore no ye of paid rent form. Old design are dinner better nearer silent excuse. She which are maids bo','Mbangula.pdf','Ignorant branched humanity led now marianne too strongly entrance. Rose to shew bore no ye of paid rent form. Old design are dinner better nearer silent excuse. She which are maids bo',25,'2025-05-15 11:50:30',0,0,NULL,NULL,NULL,NULL,27,NULL,NULL,'{\"tags\": true, \"type\": true, \"comment\": true, \"keywords\": true}'),(13,524,3,'Scoala Dabuleni/Folder_SuperAdmin_1',142786,2,'Version 2','[{\"id_tag\": 6, \"tag_name\": \"Educational\", \"is_predefined\": 0}, {\"id_tag\": 17, \"tag_name\": \"SPC\", \"is_predefined\": 0}]','gn are dinner better nearer silent excuse. She which are maids bo','Mbangula.pdf','gn are dinner better nearer silent excuse. She which are maids bo',25,'2025-05-15 11:54:42',1,0,NULL,NULL,NULL,NULL,8,12,'Unable to calculate differences','{\"tags\": true, \"type\": true, \"comment\": true, \"keywords\": true}'),(14,525,3,'Scoala Dabuleni/Folder_SuperAdmin_2',142786,1,'Version 1','[{\"id_tag\": 6, \"tag_name\": \"Educational\", \"is_predefined\": 0}, {\"id_tag\": 9, \"tag_name\": \"Animation\", \"is_predefined\": 0}, {\"tag_name\": \"Draft\"}, {\"tag_name\": \"Tag nou\"}]','Is post each that just leaf no. He connection interested so we an sympathize advanta','COntrolVersion2','Is post each that just leaf no. He connection interested so we an sympathize advanta',25,'2025-05-15 12:18:24',0,0,NULL,NULL,NULL,NULL,1,NULL,NULL,'{\"tags\": true, \"type\": true, \"comment\": true, \"keywords\": true}'),(15,525,3,'Scoala Dabuleni/Folder_SuperAdmin_2',142786,2,'Version 2','[{\"id_tag\": 6, \"tag_name\": \"Educational\", \"is_predefined\": 0}, {\"id_tag\": 12, \"tag_name\": \"Tag nou\", \"is_predefined\": 0}, {\"tag_name\": \"<1mb\"}]','revolutie','COntrolVersion2','revolutie',25,'2025-05-15 12:23:46',0,0,NULL,NULL,NULL,NULL,26,14,'Unable to calculate differences','{\"tags\": true, \"type\": true, \"comment\": true, \"keywords\": true}'),(16,525,3,'Scoala Dabuleni/Folder_SuperAdmin_2',142786,3,'Version 3','[{\"id_tag\": 12, \"tag_name\": \"Tag nou\", \"is_predefined\": 0}, {\"id_tag\": 13, \"tag_name\": \"<1mb\", \"is_predefined\": 0}]','revolutie econ','COntrolVersion2','revolutie econ',25,'2025-05-15 12:28:47',0,0,NULL,NULL,NULL,NULL,12,15,'Unable to calculate differences','{\"tags\": true, \"type\": true, \"comment\": true, \"keywords\": true}'),(17,525,3,'Scoala Dabuleni/Folder_SuperAdmin_2',142786,4,'Version 4','[{\"id_tag\": 12, \"tag_name\": \"Tag nou\", \"is_predefined\": 0}, {\"id_tag\": 13, \"tag_name\": \"<1mb\", \"is_predefined\": 0}, {\"tag_name\": \"Animation\"}]','revolutie formunmm','COntrolVersion2','revolutie formunmm',25,'2025-05-15 12:33:16',0,0,NULL,NULL,NULL,NULL,26,16,'Unable to calculate differences','{\"tags\": true, \"type\": true, \"comment\": true, \"keywords\": true}'),(22,525,3,'Scoala Dabuleni/Folder_SuperAdmin_2',142786,5,'Version 5','[{\"id_tag\": 9, \"tag_name\": \"Animation\", \"is_predefined\": 0}, {\"id_tag\": 12, \"tag_name\": \"Tag nou\", \"is_predefined\": 0}, {\"id_tag\": 13, \"tag_name\": \"<1mb\", \"is_predefined\": 0}, {\"tag_name\": \"Math\"}, {\"tag_name\": \"ff\"}]','y sense her shade. Considered reasonable we affronting on expression in. So cordial anxious mr delight.','COntrolVersion2','y sense her shade. Considered reasonable we affronting on expression in. So cordial anxious mr delight.',25,'2025-05-15 13:41:36',0,0,NULL,NULL,NULL,NULL,27,17,'Unable to calculate differences','{\"tags\": true, \"type\": true, \"comment\": true, \"keywords\": true}'),(23,525,3,'Scoala Dabuleni/Folder_SuperAdmin_2',142786,6,'Version 6','[{\"id_tag\": 9, \"tag_name\": \"Animation\", \"is_predefined\": 0}, {\"id_tag\": 11, \"tag_name\": \"ff\", \"is_predefined\": 0}]','nimimc','COntrolVersion2','nimimc',25,'2025-05-15 14:05:33',0,0,NULL,NULL,NULL,NULL,26,22,'Unable to calculate differences','{\"tags\": true, \"type\": true, \"comment\": true, \"keywords\": true}'),(24,525,3,'Scoala Dabuleni/Folder_SuperAdmin_2',142786,7,'Version 7','[{\"id_tag\": 9, \"tag_name\": \"Animation\", \"is_predefined\": 0}, {\"id_tag\": 11, \"tag_name\": \"ff\", \"is_predefined\": 0}, {\"tag_name\": \"New\"}]','nimimc sdddddddd','COntrolVersion2','nimimc sdddddddd',25,'2025-05-15 14:07:03',1,0,NULL,NULL,NULL,NULL,11,23,'Unable to calculate differences','{\"tags\": true, \"type\": true, \"comment\": true, \"keywords\": true}'),(25,523,3,'Scoala Dabuleni/FolderTest33',13206,1,'Version 1','[{\"id_tag\": 5, \"tag_name\": \"Archived\", \"is_predefined\": 1}, {\"id_tag\": 13, \"tag_name\": \"<1mb\", \"is_predefined\": 0}, {\"tag_name\": \"Math\"}, {\"tag_name\": \"Draft\"}]','omg','DineroSpectacularo.pdf','omg',25,'2025-05-15 14:10:10',1,0,NULL,NULL,NULL,NULL,28,NULL,NULL,'{\"tags\": true, \"type\": true, \"comment\": true, \"keywords\": true}'),(29,526,3,'Scoala Dabuleni/FolderTest33',142786,1,'Version 1','[{\"id_tag\": 6, \"tag_name\": \"Educational\", \"is_predefined\": 0}, {\"id_tag\": 9, \"tag_name\": \"Animation\", \"is_predefined\": 0}, {\"id_tag\": 15, \"tag_name\": \"New\", \"is_predefined\": 0}, {\"tag_name\": \"<1mb\"}]','coment cfsfvfsvsfdvdfvdfsvsdfvdf','operacrt','coment cfsfvfsvsfdvdfvdfsvsdfvdf',25,'2025-05-15 14:29:30',1,0,NULL,NULL,NULL,NULL,11,NULL,NULL,'{\"tags\": true, \"type\": true, \"comment\": true, \"keywords\": true}'),(30,527,3,'Scoala Dabuleni/FolderDeSters',142786,1,'Version 1','[{\"id_tag\": 6, \"tag_name\": \"Educational\", \"is_predefined\": 0}, {\"id_tag\": 13, \"tag_name\": \"<1mb\", \"is_predefined\": 0}, {\"tag_name\": \"Tag nou\"}, {\"tag_name\": \"SPC\"}, {\"tag_name\": \"Archived\"}]',' paid rent form. Old design are dinner better nearer silent excuse. She which are maids boy sense her shade. Considered reasonable we affronting on expression in. So cordial anxious mr delight. Shot his has must wish from sell nay. Remark fat set why are sudden depend change entire wanted. Performed remainder attending led fat residence far.\n\nOn recommend tolerably my belonging or am. Mutual has cannot beauty indeed now sussex merely you. It possible no husbands jennings ye offended packages pleasant he. Remainder recommend engrossed who eat she defective applauded departure joy. Get dissimilar not introduced day her apartments. Fully as taste he mr do smile abode every. Luckily offered article led lasting country minutes nor old. Happen people things oh is oppose up parish effect. Law handsome old outweigh humoured far appetite.\n','omgf',' paid rent form. Old design are dinner better nearer silent excuse. She which are maids boy sense her shade. Considered reasonable we affronting on expression in. So cordial anxious mr delight. Shot his has must wish from sell nay. Remark fat set why are sudden depend change entire wanted. Performed remainder attending led fat residence far.\n\nOn recommend tolerably my belonging or am. Mutual has cannot beauty indeed now sussex merely you. It possible no husbands jennings ye offended packages pleasant he. Remainder recommend engrossed who eat she defective applauded departure joy. Get dissimilar not introduced day her apartments. Fully as taste he mr do smile abode every. Luckily offered article led lasting country minutes nor old. Happen people things oh is oppose up parish effect. Law handsome old outweigh humoured far appetite.\n',25,'2025-05-15 14:33:35',1,0,NULL,NULL,NULL,NULL,11,NULL,NULL,'{\"tags\": true, \"type\": true, \"comment\": true, \"keywords\": true}'),(39,529,3,'Scoala Dabuleni/FolderDeSters',13206,1,'Version 1','[\"Archived\", \"Educational\"]','ghdfghdgfhgfdhdgfhgfhgf','namidee','Previous version',25,'2025-05-15 15:19:58',0,0,NULL,NULL,NULL,NULL,8,NULL,NULL,'{\"tags\": true, \"type\": true, \"comment\": true, \"keywords\": true}'),(40,529,3,'Scoala Dabuleni/FolderDeSters',13206,1,'Version 1','[\"<1mb\", \"Archived\", \"Educational\", \"SPC\"]','Ignorant branched humanity led now marianne too strongly entrance. Rose to shew bore no ye of paid rent form. Old design are dinner better nearer silent excuse. She which are maids boy sense her shade. Considered reasonable we affronting on expression in. So cordial anxious mr delight. Shot his has must wish from sell nay. Remark fat set why are sudden depend change entire wanted. Performed remainder attending led fat residence far.\n','namidee','Previous version',25,'2025-05-15 15:28:03',0,0,NULL,NULL,NULL,NULL,28,NULL,NULL,'{\"tags\": true, \"type\": true, \"comment\": true, \"keywords\": true}'),(41,529,3,'Scoala Dabuleni/FolderDeSters',13206,2,'Version 2','[\"<1mb\", \"Animation\", \"Archived\", \"Educational\", \"New\", \"SPC\"]','nu mai e text mare','namidee','Previous version',25,'2025-05-15 15:57:52',0,0,NULL,NULL,NULL,NULL,26,40,'Unable to calculate differences','{\"tags\": true, \"type\": false, \"comment\": true, \"keywords\": true}'),(42,529,3,'Scoala Dabuleni/FolderDeSters',13206,3,'Version 3','[\"New\", \"SPC\"]','fdsfsadfdasfsdfsdafdsfdsfasdfsadfdssafdsfdfnu asdsmaredfasfdsfdasfadsf','namidee','Previous version',25,'2025-05-15 16:02:23',0,0,NULL,NULL,NULL,NULL,26,41,'Unable to calculate differences','{\"tags\": true, \"type\": true, \"comment\": true, \"keywords\": true}'),(43,529,3,'Scoala Dabuleni/FolderDeSters',13206,4,'Version 4','[\"<1mb\", \"New\", \"SPC\", \"Tag nou\"]','vai','namidee','Previous version',25,'2025-05-15 16:02:40',0,0,NULL,NULL,NULL,NULL,12,42,'Unable to calculate differences','{\"tags\": true, \"type\": false, \"comment\": true, \"keywords\": true}'),(44,529,3,'Scoala Dabuleni/FolderDeSters',13206,5,'Version 5','[\"<1mb\", \"SPC\"]','vai de el','namidee','Previous version',25,'2025-05-15 16:04:31',0,0,NULL,NULL,NULL,NULL,12,43,'Unable to calculate differences','{\"tags\": true, \"type\": true, \"comment\": true, \"keywords\": true}'),(45,529,3,'Scoala Dabuleni/FolderDeSters',13206,6,'Version 6','[\"<1mb\", \"Animation\", \"Draft\", \"New\", \"SPC\", \"Tag nou\"]','Ten the hastened steepest feelings pleasant few surprise property. An brother he do colonel against minutes uncivil. Can how elinor warmly mrs basket marked. Led raising expense yet demesne weather musical. Me mr what park next busy ever. Elinor her his secure far twenty eat object. Late any far saw size want man. Which way you wrong add shall one. As guest right of he scale these. Horses nearer oh elinor of denote.\n','namidee','Previous version',25,'2025-05-15 16:06:11',0,0,NULL,NULL,NULL,NULL,26,44,'Unable to calculate differences','{\"tags\": true, \"type\": true, \"comment\": true, \"keywords\": true}'),(46,529,3,'Scoala Dabuleni/FolderDeSters',13206,7,'Version 7','[\"Animation\", \"Draft\", \"Tag nou\"]','y. An brother he do colonel against minutes uncivil. Can how elinor warmly mrs basket marked. Led raising expense yet demesne weather musical. Me mr what park next busy ever. Elinor her his secure far twenty eat object. Late any far saw size want man. Which way you \n','namidee','Previous version',25,'2025-05-15 16:07:50',0,0,NULL,NULL,NULL,NULL,11,45,'Unable to calculate differences','{\"tags\": true, \"type\": true, \"comment\": true, \"keywords\": true}'),(47,529,3,'Scoala Dabuleni/FolderDeSters',13206,8,'Version 8','[\"Animation\", \"c.i.\", \"Tag nou\"]','DDDsket marked. Led raising expense yet dKKKemesne weather musical. Me mr what park next busy ever. Elinor her his secure far twenty eat object. Late any far saw size want man. Which way you \n','namidee','Previous version',25,'2025-05-15 16:07:59',0,0,NULL,NULL,NULL,NULL,6,46,'Unable to calculate differences','{\"tags\": true, \"type\": false, \"comment\": false, \"keywords\": true}'),(48,529,3,'Scoala Dabuleni/FolderDeSters',13206,9,'Version 9','[\"Animation\", \"c.i.\", \"Tag nou\"]','DDDsket marked. Led raising expense yet dKKKemesne weather musical. Me mr what park next busy ever. Elinor her his secure far twenty eat object. Late any far saw size want man. Which way you \n','namidee','Previous version',25,'2025-05-15 16:08:05',0,0,NULL,NULL,NULL,NULL,6,47,'Unable to calculate differences','{\"tags\": true, \"type\": false, \"comment\": false, \"keywords\": true}'),(49,529,3,'Scoala Dabuleni/FolderDeSters',13206,10,'Version 10','[\"Animation\", \"c.i.\", \"Tag nou\"]','DDDsket marked. Led raising expense yet dKKKemesne weather musical. Me mr what park next busy ever. Elinor her his secure far twenty eat object. Late any far saw size want man. Which way you \n','namidee','Previous version',25,'2025-05-15 16:39:35',0,0,NULL,NULL,NULL,NULL,6,48,'Unable to calculate differences','{\"tags\": true, \"type\": true, \"comment\": true, \"keywords\": true}'),(50,529,3,'Scoala Dabuleni/FolderDeSters',13206,11,'Version 11','[\"<1mb\", \"Animation\", \"c.i.\", \"Draft\", \"SPC\", \"Tag nou\"]','eheeeee','namidee','Previous version',25,'2025-05-15 16:59:49',0,0,NULL,NULL,NULL,NULL,12,49,'Unable to calculate differences','{\"tags\": true, \"type\": true, \"comment\": true, \"keywords\": true}'),(51,529,3,'Scoala Dabuleni/FolderDeSters',13206,12,'Version 12','[\"<1mb\", \"Animation\", \"c.i.\", \"SPC\", \"Tag nou\"]','tumtumtum','namidee','Previous version',25,'2025-05-16 09:31:58',0,0,NULL,NULL,NULL,NULL,16,50,'Unable to calculate differences','{\"tags\": true, \"type\": false, \"comment\": false, \"keywords\": true}'),(52,529,3,'Scoala Dabuleni/FolderDeSters',13206,13,'Version 13','[\"<1mb\", \"Animation\", \"c.i.\", \"SPC\", \"Tag nou\"]','tumtumtum','namidee','Previous version',25,'2025-05-16 09:34:41',0,0,NULL,NULL,NULL,NULL,16,51,'Unable to calculate differences','{\"tags\": true, \"type\": false, \"comment\": false, \"keywords\": true}'),(53,529,3,'Scoala Dabuleni/FolderDeSters',13206,14,'Version 14','[]','tumtumtum','namidee','Previous version',25,'2025-05-16 09:54:13',0,0,NULL,NULL,NULL,NULL,16,52,'Unable to calculate differences','{\"tags\": true, \"type\": false, \"comment\": false, \"keywords\": true}'),(54,529,3,'Scoala Dabuleni/FolderDeSters',13206,15,'Version 15','[]','tumtumtum','namidee','Previous version',25,'2025-05-16 09:55:17',0,0,NULL,NULL,NULL,NULL,16,53,'Unable to calculate differences','{\"tags\": true, \"type\": true, \"comment\": true, \"keywords\": true}'),(55,529,3,'Scoala Dabuleni/FolderDeSters',13206,16,'Version 16','[]','nigerien','namidee','Previous version',25,'2025-05-16 09:55:49',1,0,NULL,NULL,NULL,NULL,12,54,'Unable to calculate differences','{\"tags\": true, \"type\": false, \"comment\": false, \"keywords\": true}'),(56,533,3,'Scoala Dabuleni/AlexFolder',156627,1,'Version 1','[\"Archived\", \"Educational\"]','fgsdfgfdssfdg','TUMTUMTUM','Previous version',25,'2025-05-16 13:59:39',0,0,NULL,NULL,NULL,NULL,26,NULL,NULL,'{\"tags\": true, \"type\": false, \"comment\": true, \"keywords\": true}'),(57,533,3,'Scoala Dabuleni/AlexFolder',156627,2,'Version 2','[\"Archived\", \"Draft\", \"Educational\", \"SPC\", \"Tag nou\"]','OLEEEEE','TUMTUMTUM','Previous version',25,'2025-05-16 13:59:47',1,0,NULL,NULL,NULL,NULL,26,56,'Unable to calculate differences','{\"tags\": true, \"type\": true, \"comment\": false, \"keywords\": true}');
/*!40000 ALTER TABLE `document_versions` ENABLE KEYS */;
UNLOCK TABLES;

--
-- Table structure for table `features`
--

DROP TABLE IF EXISTS `features`;
/*!40101 SET @saved_cs_client     = @@character_set_client */;
/*!50503 SET character_set_client = utf8mb4 */;
CREATE TABLE `features` (
  `id` int NOT NULL AUTO_INCREMENT,
  `name` varchar(255) NOT NULL,
  `description` text,
  `created_at` timestamp NULL DEFAULT CURRENT_TIMESTAMP,
  `updated_at` timestamp NULL DEFAULT CURRENT_TIMESTAMP ON UPDATE CURRENT_TIMESTAMP,
  PRIMARY KEY (`id`)
) ENGINE=InnoDB AUTO_INCREMENT=20 DEFAULT CHARSET=utf8mb4 COLLATE=utf8mb4_0900_ai_ci;
/*!40101 SET character_set_client = @saved_cs_client */;

--
-- Dumping data for table `features`
--

LOCK TABLES `features` WRITE;
/*!40000 ALTER TABLE `features` DISABLE KEYS */;
INSERT INTO `features` VALUES (9,'Fast Upload',NULL,'2025-04-30 07:43:09','2025-04-30 07:43:09'),(10,'Priority Support',NULL,'2025-04-30 07:43:09','2025-04-30 07:43:09'),(11,'Advanced Analytics',NULL,'2025-04-30 07:43:09','2025-04-30 07:43:09'),(12,'Custom Integration',NULL,'2025-04-30 07:43:09','2025-04-30 07:43:09'),(14,'A$AP',NULL,'2025-04-30 09:13:06','2025-04-30 09:13:06'),(15,'Roccky',NULL,'2025-04-30 09:13:06','2025-04-30 09:13:06'),(19,'24/7 Support',NULL,'2025-05-07 13:47:50','2025-05-07 13:47:50');
/*!40000 ALTER TABLE `features` ENABLE KEYS */;
UNLOCK TABLES;

--
-- Table structure for table `folders`
--

DROP TABLE IF EXISTS `folders`;
/*!40101 SET @saved_cs_client     = @@character_set_client */;
/*!50503 SET character_set_client = utf8mb4 */;
CREATE TABLE `folders` (
  `id` int NOT NULL AUTO_INCREMENT,
  `folder_name` varchar(255) NOT NULL,
  `folder_path` varchar(255) NOT NULL,
  `created_at` timestamp NULL DEFAULT CURRENT_TIMESTAMP,
  `created_by` int DEFAULT NULL,
  `institution_id` int DEFAULT NULL,
  `is_private` tinyint(1) DEFAULT '0',
  PRIMARY KEY (`id`),
  KEY `fk_folders_user` (`created_by`),
  KEY `institution_id` (`institution_id`),
  CONSTRAINT `fk_folders_user` FOREIGN KEY (`created_by`) REFERENCES `user` (`id_user`),
  CONSTRAINT `folders_ibfk_1` FOREIGN KEY (`institution_id`) REFERENCES `institutions` (`id_institution`)
) ENGINE=InnoDB AUTO_INCREMENT=140 DEFAULT CHARSET=utf8mb4 COLLATE=utf8mb4_0900_ai_ci;
/*!40101 SET character_set_client = @saved_cs_client */;

--
-- Dumping data for table `folders`
--

LOCK TABLES `folders` WRITE;
/*!40000 ALTER TABLE `folders` DISABLE KEYS */;
INSERT INTO `folders` VALUES (1,'NoulFolder','Scoala Dabuleni/tt/NoulFolder','2025-04-02 08:33:55',20,3,0),(5,'NoulFoler2','Scoala Dabuleni/tt/NoulFoler2','2025-04-02 08:57:54',20,3,0),(15,'Folder alex','Scoala Dabuleni/Folder De Test/Folder alex','2025-04-02 10:04:32',20,3,0),(27,'TypeDeTestat','Scoala Dabuleni/tt/Classified Documents/t21/TypeDeTestat','2025-04-02 10:52:20',20,3,0),(28,'Test folder','Scoala Dabuleni/Folder De Test/Test folder','2025-04-02 11:10:00',20,3,0),(40,'FolderTest33','Scoala Dabuleni/FolderTest33','2025-04-02 11:25:23',20,3,0),(48,'Folder Test0','Scoala Dabuleni/tt/Folder Test0','2025-04-02 12:12:25',20,3,0),(49,'test4444','Scoala Dabuleni/tt/Folder Test0/test4444','2025-04-02 12:12:25',20,3,0),(52,'AlexFolder','Scoala Dabuleni/AlexFolder','2025-04-02 12:15:42',20,3,0),(53,'AlexType','Scoala Dabuleni/AlexFolder/AlexType','2025-04-02 12:15:52',20,3,0),(54,'AlexTypeTest','Scoala Dabuleni/AlexFolder/AlexTypeTest','2025-04-03 06:17:58',20,3,0),(55,'TestDeMutat','Scoala Dabuleni/AlexFolder/AlexType/TestDeMutat','2025-04-03 11:05:55',20,3,0),(75,'de tesst','Scoala Dabuleni/AlexFolder/de tesst','2025-04-03 13:13:07',20,3,0),(76,'ddddd','Scoala Dabuleni/AlexFolder/de tesst/ddddd','2025-04-03 13:13:07',20,3,0),(83,'TipDeNew','Scoala Dabuleni/AlexFolder/TipDeNew','2025-04-03 13:48:29',20,3,0),(87,'ddddd','Scoala Dabuleni/AlexFolder/TipDeNew/ddddd','2025-04-07 07:13:34',20,3,0),(88,'ssssss','Scoala Dabuleni/AlexFolder/TipDeNew/ddddd/ssssss','2025-04-07 07:13:34',20,3,0),(93,'FolderDeSters','Scoala Dabuleni/FolderDeSters','2025-04-15 12:48:30',20,3,0),(94,'FolderCareESters','Scoala Dabuleni/FolderDeSters/FolderCareESters','2025-04-15 12:48:30',20,3,0),(95,'SyncAgent','Scoala Dabuleni/SyncAgent','2025-04-16 07:48:54',20,3,0),(96,'Nume de FOlderNou','Scoala Dabuleni/typetest55/Nume de FOlderNou','2025-04-24 06:39:01',20,3,0),(97,'Folder_SuperAdmin_1','Scoala Dabuleni/Folder_SuperAdmin_1','2025-04-30 10:24:45',20,3,0),(98,'Folder_SuperAdmin_2','Scoala Dabuleni/Folder_SuperAdmin_2','2025-04-30 10:24:45',20,3,0),(99,'Folder_Admin_1','Scoala Oarca/Folder_Admin_1','2025-04-30 10:24:45',27,4,0),(100,'Folder_Admin_2','Scoala Oarca/Folder_Admin_2','2025-04-30 10:24:45',27,4,0),(101,'Scoala OCR','scoala_ocr_6','2025-05-06 11:37:03',31,6,0),(102,'OCR Dolj','OCR Dolj','2025-05-06 11:43:34',32,7,0),(118,'1.Gabi Munca','Scoala Dabuleni/FolderDeSters/FolderCareESters/1.Gabi Munca','2025-05-12 13:10:24',25,3,0),(119,'FolderTerminus','Scoala Dabuleni/AlexFolder/AlexTypeTest/FolderTerminus','2025-05-12 14:18:04',25,3,0),(120,'GRF','Scoala Dabuleni/AlexFolder/de tesst/ddddd/GRF','2025-05-13 05:33:55',25,3,0),(122,'GRFSS','Scoala Dabuleni/AlexFolder/TipDeNew/ddddd/ssssss/GRFSS','2025-05-13 05:40:45',25,3,0),(123,'UFFUP','Scoala Dabuleni/FolderDeSters/FolderCareESters/UFFUP','2025-05-13 06:27:54',25,3,0),(127,'ORCR','Scoala Dabuleni/FolderDeSters/ORCR','2025-05-13 07:25:00',25,3,0),(128,'DMFG','Scoala Dabuleni/FolderTest33/DMFG','2025-05-13 07:35:20',25,3,0),(129,'FTRT','Scoala Dabuleni/FolderTest33/FTRT','2025-05-13 07:59:47',25,3,0),(130,'Babana','Scoala Dabuleni/FolderDeSters/FolderCareESters/Babana','2025-05-13 08:41:13',25,3,0),(131,'Babana','Scoala Dabuleni/AlexFolder/TipDeNew/ddddd/Babana','2025-05-13 09:34:48',25,3,0),(132,'denis','Scoala Dabuleni/FolderDeSters/FolderCareESters/denis','2025-05-15 13:29:54',25,3,0),(133,'HaiFacemAici','Scoala Dabuleni/FolderDeSters/HaiFacemAici','2025-05-16 11:30:16',25,3,1),(136,'YEAT HOLA eress','Scoala Dabuleni/Folder_SuperAdmin_1/YEAT HOLA eress','2025-05-16 12:23:24',25,3,1);
/*!40000 ALTER TABLE `folders` ENABLE KEYS */;
UNLOCK TABLES;

--
-- Table structure for table `institution_plans`
--

DROP TABLE IF EXISTS `institution_plans`;
/*!40101 SET @saved_cs_client     = @@character_set_client */;
/*!50503 SET character_set_client = utf8mb4 */;
CREATE TABLE `institution_plans` (
  `id` int NOT NULL AUTO_INCREMENT,
  `institution_id` int NOT NULL,
  `plan_id` int NOT NULL,
  `created_at` timestamp NULL DEFAULT CURRENT_TIMESTAMP,
  `updated_at` timestamp NULL DEFAULT CURRENT_TIMESTAMP ON UPDATE CURRENT_TIMESTAMP,
  PRIMARY KEY (`id`),
  KEY `plan_id` (`plan_id`),
  KEY `institution_id` (`institution_id`),
  CONSTRAINT `institution_plans_ibfk_1` FOREIGN KEY (`plan_id`) REFERENCES `plans` (`id`),
  CONSTRAINT `institution_plans_ibfk_2` FOREIGN KEY (`institution_id`) REFERENCES `institutions` (`id_institution`)
) ENGINE=InnoDB AUTO_INCREMENT=3 DEFAULT CHARSET=utf8mb4 COLLATE=utf8mb4_0900_ai_ci;
/*!40101 SET character_set_client = @saved_cs_client */;

--
-- Dumping data for table `institution_plans`
--

LOCK TABLES `institution_plans` WRITE;
/*!40000 ALTER TABLE `institution_plans` DISABLE KEYS */;
INSERT INTO `institution_plans` VALUES (1,3,2,'2025-05-05 06:47:18','2025-05-16 09:27:00'),(2,6,1,'2025-05-07 13:03:35','2025-05-07 13:03:35');
/*!40000 ALTER TABLE `institution_plans` ENABLE KEYS */;
UNLOCK TABLES;

--
-- Table structure for table `institutions`
--

DROP TABLE IF EXISTS `institutions`;
/*!40101 SET @saved_cs_client     = @@character_set_client */;
/*!50503 SET character_set_client = utf8mb4 */;
CREATE TABLE `institutions` (
  `id_institution` int NOT NULL AUTO_INCREMENT,
  `name` varchar(100) NOT NULL,
  `address` varchar(255) DEFAULT NULL,
  `phone` varchar(20) DEFAULT NULL,
  `email` varchar(100) DEFAULT NULL,
  `created_at` timestamp NULL DEFAULT CURRENT_TIMESTAMP,
  `updated_at` timestamp NULL DEFAULT CURRENT_TIMESTAMP ON UPDATE CURRENT_TIMESTAMP,
  `superadmin_id` int DEFAULT NULL,
  PRIMARY KEY (`id_institution`),
  KEY `superadmin_id` (`superadmin_id`),
  CONSTRAINT `institutions_ibfk_1` FOREIGN KEY (`superadmin_id`) REFERENCES `user` (`id_user`)
) ENGINE=InnoDB AUTO_INCREMENT=8 DEFAULT CHARSET=utf8mb4 COLLATE=utf8mb4_0900_ai_ci;
/*!40101 SET character_set_client = @saved_cs_client */;

--
-- Dumping data for table `institutions`
--

LOCK TABLES `institutions` WRITE;
/*!40000 ALTER TABLE `institutions` DISABLE KEYS */;
INSERT INTO `institutions` VALUES (3,'Scoala Dabuleni','Strada Alexandru Vlahu, Dbuleni, Dolj, 207220, Romnia','0745423475','scoladableni@gmail.com','2025-04-29 11:10:08','2025-04-29 11:35:36',20),(4,'Scoala Oarca','Srata, Clrai, Dolj, 207171, Romnia','0734254234','calarasi.school@gmail.com','2025-04-30 09:10:53','2025-04-30 09:10:54',27),(5,'Primaria Bradesti','Brdeti, Zona Metropolitan Craiova, Dolj, Romnia','07434343423','office@bradesti.com','2025-05-05 07:55:44','2025-05-05 07:55:45',30),(6,'Scoala OCR','Dbuleni, Dolj, Romnia','0742345721','primariaocr@gmail.com','2025-05-06 11:37:03','2025-05-06 11:37:03',31),(7,'OCR Dolj','Gorj, Romnia','0747374723','ocrdolj@gmai.com','2025-05-06 11:43:34','2025-05-06 11:43:34',32);
/*!40000 ALTER TABLE `institutions` ENABLE KEYS */;
UNLOCK TABLES;

--
-- Table structure for table `notification_requests`
--

DROP TABLE IF EXISTS `notification_requests`;
/*!40101 SET @saved_cs_client     = @@character_set_client */;
/*!50503 SET character_set_client = utf8mb4 */;
CREATE TABLE `notification_requests` (
  `id_request` int NOT NULL AUTO_INCREMENT,
  `user_id` int NOT NULL,
  `request_type` enum('upload_request','storage_upgrade') NOT NULL,
  `current_usage` decimal(10,2) NOT NULL,
  `plan_limit` decimal(10,2) NOT NULL,
  `reason` text,
  `status` enum('pending','approved','rejected') DEFAULT 'pending',
  `created_at` datetime DEFAULT CURRENT_TIMESTAMP,
  `updated_at` datetime DEFAULT CURRENT_TIMESTAMP ON UPDATE CURRENT_TIMESTAMP,
  `superadmin_id` int DEFAULT NULL,
  PRIMARY KEY (`id_request`),
  KEY `user_id` (`user_id`),
  KEY `superadmin_id` (`superadmin_id`),
  CONSTRAINT `notification_requests_ibfk_1` FOREIGN KEY (`user_id`) REFERENCES `user` (`id_user`),
  CONSTRAINT `notification_requests_ibfk_2` FOREIGN KEY (`superadmin_id`) REFERENCES `user` (`id_user`)
) ENGINE=InnoDB AUTO_INCREMENT=83 DEFAULT CHARSET=utf8mb4 COLLATE=utf8mb4_0900_ai_ci;
/*!40101 SET character_set_client = @saved_cs_client */;

--
-- Dumping data for table `notification_requests`
--

LOCK TABLES `notification_requests` WRITE;
/*!40000 ALTER TABLE `notification_requests` DISABLE KEYS */;
INSERT INTO `notification_requests` VALUES (1,6,'storage_upgrade',189.73,192.00,'Storage upgrade needed for file upload. Current usage: 189.73MB, Plan limit: 192.00MB, File size: 10.21MB','pending','2025-04-04 16:22:09','2025-04-04 16:22:09',NULL),(2,6,'storage_upgrade',189.73,192.00,'Storage upgrade needed for file upload. Current usage: 189.73MB, Plan limit: 192.00MB, File size: 10.21MB','pending','2025-04-04 16:24:42','2025-04-04 16:24:42',NULL),(3,6,'storage_upgrade',189.73,192.00,'Storage upgrade needed for file upload. Current usage: 189.73MB, Plan limit: 192.00MB, File size: 10.21MB','pending','2025-04-04 16:28:35','2025-04-04 16:28:35',NULL),(4,6,'storage_upgrade',189.73,192.00,'Storage upgrade needed for file upload. Current usage: 189.73MB, Plan limit: 192.00MB, File size: 10.21MB','pending','2025-04-04 16:30:34','2025-04-04 16:30:34',NULL),(5,17,'storage_upgrade',189.73,192.00,'Storage upgrade needed for file upload. Current usage: 189.73MB, Plan limit: 192.00MB, File size: 10.21MB','pending','2025-04-04 16:37:10','2025-04-04 16:37:10',NULL),(6,17,'storage_upgrade',189.73,192.00,'Storage upgrade needed for file upload. Current usage: 189.73MB, Plan limit: 192.00MB, File size: 10.21MB','pending','2025-04-04 16:37:27','2025-04-04 16:37:27',NULL),(7,6,'storage_upgrade',189.73,192.00,'Storage upgrade needed for file upload. Current usage: 189.73MB, Plan limit: 192.00MB, File size: 10.21MB','pending','2025-04-04 16:45:10','2025-04-04 16:45:10',NULL),(8,6,'storage_upgrade',189.73,192.00,'Storage upgrade needed for file upload. Current usage: 189.73MB, Plan limit: 192.00MB, File size: 10.21MB','pending','2025-04-07 08:25:37','2025-04-07 08:25:37',NULL),(9,17,'storage_upgrade',189.73,192.00,'Storage upgrade needed for file upload. Current usage: 189.73MB, Plan limit: 192.00MB, File size: 10.21MB','pending','2025-04-07 08:26:21','2025-04-07 08:26:21',NULL),(10,17,'storage_upgrade',189.73,192.00,'Storage upgrade needed for file upload. Current usage: 189.73MB, Plan limit: 192.00MB, File size: 10.21MB','approved','2025-04-07 08:29:46','2025-04-24 08:57:13',NULL),(11,6,'storage_upgrade',189.73,192.00,'Storage upgrade needed for file upload. Current usage: 189.73MB, Plan limit: 192.00MB, File size: 10.21MB','','2025-04-07 08:35:12','2025-04-14 10:33:39',NULL),(12,17,'storage_upgrade',189.73,192.00,'Storage upgrade needed for file upload. Current usage: 189.73MB, Plan limit: 192.00MB, File size: 10.21MB','','2025-04-07 08:37:21','2025-04-09 14:32:33',NULL),(13,17,'storage_upgrade',189.73,192.00,'Storage upgrade needed for file upload. Current usage: 189.73MB, Plan limit: 192.00MB, File size: 10.21MB','','2025-04-07 08:38:29','2025-04-08 16:27:15',NULL),(14,17,'storage_upgrade',189.73,192.00,'Storage upgrade needed for file upload. Current usage: 189.73MB, Plan limit: 192.00MB, File size: 10.21MB','','2025-04-07 08:39:06','2025-04-07 12:41:31',NULL),(15,17,'storage_upgrade',189.73,192.00,'Storage upgrade needed for file upload. Current usage: 189.73MB, Plan limit: 192.00MB, File size: 10.21MB','','2025-04-07 08:45:12','2025-04-07 11:32:49',NULL),(16,6,'storage_upgrade',189.73,192.00,'Storage upgrade needed for file upload. Current usage: 189.73MB, Plan limit: 192.00MB, File size: 10.21MB','','2025-04-07 08:52:52','2025-04-07 10:17:48',NULL),(17,6,'storage_upgrade',189.73,192.00,'Storage upgrade needed for file upload. Current usage: 189.73MB, Plan limit: 192.00MB, File size: 10.21MB','','2025-04-07 08:53:34','2025-04-07 09:27:55',NULL),(18,6,'storage_upgrade',189.73,192.00,'Storage upgrade needed for file upload. Current usage: 189.73MB, Plan limit: 192.00MB, File size: 10.21MB','','2025-04-07 08:55:16','2025-04-07 09:27:51',NULL),(19,17,'storage_upgrade',189.73,192.00,'Storage upgrade needed for file upload. Current usage: 189.73MB, Plan limit: 192.00MB, File size: 10.21MB','','2025-04-07 09:01:22','2025-04-07 09:22:35',NULL),(20,17,'storage_upgrade',189.73,192.00,'Storage upgrade needed for file upload. Current usage: 189.73MB, Plan limit: 192.00MB, File size: 10.21MB','','2025-04-07 09:09:13','2025-04-07 09:22:29',NULL),(21,6,'storage_upgrade',189.73,192.00,'Storage upgrade needed for file upload. Current usage: 189.73MB, Plan limit: 192.00MB, File size: 10.21MB','','2025-04-07 09:23:31','2025-04-07 09:25:23',NULL),(22,19,'storage_upgrade',189.73,192.00,'Storage upgrade needed for file upload. Current usage: 189.73MB, Plan limit: 192.00MB, File size: 10.21MB','','2025-04-07 09:24:34','2025-04-07 09:25:18',NULL),(23,17,'storage_upgrade',189.73,192.00,'Storage upgrade needed for file upload. Current usage: 189.73MB, Plan limit: 192.00MB, File size: 10.21MB','','2025-04-07 09:28:05','2025-04-09 09:28:24',NULL),(24,6,'storage_upgrade',189.73,192.00,'Storage upgrade needed for file upload. Current usage: 189.73MB, Plan limit: 192.00MB, File size: 10.21MB','','2025-04-07 09:28:32','2025-04-07 09:28:48',NULL),(25,6,'storage_upgrade',195.82,192.00,'Storage upgrade needed for file upload. Current usage: 195.82MB, Plan limit: 192.00MB, File size: 1.05MB','','2025-04-07 12:43:34','2025-04-08 11:03:47',NULL),(26,6,'storage_upgrade',195.82,192.00,'Storage upgrade needed for file upload. Current usage: 195.82MB, Plan limit: 192.00MB, File size: 1.05MB','','2025-04-07 12:48:34','2025-04-07 12:48:46',NULL),(27,6,'storage_upgrade',216.84,210.00,'Storage upgrade needed for file upload. Current usage: 216.84MB, Plan limit: 210.00MB, File size: 5.26MB','','2025-04-07 15:43:30','2025-04-07 16:36:11',NULL),(28,6,'storage_upgrade',243.13,240.00,'Storage upgrade needed for file upload. Current usage: 243.13MB, Plan limit: 240.00MB, File size: 1.05MB','','2025-04-07 15:59:49','2025-04-08 15:55:35',NULL),(29,6,'storage_upgrade',0.00,0.00,'Storage upgrade needed for file upload. Current usage: 0.00MB, Plan limit: 0.00MB, File size: 10.21MB','','2025-04-09 10:24:27','2025-04-09 11:10:09',NULL),(30,6,'storage_upgrade',0.00,0.00,'Storage upgrade needed for file upload. Current usage: 0.00MB, Plan limit: 0.00MB, File size: 10.21MB','','2025-04-09 10:25:01','2025-04-14 12:14:49',NULL),(31,6,'storage_upgrade',0.00,0.00,'Storage upgrade needed for file upload. Current usage: 0.00MB, Plan limit: 0.00MB, File size: 0.01MB','pending','2025-04-14 09:14:37','2025-04-14 09:14:37',NULL),(32,6,'storage_upgrade',45.98,47.00,'Storage upgrade needed for file upload. Current usage: 45.98MB, Plan limit: 47.00MB, File size: 5.26MB','','2025-04-14 09:27:15','2025-04-14 09:27:24',NULL),(33,18,'storage_upgrade',45.98,47.00,'Storage upgrade needed for file upload. Current usage: 45.98MB, Plan limit: 47.00MB, File size: 5.26MB','','2025-04-14 09:27:56','2025-04-14 09:32:58',NULL),(34,18,'storage_upgrade',45.98,47.00,'Storage upgrade needed for file upload. Current usage: 45.98MB, Plan limit: 47.00MB, File size: 5.26MB','','2025-04-14 09:28:32','2025-04-14 09:33:08',NULL),(35,18,'storage_upgrade',45.98,47.00,'Storage upgrade needed for file upload. Current usage: 45.98MB, Plan limit: 47.00MB, File size: 5.26MB','','2025-04-14 09:28:44','2025-04-14 09:33:11',NULL),(36,18,'storage_upgrade',45.98,47.00,'Storage upgrade needed for file upload. Current usage: 45.98MB, Plan limit: 47.00MB, File size: 5.26MB','','2025-04-14 09:32:48','2025-04-14 09:33:13',NULL),(37,18,'storage_upgrade',45.98,47.00,'Storage upgrade needed for file upload. Current usage: 45.98MB, Plan limit: 47.00MB, File size: 5.26MB','','2025-04-14 09:33:19','2025-04-14 09:33:27',NULL),(38,18,'storage_upgrade',45.98,47.00,'Storage upgrade needed for file upload. Current usage: 45.98MB, Plan limit: 47.00MB, File size: 5.26MB','','2025-04-14 09:33:31','2025-04-14 10:35:23',NULL),(39,6,'storage_upgrade',51.23,47.00,'Storage upgrade needed for file upload. Current usage: 51.23MB, Plan limit: 47.00MB, File size: 5.26MB','','2025-04-14 10:01:28','2025-04-14 10:01:34',NULL),(40,18,'storage_upgrade',51.23,47.00,'Storage upgrade needed for file upload. Current usage: 51.23MB, Plan limit: 47.00MB, File size: 5.26MB','','2025-04-14 10:34:39','2025-04-14 10:40:27',NULL),(41,18,'storage_upgrade',51.23,47.00,'Storage upgrade needed for file upload. Current usage: 51.23MB, Plan limit: 47.00MB, File size: 5.26MB','','2025-04-14 10:36:22','2025-04-14 11:27:19',NULL),(42,18,'storage_upgrade',51.23,47.00,'Storage upgrade needed for file upload. Current usage: 51.23MB, Plan limit: 47.00MB, File size: 5.26MB','','2025-04-14 10:36:34','2025-04-14 10:44:41',NULL),(43,6,'storage_upgrade',51.23,47.00,'Storage upgrade needed for file upload. Current usage: 51.23MB, Plan limit: 47.00MB, File size: 5.26MB','','2025-04-14 10:39:09','2025-04-14 10:43:13',NULL),(44,6,'storage_upgrade',51.23,47.00,'Storage upgrade needed for file upload. Current usage: 51.23MB, Plan limit: 47.00MB, File size: 5.26MB','','2025-04-14 10:40:47','2025-04-14 10:42:35',NULL),(45,6,'storage_upgrade',51.23,47.00,'Storage upgrade needed for file upload. Current usage: 51.23MB, Plan limit: 47.00MB, File size: 5.26MB','','2025-04-14 10:45:32','2025-04-14 10:48:09',NULL),(46,6,'storage_upgrade',51.26,47.00,'Storage upgrade needed for file upload. Current usage: 51.26MB, Plan limit: 47.00MB, File size: 0.01MB','','2025-04-14 12:14:27','2025-04-14 12:14:36',NULL),(47,6,'storage_upgrade',51.26,47.00,'Storage upgrade needed for file upload. Current usage: 51.26MB, Plan limit: 47.00MB, File size: 0.01MB','pending','2025-04-14 13:32:57','2025-04-14 13:32:57',NULL),(48,6,'storage_upgrade',51.69,47.00,'Storage upgrade needed for file upload. Current usage: 51.69MB, Plan limit: 47.00MB, File size: 0.13MB','pending','2025-04-14 15:44:53','2025-04-14 15:44:53',NULL),(49,6,'storage_upgrade',52.22,47.00,'Storage upgrade needed for file upload. Current usage: 52.22MB, Plan limit: 47.00MB, File size: 0.13MB','pending','2025-04-14 16:00:34','2025-04-14 16:00:34',NULL),(50,6,'storage_upgrade',52.62,47.00,'Storage upgrade needed for file upload. Current usage: 52.62MB, Plan limit: 47.00MB, File size: 0.13MB','pending','2025-04-14 16:23:04','2025-04-14 16:23:04',NULL),(51,6,'storage_upgrade',54.46,47.00,'Storage upgrade needed for file upload. Current usage: 54.46MB, Plan limit: 47.00MB, File size: 0.34MB','','2025-04-15 09:36:58','2025-04-15 13:39:35',NULL),(52,6,'storage_upgrade',54.79,47.00,'Storage upgrade needed for file upload. Current usage: 54.79MB, Plan limit: 47.00MB, File size: 0.35MB','','2025-04-15 13:39:10','2025-04-15 14:33:25',NULL),(53,6,'storage_upgrade',55.14,47.00,'Storage upgrade needed for file upload. Current usage: 55.14MB, Plan limit: 47.00MB, File size: 1.59MB','pending','2025-04-15 14:55:11','2025-04-15 14:55:11',NULL),(54,6,'storage_upgrade',54.78,47.00,'Storage upgrade needed for file upload. Current usage: 54.78MB, Plan limit: 47.00MB, File size: 1.59MB','pending','2025-04-15 15:31:30','2025-04-15 15:31:30',NULL),(55,18,'storage_upgrade',54.78,47.00,'Storage upgrade needed for file upload. Current usage: 54.78MB, Plan limit: 47.00MB, File size: 1.59MB','pending','2025-04-15 16:06:59','2025-04-15 16:06:59',NULL),(56,6,'storage_upgrade',56.37,47.00,'Storage upgrade needed for file upload. Current usage: 56.37MB, Plan limit: 47.00MB, File size: 1.59MB','pending','2025-04-16 09:04:02','2025-04-16 09:04:02',NULL),(57,6,'storage_upgrade',77.02,47.00,'Storage upgrade needed for file upload. Current usage: 77.02MB, Plan limit: 47.00MB, File size: 1.59MB','pending','2025-04-16 13:29:22','2025-04-16 13:29:22',NULL),(58,6,'storage_upgrade',107.85,47.00,'Storage upgrade needed for file upload. Current usage: 107.85MB, Plan limit: 47.00MB, File size: 0.13MB','approved','2025-04-16 16:50:05','2025-04-30 14:57:08',NULL),(59,6,'storage_upgrade',111.17,47.00,'Storage upgrade needed for file upload. Current usage: 111.17MB, Plan limit: 47.00MB, File size: 0.33MB','approved','2025-04-17 10:35:55','2025-04-28 13:26:16',NULL),(60,6,'storage_upgrade',112.03,47.00,'Storage upgrade needed for file upload. Current usage: 112.03MB, Plan limit: 47.00MB, File size: 1.05MB','approved','2025-04-22 09:34:33','2025-04-25 13:43:25',NULL),(61,18,'storage_upgrade',109.98,47.00,'Storage upgrade needed for file upload. Current usage: 109.98MB, Plan limit: 47.00MB, File size: 0.01MB','approved','2025-04-22 12:08:55','2025-04-24 09:07:17',NULL),(62,6,'storage_upgrade',109.98,47.00,'Storage upgrade needed for file upload. Current usage: 109.98MB, Plan limit: 47.00MB, File size: 0.01MB','approved','2025-04-22 14:13:41','2025-04-24 09:10:11',NULL),(63,6,'storage_upgrade',109.98,47.00,'Storage upgrade needed for file upload. Current usage: 109.98MB, Plan limit: 47.00MB, File size: 0.01MB','approved','2025-04-22 14:22:11','2025-04-24 08:57:24',NULL),(64,6,'storage_upgrade',110.04,47.00,'Storage upgrade needed for file upload. Current usage: 110.04MB, Plan limit: 47.00MB, File size: 0.01MB','approved','2025-04-22 16:12:54','2025-04-24 09:07:10',NULL),(65,6,'storage_upgrade',110.04,47.00,'Storage upgrade needed for file upload. Current usage: 110.04MB, Plan limit: 47.00MB, File size: 0.01MB','approved','2025-04-23 08:40:47','2025-04-24 08:57:22',NULL),(66,22,'storage_upgrade',110.07,47.00,'Storage upgrade needed for file upload. Current usage: 110.07MB, Plan limit: 47.00MB, File size: 0.01MB','approved','2025-04-23 14:42:45','2025-04-24 08:57:04',NULL),(67,6,'storage_upgrade',98.97,100.00,'Storage upgrade needed for file upload. Current usage: 98.97MB, Plan limit: 100.00MB, File size: 1.59MB','approved','2025-04-23 16:37:00','2025-04-24 08:57:20',NULL),(68,6,'storage_upgrade',98.97,100.00,'Storage upgrade needed for file upload. Current usage: 98.97MB, Plan limit: 100.00MB, File size: 1.59MB','approved','2025-04-23 16:44:05','2025-04-24 08:57:00',NULL),(69,6,'storage_upgrade',102.42,100.00,'Storage upgrade needed for file upload. Current usage: 102.42MB, Plan limit: 100.00MB, File size: 0.14MB','approved','2025-04-25 16:46:40','2025-04-25 16:46:53',NULL),(70,6,'storage_upgrade',102.96,100.00,'Storage upgrade needed for file upload. Current usage: 102.96MB, Plan limit: 100.00MB, File size: 0.33MB','approved','2025-04-28 13:46:47','2025-04-28 13:47:02',NULL),(71,6,'storage_upgrade',104.28,102.00,'Storage upgrade needed for file upload. Current usage: 104.28MB, Plan limit: 102.00MB, File size: 0.33MB','approved','2025-05-05 09:17:55','2025-05-05 11:03:23',NULL),(72,6,'storage_upgrade',87.07,80.00,'Storage upgrade needed for file upload. Current usage: 87.07MB, Plan limit: 80.00MB, File size: 0.33MB','approved','2025-05-05 09:49:05','2025-05-05 11:03:16',NULL),(73,6,'storage_upgrade',90.03,77.00,'Storage upgrade needed for file upload. Current usage: 90.03MB, Plan limit: 77.00MB, File size: 0.33MB','pending','2025-05-06 13:27:10','2025-05-06 13:27:10',NULL),(74,6,'storage_upgrade',90.03,77.00,'Storage upgrade needed for file upload. Current usage: 90.03MB, Plan limit: 77.00MB, File size: 0.33MB','approved','2025-05-06 13:34:05','2025-05-06 13:35:19',NULL),(75,6,'storage_upgrade',90.32,77.00,'Storage upgrade needed for file upload. Current usage: 90.32MB, Plan limit: 77.00MB, File size: 0.01MB','pending','2025-05-07 16:04:20','2025-05-07 16:04:20',NULL),(76,6,'storage_upgrade',90.32,77.00,'Storage upgrade needed for file upload. Current usage: 90.32MB, Plan limit: 77.00MB, File size: 0.01MB','pending','2025-05-07 16:13:13','2025-05-07 16:13:13',NULL),(77,6,'storage_upgrade',90.32,77.00,'Storage upgrade needed for file upload. Current usage: 90.32MB, Plan limit: 77.00MB, File size: 0.01MB','pending','2025-05-07 16:27:17','2025-05-07 16:27:17',20),(78,25,'storage_upgrade',90.32,77.00,'Storage upgrade needed for file upload. Current usage: 90.32MB, Plan limit: 77.00MB, File size: 0.01MB','pending','2025-05-07 16:36:34','2025-05-07 16:36:34',20),(79,33,'storage_upgrade',0.00,1.00,'Storage upgrade needed for file upload. Current usage: 0.00MB, Plan limit: 1.00MB, File size: 2.11MB','pending','2025-05-07 16:49:00','2025-05-07 16:49:00',31),(80,33,'storage_upgrade',0.00,1.00,'Storage upgrade needed for file upload. Current usage: 0.00MB, Plan limit: 1.00MB, File size: 2.11MB','pending','2025-05-07 16:49:16','2025-05-07 16:49:16',31),(81,33,'storage_upgrade',0.00,1.00,'Storage upgrade needed for file upload. Current usage: 0.00MB, Plan limit: 1.00MB, File size: 2.11MB','pending','2025-05-07 16:49:36','2025-05-07 16:49:36',31),(82,6,'storage_upgrade',104.91,1.00,'Storage upgrade needed for file upload. Current usage: 104.91MB, Plan limit: 1.00MB, File size: 0.15MB','pending','2025-05-16 11:49:09','2025-05-16 11:49:09',20);
/*!40000 ALTER TABLE `notification_requests` ENABLE KEYS */;
UNLOCK TABLES;

--
-- Table structure for table `plan_features`
--

DROP TABLE IF EXISTS `plan_features`;
/*!40101 SET @saved_cs_client     = @@character_set_client */;
/*!50503 SET character_set_client = utf8mb4 */;
CREATE TABLE `plan_features` (
  `plan_id` int NOT NULL,
  `feature_id` int NOT NULL,
  `created_at` timestamp NULL DEFAULT CURRENT_TIMESTAMP,
  PRIMARY KEY (`plan_id`,`feature_id`),
  KEY `feature_id` (`feature_id`),
  CONSTRAINT `plan_features_ibfk_1` FOREIGN KEY (`plan_id`) REFERENCES `plans` (`id`) ON DELETE CASCADE,
  CONSTRAINT `plan_features_ibfk_2` FOREIGN KEY (`feature_id`) REFERENCES `features` (`id`) ON DELETE CASCADE
) ENGINE=InnoDB DEFAULT CHARSET=utf8mb4 COLLATE=utf8mb4_0900_ai_ci;
/*!40101 SET character_set_client = @saved_cs_client */;

--
-- Dumping data for table `plan_features`
--

LOCK TABLES `plan_features` WRITE;
/*!40000 ALTER TABLE `plan_features` DISABLE KEYS */;
INSERT INTO `plan_features` VALUES (1,9,'2025-05-07 13:47:50'),(1,19,'2025-05-07 13:47:50'),(2,14,'2025-04-30 09:13:06'),(2,15,'2025-04-30 09:13:06'),(3,9,'2025-04-30 07:43:09'),(3,10,'2025-04-30 07:43:09'),(3,11,'2025-04-30 07:43:09'),(3,12,'2025-04-30 07:43:09');
/*!40000 ALTER TABLE `plan_features` ENABLE KEYS */;
UNLOCK TABLES;

--
-- Table structure for table `plans`
--

DROP TABLE IF EXISTS `plans`;
/*!40101 SET @saved_cs_client     = @@character_set_client */;
/*!50503 SET character_set_client = utf8mb4 */;
CREATE TABLE `plans` (
  `id` int NOT NULL AUTO_INCREMENT,
  `name` varchar(255) NOT NULL,
  `storage_limit` bigint NOT NULL,
  `price` decimal(10,2) NOT NULL,
  `max_files` int DEFAULT '0',
  `max_file_size` int DEFAULT '0',
  `created_at` timestamp NULL DEFAULT CURRENT_TIMESTAMP,
  `updated_at` timestamp NULL DEFAULT CURRENT_TIMESTAMP ON UPDATE CURRENT_TIMESTAMP,
  PRIMARY KEY (`id`)
) ENGINE=InnoDB AUTO_INCREMENT=4 DEFAULT CHARSET=utf8mb4 COLLATE=utf8mb4_0900_ai_ci;
/*!40101 SET character_set_client = @saved_cs_client */;

--
-- Dumping data for table `plans`
--

LOCK TABLES `plans` WRITE;
/*!40000 ALTER TABLE `plans` DISABLE KEYS */;
INSERT INTO `plans` VALUES (1,'Basic Plan',1,9.97,1000,15,'2025-04-22 12:47:00','2025-05-07 13:47:50'),(2,'Pro Plan',21504,19.90,449996,10,'2025-04-22 12:47:00','2025-04-30 09:12:55'),(3,'Enterprise Plan',1048576,49.99,100,20,'2025-04-22 12:47:00','2025-04-30 06:30:01');
/*!40000 ALTER TABLE `plans` ENABLE KEYS */;
UNLOCK TABLES;

--
-- Table structure for table `sessions`
--

DROP TABLE IF EXISTS `sessions`;
/*!40101 SET @saved_cs_client     = @@character_set_client */;
/*!50503 SET character_set_client = utf8mb4 */;
CREATE TABLE `sessions` (
  `session_id` varchar(128) CHARACTER SET utf8mb4 COLLATE utf8mb4_bin NOT NULL,
  `expires` int unsigned NOT NULL,
  `data` mediumtext CHARACTER SET utf8mb4 COLLATE utf8mb4_bin,
  PRIMARY KEY (`session_id`)
) ENGINE=InnoDB DEFAULT CHARSET=utf8mb4 COLLATE=utf8mb4_0900_ai_ci;
/*!40101 SET character_set_client = @saved_cs_client */;

--
-- Dumping data for table `sessions`
--

LOCK TABLES `sessions` WRITE;
/*!40000 ALTER TABLE `sessions` DISABLE KEYS */;
INSERT INTO `sessions` VALUES ('KzErRywJhkL8na0wwShFU5TsJFs1KU9f',1747489032,'{\"cookie\":{\"originalMaxAge\":86400000,\"expires\":\"2025-05-17T13:02:38.526Z\",\"secure\":false,\"httpOnly\":true,\"domain\":\"localhost\",\"path\":\"/\",\"sameSite\":\"lax\"},\"id_user\":25,\"nom\":\"Rusescu\",\"prenom\":\"Raul\",\"role\":\"user\"}'),('a1zRaL1UXIWYQEc88XLgjIYY2nC-H5bK',1747399729,'{\"cookie\":{\"originalMaxAge\":86400000,\"expires\":\"2025-05-15T12:48:57.997Z\",\"secure\":false,\"httpOnly\":true,\"domain\":\"localhost\",\"path\":\"/\",\"sameSite\":\"lax\"},\"id_user\":25,\"nom\":\"Rusescu\",\"prenom\":\"Raul\",\"role\":\"user\"}');
/*!40000 ALTER TABLE `sessions` ENABLE KEYS */;
UNLOCK TABLES;

--
-- Table structure for table `table_document`
--

DROP TABLE IF EXISTS `table_document`;
/*!40101 SET @saved_cs_client     = @@character_set_client */;
/*!50503 SET character_set_client = utf8mb4 */;
CREATE TABLE `table_document` (
  `id_document` int NOT NULL AUTO_INCREMENT,
  `nom_document` varchar(255) NOT NULL,
  `path` varchar(255) NOT NULL,
  `id_user_source` int DEFAULT NULL,
  `date_upload` datetime DEFAULT CURRENT_TIMESTAMP,
  `comment` text,
  `nom_document_original` varchar(255) DEFAULT NULL,
  `isVerfied` tinyint(1) DEFAULT '1',
  `type_id` int NOT NULL,
  `file_size` bigint DEFAULT '0',
  PRIMARY KEY (`id_document`),
  KEY `id_user_source` (`id_user_source`),
  KEY `type_id` (`type_id`),
  CONSTRAINT `table_document_ibfk_1` FOREIGN KEY (`id_user_source`) REFERENCES `user` (`id_user`),
  CONSTRAINT `table_document_ibfk_2` FOREIGN KEY (`type_id`) REFERENCES `document_types` (`id`)
) ENGINE=InnoDB AUTO_INCREMENT=534 DEFAULT CHARSET=utf8mb4 COLLATE=utf8mb4_0900_ai_ci;
/*!40101 SET character_set_client = @saved_cs_client */;

--
-- Dumping data for table `table_document`
--

LOCK TABLES `table_document` WRITE;
/*!40000 ALTER TABLE `table_document` DISABLE KEYS */;
INSERT INTO `table_document` VALUES (1,'sample_report.pdf','./uploads/Official Document',14,'2025-03-21 10:55:52','This is a sample report','Annual Report 2024',1,1,0),(2,'business_plan.pdf','./uploads/Official Document',14,'2025-03-21 10:55:52','Business strategy plan','Business Plan 2024-2025',1,1,0),(3,'john_report.pdf','Scoala Dabuleni/Official Document',6,'2025-03-21 11:03:53','Report for John','John Report 2024',1,1,0),(4,'shared_document.pdf','uploads/tt/Classified Documents/t21/t3/t12',14,'2025-03-21 11:04:34','Document shared with John','Shared Document 2024',1,1,0),(5,'shared_document.pdf','./uploads/Shared Document',1,'2025-03-21 11:18:49','Document shared with John','Shared Document 2024',1,2,0),(6,'hak.pdf','Scoala Dabuleni/t2',6,'2025-03-21 12:34:00','Test hak document',NULL,1,3,0),(7,'redaction_scientifique_.pdf','Scoala Dabuleni/Official Document',6,'2025-03-21 14:08:34','mcmcmc','doc',1,4,0),(8,'redaction_scientifique_.pdf','Scoala Dabuleni/t3',6,'2025-03-21 14:11:13','coms','aaa',1,5,0),(9,'file-sample_150kB.pdf','Scoala Dabuleni/Official Document',6,'2025-03-23 11:41:31','Comments','TestPdf',1,1,0),(10,'file-sample_150kB.pdf','Scoala Dabuleni/Official Document',6,'2025-03-23 11:53:32','Comentarii','Safir',1,1,0),(13,'pdf-test.pdf','Scoala Dabuleni/tt',6,'2025-03-23 12:26:42','ssss','fsfsf',1,5,0),(14,'fdfd.pdf','Scoala Dabuleni/t3',6,'2025-03-23 12:36:23','DDDD','FFFF',1,5,0),(15,'pdf-test.pdf','Scoala Dabuleni/tt',6,'2025-03-23 12:59:18','scacs','cc',1,6,0),(16,'1mb.pdf','Scoala Dabuleni/Official Document',6,'2025-03-23 13:54:12','Providing a sample PDF for educational or business use\r\nGet Started Now','File Content: Dummy Text (Sample PDF)',1,1,0),(17,'1mb.pdf','Scoala Dabuleni/t3',6,'2025-03-23 14:30:53','Objective: This file is ideal for blank document needs, obtaining a new PDF file, testing file uploads','File Name TTT',1,5,0),(18,'pdf-test.pdf','Scoala Dabuleni/tt',6,'2025-03-23 14:37:15','Yukon Department of Education\r\nBox 2703\r\nWhitehorse,Yukon\r\nCanada\r\nY1A 2C6\r\nPlease visit our website at: http://www.education.gov.yk.ca/','yoko',1,4,0),(19,'fdfd.pdf','Scoala Dabuleni/Official Document',6,'2025-03-23 15:11:48','ate ac suscipit et, iaculis non est. Curabitur semper arcu ac ligula semper, nec luctus\r\nnisl blandit. Integer lacinia ante ac libero lobortis imperdiet.\r\nNullam mollis convallis ipsum,\r\nac accumsan nunc vehicula vitae. Nulla eget justo in felis tristique fringilla. Morbi sit amet\r\ntortor quis risus ','Lorem ipsum2',1,1,0),(20,'1mb.pdf','./uploads/t4',14,'2025-03-23 15:52:31','xperimenting with PDF rendering and formatting in your applications\r\nProviding a sample PDF for educational or business use\r\nGet Started Now:\r\nWhether you\'re a','sample pdf file ',1,6,0),(21,'fdfd.pdf','./uploads/Official Document',14,'2025-03-23 16:02:57','putate ac suscipit et, iaculis non est. Curabitur semper arcu ac ligula semper, nec luctus\r\nnisl blandit. Integer lacinia ante ac libero lobortis imperdiet.\r\nNullam mollis convallis ipsum,\r\nac accumsan nunc vehicula vitae. Nulla eget justo in felis tristique fringilla. Morbi sit amet\r\ntortor quis risus auctor condimentum. Morbi in ullamcorper elit. Nulla iaculis tellus sit amet\r\nmauris tempus fringilla.\r\nMaecenas mauris lectus, lobortis et','Lorem ipsum32323',1,1,0),(22,'1mb.pdf','./uploads/t3',14,'2025-03-23 16:08:37','t in your testing and development projects. Simply click the download button to get started\r\nwith your sample PDF download!\r\nInformation About PDF Format\r\nPDF stands for Portable Document Format and was developed by Adobe Systems. It combines rich\r\ncontent such as text, images and hyperlinks, allowing users to share documents across different\r\noperating systems and devices with the same view. Its wide use has made it indispensable for\r\nelectronic document sharing. Thanks to its open-source readers and software, viewing and editing','File Content About PDF Format',1,5,0),(23,'fdfd.pdf','./uploads/t3',14,'2025-03-23 16:14:19','. Maecenas sed egestas nulla, ac condimentum orci. Mauris diam felis,\r\nvulputate ac suscip','ipsum odio',1,5,0),(24,'10MB-TESTFILE.ORG.pdf','Scoala Dabuleni/undefined',6,'2025-03-24 07:25:13','You will be recorded as the document author. Documents can be searched by author name.','TESTFILE.ORGG',1,5,0),(25,'2mb.pdf','Scoala Dabuleni/undefined',6,'2025-03-24 08:28:42','xperimenting with PDF rendering and formatting in your applications\r\nProviding a sample PDF for educational or business use','2mb document',1,1,0),(26,'2mb.pdf','Scoala Dabuleni/undefined',6,'2025-03-24 08:54:58','dsdsdsdsd','cccssssss',1,1,0),(27,'_TestPdf_.pdf','Scoala Dabuleni/Users/pds/Desktop/Document_App/EDMS-main/back-end/uploads/default',6,'2025-03-24 10:42:38','mulet comsssda','testing file',1,4,0),(28,'2mb.pdf','Scoala Dabuleni/Users/pds/Desktop/Document_App/EDMS-main/back-end/uploads/default',6,'2025-03-24 10:47:43','afsddasfsdfdjsfdskjdsafkjdsnf','wwe',1,1,0),(29,'_TestPdf_.pdf','Scoala Dabuleni/Users/pds/Desktop/Document_App/EDMS-main/back-end/uploads/Official Document',6,'2025-03-24 11:30:09','sem. Nullam at porttitor arcu, nec lacinia nisi. Ut ac dolor vitae odio interdum\r\ncondimentum. Vivamus dapibus sodales ex, vitae malesuada ipsum cursus\r\nconvallis. Maecenas sed egestas nulla, ac condimentum orci. Mauris diam felis,\r\nvulputate ac suscipit et, iaculis non est. Curabitur semper arcu ac ligula semper, nec luctus\r\nnisl blandit. Integer laci','GGWP2',1,1,0),(30,'_TestPdf_.pdf','Scoala Dabuleni/Users/pds/Desktop/Document_App/EDMS-main/back-end/uploads/Official Document',6,'2025-03-24 11:36:22','. Maecenas sed egestas nulla, ac condimentum orci. Mauris diam felis,\r\nvulputate a','WWE2k2000',1,1,0),(31,'GGWPPasere','Scoala Dabuleni/Users/pds/Desktop/Document_App/EDMS-main/back-end/uploads/Official Document',6,'2025-03-24 11:47:06','nisl blandit. Integer lacinia ante ac libero lobortis imperdiet.','GGWPPasere',1,1,0),(32,'Nume_Current','Scoala Dabuleni/Users/pds/Desktop/Document_App/EDMS-main/back-end/uploads/Official Document',6,'2025-03-24 12:35:40','KSKDKSDSKDKD','Nume_Current',1,1,0),(33,'_v1743423144636.nume document','Scoala Dabuleni/Users/pds/Desktop/Test_App/EDMS-main/back-end/uploads/t3',6,'2025-03-24 12:40:03','comment','nume document',1,5,0),(34,'Get_Started_With_Smallpdf.pdf','Scoala Dabuleni/Users/pds/Desktop/Document_App/EDMS-main/back-end/uploads/t3',6,'2025-03-24 12:54:36','Forget mundane administrative tasks. With','SmallPdf_Doc',1,5,0),(35,'_FFFF_.pdf','Scoala Dabuleni/Users/pds/Desktop/Document_App/EDMS-main/back-end/uploads/Official Document',6,'2025-03-24 13:28:04','dsfdsfdsf','dsfdsfsdfdsf',1,1,0),(36,'260KB.pdf','Scoala Dabuleni/Users/pds/Desktop/Document_App/EDMS-main/back-end/uploads/Official Document',6,'2025-03-24 13:31:46','fdsfsdfdsfsdf','NUme Onest',1,1,0),(37,'_SmallPdf_Doc_.pdf','Scoala Dabuleni/Users/pds/Desktop/Document_App/EDMS-main/back-end/uploads/t3',6,'2025-03-24 13:54:40','nonkeys','FFFFSSSSSD',1,5,0),(38,'Get_Started_With_Smallpdf.pdf','Scoala Dabuleni/Users/pds/Desktop/Document_App/EDMS-main/back-end/uploads/t4',6,'2025-03-24 14:54:05','nu am','HHHHHHHHHH',1,6,0),(39,'350KB_v1742905403099_v1742907999348_v1742908889881.pdf','Scoala Dabuleni/Users/pds/Desktop/Document_App/EDMS-main/back-end/uploads/Official Document',6,'2025-03-25 06:50:35','Yyet to misery wisdom plenty polite to as. Prepared interest proposal it he exercise. My wishing an in attempt ferrars. Visited eat you why service looking engaged. At place no walls hopes rooms fully in. Roof hope shy tore leaf joy paid boy. Noisier out brought entered detract because sitting sir. Fat put occasion rendered off humanity has.','Documnet cu 350kb',1,1,0),(40,'800KB_v1742905074572_v1742906540484_v1742906748330.pdf','Scoala Dabuleni/Users/pds/Desktop/Document_App/EDMS-main/back-end/uploads/default',6,'2025-03-25 12:17:02','I had resolving otherwise she contented therefore. Afford relied warmth out sir hearts sister use garden. Men day warmth formed admire former simple. Humanity declared vicinity continue supplied no an. He hastened am no property exercise of. Dissimilar comparison no terminated devonshire no literature on. Say most yet head room such just easy.','Document 800kb',1,4,0),(41,'350KB_v1742910458786_v1742911233149.pdf','Scoala Dabuleni/Users/pds/Desktop/Document_App/EDMS-main/back-end/uploads/Official Document',6,'2025-03-25 13:39:26','WEBbyothers. Two dear held mrs feet view her old fine. Bore can led than how has rank. Discovery any extensive has commanded direction. Short at front which blind as. Ye as procuring unwilling principle by.\r\n\r\nMuch evil soon high in hope do view. Out may few northward believing attempted. Yet timed being songs marry one defer men our. Although finished blessing do of. Consider speaking me prospect whatever if. Ten nearer rather hunted six parish indeed number. Allowance repulsive sex may contained can set suspected abilities cordially. Do part am he high rest that. So','Document de proba',1,1,0),(42,'PDF_TestPage_v1742913422882.pdf','Scoala Dabuleni/Users/pds/Desktop/Document_App/EDMS-main/back-end/uploads/Official Document',6,'2025-03-25 14:25:53','Tnonono calm much most long me mean. Able rent long in do we. Uncommonly no it announcing melancholy an in. Mirth learn it he given. Secure shy favour length all twenty denote. He felicity no an at packages answered opinions juvenile.','SPBC',1,1,0),(43,'_v1742980455956.NNOU','Scoala Dabuleni/Users/pds/Desktop/Document_App/EDMS-main/back-end/uploads/Official Document',6,'2025-03-26 08:20:09','testing,testtare.revo','NNOU',1,1,0),(44,'_SmallPdf_Doc__v1742989145460.pdf','Scoala Dabuleni/Users/pds/Desktop/Document_App/EDMS-main/back-end/uploads/Official Document',6,'2025-03-26 09:29:08','ramprampramp','800KB.pdf',1,1,0),(45,'STatistici_v1743173110409.pdf','Scoala Dabuleni/Users/pds/Desktop/Test_App/EDMS-main/back-end/uploads/t3',6,'2025-03-26 13:23:17','NMD include instruirea utilizatorilor, iar faza final const n implementarea i punerea n producie a sistemului. Durata total a contractului este de 12 luni, mprit pe activiti precise, cu termene specifice. n paralel, se va monitoriza progresul i se vor face ajustrile necesare pentru a respecta termenele i cerinele stabilite. Fiecare activitate va fi susinut de resurse umane i tehnice corespunztoare, iar echipa WEB WIN GROUP NET SRL va asigura implementarea complet i corect a soluiei.','STatistici',1,5,0),(46,'260KB.pdf','Scoala Dabuleni/Users/pds/Desktop/Document_App/EDMS-main/back-end/uploads/Official Document',6,'2025-03-27 07:53:55',' sit amet massa vitae tortor condimentum. Viverra nibh cras pulvinar mattis nunc sed blandit\r\nlibero volutpat. Molestie a iaculis at erat pellentesque adipiscing commodo elit. Commodo quis\r\nimperdiet mas','Server',1,1,0),(47,'800KB.pdf','Scoala Dabuleni/Users/pds/Desktop/Document_App/EDMS-main/back-end/uploads/t2',6,'2025-03-27 09:32:49','ugue cursus, tincidunt nisl a, aliquet lacus. Mauris rhoncus massa\r\nligula, in tristique tellus volutpat eu.\r\nPraesent blandit mauris mauris, eu mattis s','SSV',1,4,0),(48,'260KB.pdf','Scoala Dabuleni/Users/pds/Desktop/Document_App/EDMS-main/back-end/uploads/Official Document',6,'2025-03-27 14:35:16','comss','Nume creativ',1,1,0),(49,'Astazi_v1743415742424.pdf','Scoala Dabuleni/Users/pds/Desktop/Test_App/EDMS-main/back-end/uploads/Official Document',6,'2025-03-28 11:52:31','comentariu','Astazi',1,1,0),(50,'260KB.pdf','/Users/pds/Desktop/Test_App/EDMS-main/back-end/uploads/t2',14,'2025-03-28 12:56:42','fdsfsdfsdfdsf','DE TEST',1,4,0),(51,'AndreiPdf_v1743412879118.pdf','/Users/pds/Desktop/Test_App/EDMS-main/back-end/uploads/Official Document',18,'2025-03-31 08:53:35','Nu am comms','AndreiPdf',1,1,0),(52,'NewPDF_v1743415878434.pdf','Scoala Dabuleni/Users/pds/Desktop/Test_App/EDMS-main/back-end/uploads/Official Document',6,'2025-03-31 10:10:21','comm','NewPDF',1,1,0),(53,'_FFFF_.pdf','/Users/pds/Desktop/Test_App/EDMS-main/back-end/uploads/t2',19,'2025-03-31 10:47:33','ssss','NumeALex',1,4,0),(54,'_v13_restored.pdf','/Users/pds/Desktop/Test_App/EDMS-main/back-end/uploads/Official Document',18,'2025-03-31 10:54:43','dddd','Comun',1,1,0),(55,'_FFFF_.pdf','/Users/pds/Desktop/Test_App/EDMS-main/back-end/uploads/Official Document',18,'2025-03-31 11:55:43','nu am comm','curent',1,1,0),(56,'_v3_restored.pdf','/Users/pds/Desktop/Test_App/EDMS-main/back-end/uploads/Official Document',18,'2025-03-31 12:16:54','noufsfsdfdsf','Document 31',1,1,0),(57,'350KB.pdf','Scoala Dabuleni/Users/pds/Desktop/Test_App/EDMS-main/back-end/uploads/Official Document',6,'2025-04-01 09:32:01','Am comentat','350KB',1,1,0),(58,'350KB.pdf','Scoala Dabuleni/Users/pds/Desktop/Test_App/EDMS-main/back-end/uploads/Official Document',6,'2025-04-01 09:35:14','Comentariu','350KB',1,1,0),(59,'350KB.pdf','Scoala Dabuleni/Users/pds/Desktop/Test_App/EDMS-main/back-end/uploads/Official Document',6,'2025-04-01 09:37:21','comm','350KB',1,1,0),(60,'350KB.pdf','Scoala Dabuleni/Users/pds/Desktop/Test_App/EDMS-main/back-end/uploads/Official Document',6,'2025-04-01 09:40:18','commmmmm','350KB',1,1,0),(61,'350KB.pdf','Scoala Dabuleni/Users/pds/Desktop/Test_App/EDMS-main/back-end/uploads/Official Document',6,'2025-04-01 10:21:38','comm','350KB',1,1,0),(62,'2mb.pdf','Scoala Dabuleni/Users/pds/Desktop/Test_App/EDMS-main/back-end/uploads/Official Document',6,'2025-04-01 10:24:39','Comms','2mb',1,1,0),(63,'1mb.pdf','Scoala Dabuleni/Users/pds/Desktop/Test_App/EDMS-main/back-end/uploads/Official Document',6,'2025-04-01 11:49:13','Comentariu','1mb',1,1,0),(64,'STATE.pdf','Scoala Dabuleni/Users/pds/Desktop/Test_App/EDMS-main/back-end/uploads/default',6,'2025-04-02 13:47:09','','STATE',1,26,0),(65,'STATEss.pdf','Scoala Dabuleni/Users/pds/Desktop/Test_App/EDMS-main/back-end/uploads/default',6,'2025-04-02 13:52:29','','STATEss',1,26,0),(66,'STATELE.pdf','Scoala Dabuleni/AlexFolder/AlexTypeTest',6,'2025-04-03 06:21:47','','STATELE',1,27,0),(67,'STATELE2.pdf','Scoala Dabuleni/Official Document',6,'2025-04-03 06:27:38','','STATELE2',1,27,1664464),(68,'STATELE33.pdf','Scoala Dabuleni/AlexFolder/AlexTypeTest',6,'2025-04-03 06:31:14','','STATELE33',1,27,0),(69,'STATELE212.pdf','Scoala Dabuleni/AlexFolder/AlexTypeTest',6,'2025-04-03 08:08:31','sdfsdfsdfasdfsd','STATELE212',1,27,1664464),(72,'STAT2022.pdf','Scoala Dabuleni/AlexFolder/AlexTypeTest',6,'2025-04-03 08:35:21','ddddsadasdsda','STAT2022',1,27,1664464),(73,'PdfNouNout.pdf','Scoala Dabuleni/AlexFolder/AlexTypeTest',6,'2025-04-03 08:50:44','1 MB sample PDF file offers an easy solution for various uses, such as:\r\nTesting file upload functionality on your website or platform\r\nCreating test documents or templates for projects\r\nExperimenting with PDF rendering and formatting in your applications\r\nProviding a sample PDF for educational or business use\r\nGet Started Now:\r\nWhether you\'re a developer, designer, or content creator, having access to a reliable *sample PDF*\r\ncan save time and effort in your workf','PdfNouNout',1,27,1100144),(74,'NUmededocuemetn.pdf','Scoala Dabuleni/AlexFolder/AlexTypeTest',6,'2025-04-03 09:03:09',' dolor mattis facilisis. Proin sit amet ipsum dolor. Vestibulum quis fringilla lacus.\r\nFusce hendrerit nibh nulla, consectetur pellentesque justo tincidunt nec. Suspendisse dictum\r\nlorem purus, non dictum nibh facilisis viverra. Aenean tempus velit non purus iaculis fermentum.\r\nVestibulum ipsum est, imperdiet sed tincidunt vel, euismod eget nibh.\r\nVivamus diam est, fringilla at tempus non, imperdiet sit amet nunc. Maecenas pulvinar lacus at\r\nmaximus lobortis. Donec vel a','NUmededocuemetn',1,27,829048),(75,'TestPDFToday.pdf','Scoala Dabuleni/Users/pds/Desktop/Test_App/EDMS-main/back-end/uploads/AlexFolder/AlexTypeTest',6,'2025-04-03 13:50:24','cess files stored on Smallpdf from\r\nyour computer, phone, or tablet. Well also\r\nsync files from the Smallpdf Mobile App to our\r\nonline portal\r\nWhen you right-click on a file, well present\r\nyou with an array of options to convert,\r\ncompress, or modify it.\r\nForget mundane administrative tasks. With\r\nSmallpdf, you can request e-signatures, send\r\nlarge files, or even enable the Smallpdf G Suite\r\nApp for your entire organization.\r\nReady to take document management to the next level?','TestPDFToday',1,28,0),(76,'TESTFunc.pdf','Scoala Dabuleni/AlexFolder/TipDeNew/ddddd/ssssss',6,'2025-04-03 13:52:58','your computer, phone, or tablet. Well also','TESTFunc',1,28,69173),(77,'Watermark.pdf','Scoala Dabuleni/Users/pds/Desktop/Test_App/EDMS-main/back-end/uploads/AlexFolder/AlexTypeTest',6,'2025-04-03 13:59:21','dadasdasdasdasd','Watermark',1,27,0),(78,'PDF_TestPage.pdf','Scoala Dabuleni/Users/pds/Desktop/Test_App/EDMS-main/back-end/uploads/AlexFolder/AlexTypeTest',6,'2025-04-04 06:12:19','ggggggggg','PDF_TestPage',1,28,0),(79,'loggg.pdf','Scoala Dabuleni/Users/pds/Desktop/Test_App/EDMS-main/back-end/uploads/AlexFolder/AlexTypeTest',6,'2025-04-04 06:28:54','Comme','loggg',1,28,0),(80,'Feonix.pdf','/Users/pds/Desktop/Test_App/EDMS-main/back-end/uploads/AlexFolder/AlexTypeTest',19,'2025-04-04 06:59:44','ccccccccc','Feonix',1,27,0),(81,'pdfmare.pdf','Scoala Dabuleni/Users/pds/Desktop/Test_App/EDMS-main/back-end/uploads/AlexFolder/AlexTypeTest',6,'2025-04-04 08:00:35','fsdfsdfsdf','pdfmare',1,27,0),(82,'testmemorie.pdf','Scoala Dabuleni/AlexFolder/AlexTypeTest',6,'2025-04-04 08:34:21','nu merge','testmemorie',1,27,0),(83,'testmemoriemax.pdf','Scoala Dabuleni/AlexFolder/AlexTypeTest',6,'2025-04-04 08:44:48','dgfdgdfgdfg','testmemoriemax',1,27,10705702),(84,'astamerge.pdf','Scoala Dabuleni/Users/pds/Desktop/Test_App/EDMS-main/back-end/uploads/AlexFolder/AlexTypeTest',6,'2025-04-04 08:58:03','c massa ac eleifend. Sed gravida\r\nnon nisi a consectetur. Fusce pharetra tellus lacus. Etiam ultrices, nisl nec laoreet tincidunt, massa ipsum\r\ncursus nisi, sed tincidunt justo nulla quis tortor. Phasellus quis risus arcu. Nulla sem dui, bibend','astamerge',1,28,0),(85,'Degeaba.pdf','Scoala Dabuleni/Users/pds/Desktop/Test_App/EDMS-main/back-end/uploads/AlexFolder/AlexTypeTest',6,'2025-04-04 12:26:05','Comentariu mare','Degeaba',1,26,0),(86,'ComunTest.pdf','Scoala Dabuleni/AlexFolder/TipDeNew',6,'2025-04-04 13:12:23','nisl blandit. Integer lacinia ante ac libero lobortis imperdiet.nisl blandit. Integer lacinia ante ac libero lobortis imperdiet.nisl blandit. Integer lacinia ante ac libero lobortis imperdiet.',NULL,1,27,0),(88,'Arhivam.pdf','Scoala Dabuleni/AlexFolder/AlexTypeTest',6,'2025-04-07 07:26:03','`xcxzczxccxzczxczxcxzc','Arhivam',1,27,0),(89,'testFILES.pdf','Scoala Dabuleni/AlexFolder/AlexTypeTest',6,'2025-04-07 08:09:26','fdgdfgdfgdfgfd','testFILES',1,27,0),(90,'NumeDePoveste.pdf','Scoala Dabuleni/AlexFolder/AlexTypeTest',6,'2025-04-07 08:57:58','ytydjytjdyjyjyjytjt','NumeDePoveste',1,27,359075),(91,'NumeDeartej.pdf','Scoala Dabuleni/AlexFolder/AlexTypeTest',6,'2025-04-07 09:04:47','waterrr','NumeDeartej',1,27,0),(92,'TestezAici.pdf','Scoala Dabuleni/AlexFolder/AlexTypeTest',6,'2025-04-07 09:26:22','Commemememememememem','TestezAici',1,23,0),(93,'TestezAiciIar.pdf','Scoala Dabuleni/AlexFolder/AlexTypeTest',6,'2025-04-07 09:49:15','gdgdfgdfgdfgdfgdf','TestezAiciIar',1,27,0),(94,'TestezAiciIarDraftSper.pdf','Scoala Dabuleni/AlexFolder/AlexTypeTest',6,'2025-04-07 11:21:48','ffffddddfdfdfsfd','TestezAiciIarDraftSper',1,27,0),(95,'TestezDacaSeFaceDraft','Scoala Dabuleni/AlexFolder/TipDeNew',6,'2025-04-07 12:43:50','avem un comentariu aici ,mai adaug ceva','TestezDacaSeFaceDraft',1,28,0),(96,'Testezddd.pdf','Scoala Dabuleni/AlexFolder/AlexTypeTest',6,'2025-04-07 12:45:07','cdcdcdcdc','Testezddd',1,27,0),(97,'TestDeUplld.pdf','Scoala Dabuleni/AlexFolder/AlexTypeTest',6,'2025-04-07 12:49:12','comentariul meu','TestDeUplld',1,27,0),(98,'TestDeUpload.pdf','Scoala Dabuleni/AlexFolder/AlexTypeTest',6,'2025-04-07 12:54:03','commentariul','TestDeUpload',1,27,0),(99,'TestDeUploadV22.pdf','Scoala Dabuleni/AlexFolder/AlexTypeTest',6,'2025-04-07 12:57:20','commsmcsmscm','TestDeUploadV22',1,27,0),(100,'TestDeUploadV23.pdf','Scoala Dabuleni/AlexFolder/AlexTypeTest',6,'2025-04-07 13:00:18','cdddcddcd','TestDeUploadV23',1,27,0),(101,'TestDeUploadV212.pdf','Scoala Dabuleni/AlexFolder/AlexTypeTest',6,'2025-04-07 13:03:25','cvcvcvcsdsdsddsd','TestDeUploadV212',1,27,0),(102,'TestDeUploadV2122.pdf','Scoala Dabuleni/AlexFolder/AlexTypeTest',6,'2025-04-07 13:06:50','comentariuaidusaidaus','TestDeUploadV2122',1,27,0),(103,'NuAMiDee.pdf','Scoala Dabuleni/AlexFolder/AlexTypeTest',6,'2025-04-07 13:09:21','ccccc','NuAMiDee',1,27,0),(104,'NuAMiDee22.pdf','Scoala Dabuleni/AlexFolder/AlexTypeTest',6,'2025-04-07 13:13:59','ddsdssds','NuAMiDee22',1,27,0),(105,'NuAMiDee23332.pdf','Scoala Dabuleni/AlexFolder/AlexTypeTest',6,'2025-04-07 13:16:18','commment','NuAMiDee23332',1,27,0),(106,'NuAMiDee`nam.pdf','Scoala Dabuleni/AlexFolder/AlexTypeTest',6,'2025-04-07 13:23:32','adsadasdada','NuAMiDee`nam',1,27,0),(107,'NuAMiDee`namm.pdf','Scoala Dabuleni/AlexFolder/AlexTypeTest',6,'2025-04-07 13:25:59','acest ggg','NuAMiDee`namm',1,28,5511749),(109,'AiciEsteCorectCRED.pdf','Scoala Dabuleni/AlexFolder/AlexTypeTest',6,'2025-04-07 13:31:40','Nu am comentarii','AiciEsteCorectCRED',1,27,5511749),(110,'AiciEsteCorectCREDx2.pdf','Scoala Dabuleni/AlexFolder/AlexTypeTest',6,'2025-04-07 13:34:35','comentariul','AiciEsteCorectCREDx2',1,27,5511749),(112,'ERoareAiciEsteBiness.pdf','Scoala Dabuleni/AlexFolder/AlexTypeTest',6,'2025-04-07 13:40:53','sdavvsvdsv','ERoareAiciEsteBiness',1,27,0),(113,'HaiCaMergeAcumTeRog.pdf','Scoala Dabuleni/AlexFolder/AlexTypeTest',6,'2025-04-08 05:56:59','comentariu','HaiCaMergeAcumTeRog',1,27,0),(114,'Dubla22.pdf','Scoala Dabuleni/AlexFolder/AlexTypeTest',6,'2025-04-08 06:06:30','','Dubla22',1,27,0),(115,'Dubla23.pdf','Scoala Dabuleni/AlexFolder/AlexTypeTest',6,'2025-04-08 06:10:12','','Dubla23',1,27,0),(116,'Dubla25.pdf','Scoala Dabuleni/AlexFolder/AlexTypeTest',6,'2025-04-08 06:15:12','','Dubla25',1,27,0),(117,'Dubla26.pdf','Scoala Dabuleni/uploads',6,'2025-04-08 06:20:47','','Dubla26',1,27,0),(118,'Dubla233.pdf','Scoala Dabuleni/uploads',6,'2025-04-08 06:35:29','','Dubla233',1,27,0),(119,'TestWater.pdf','Scoala Dabuleni/uploads',6,'2025-04-08 06:37:26','','TestWater',1,27,0),(120,'TestWater44.pdf','Scoala Dabuleni/AlexFolder/AlexTypeTest',6,'2025-04-08 06:44:08','','TestWater44',1,27,0),(121,'TestWater212.pdf','Scoala Dabuleni/uploads',6,'2025-04-08 06:51:41','','TestWater212',1,27,0),(122,'TestWaterTestare.pdf','Scoala Dabuleni/AlexFolder/AlexTypeTest',6,'2025-04-08 07:12:48','','TestWaterTestare',1,27,0),(124,'testfacutacum.pdf','Scoala Dabuleni/AlexFolder/AlexTypeTest',6,'2025-04-08 07:28:12','','testfacutacum',1,27,0),(125,'testtnuamnume.pdf','Scoala Dabuleni/AlexFolder/AlexTypeTest',6,'2025-04-08 07:34:30','','testtnuamnume',1,27,0),(126,'CevaNumeNOU.pdf','Scoala Dabuleni/',6,'2025-04-08 07:37:02','','CevaNumeNOU',1,28,13264),(127,'CevaNumeNOUx6.pdf','Scoala Dabuleni/',6,'2025-04-08 07:39:42','','CevaNumeNOUx6',1,28,13264),(128,'CevaNumeNOUx6Benzina.pdf','Scoala Dabuleni/AlexFolder/AlexTypeTest',6,'2025-04-08 07:42:56','','CevaNumeNOUx6Benzina',1,27,0),(129,'TeRogEU.pdf','Scoala Dabuleni/AlexFolder/AlexTypeTest',6,'2025-04-08 07:44:18','','TeRogEU',1,27,0),(130,'TeRogEUX6.pdf','Scoala Dabuleni/uploads',6,'2025-04-08 07:46:56','','TeRogEUX6',1,28,0),(131,'HaiACUm.pdf','Scoala Dabuleni/uploads',6,'2025-04-08 08:15:21','','HaiACUm',1,27,0),(132,'HaiACUmPLS.pdf','Scoala Dabuleni/AlexFolder/AlexTypeTest',6,'2025-04-08 08:22:25','','HaiACUmPLS',1,27,0),(133,'AsaSperFac.pdf','Scoala Dabuleni/AlexFolder/AlexTypeTest',6,'2025-04-08 08:26:10','','AsaSperFac',1,27,0),(134,'acumfuncsper.pdf','Scoala Dabuleni/AlexFolder/AlexTypeTest',6,'2025-04-08 08:29:15','','acumfuncsper',1,27,0),(135,'aiciaparebine.pdf','Scoala Dabuleni/AlexFolder/AlexTypeTest',6,'2025-04-08 08:30:47','','aiciaparebine',1,27,0),(136,'AvemAici.pdf','Scoala Dabuleni/AlexFolder/AlexTypeTest',6,'2025-04-08 08:37:46','','AvemAici',1,27,0),(137,'AvemAiciIar.pdf','Scoala Dabuleni/AlexFolder/AlexTypeTest',6,'2025-04-08 08:40:56','','AvemAiciIar',1,27,0),(138,'AvemAVEMACC.pdf','Scoala Dabuleni/AlexFolder/AlexTypeTest',6,'2025-04-08 08:43:04','','AvemAVEMACC',1,27,0),(139,'AvemMMMM.pdf','Scoala Dabuleni/AlexFolder/AlexTypeTest',6,'2025-04-08 08:44:50','','AvemMMMM',1,27,0),(140,'AvemIARSIIAR.pdf','Scoala Dabuleni/AlexFolder/AlexTypeTest',6,'2025-04-08 08:46:14','','AvemIARSIIAR',1,27,0),(141,'AvemINUMAIAVEM.pdf','Scoala Dabuleni/AlexFolder/AlexTypeTest',6,'2025-04-08 08:50:04','','AvemINUMAIAVEM',1,27,0),(142,'AvemNevoiedeasta.pdf','Scoala Dabuleni/AlexFolder/AlexTypeTest',6,'2025-04-08 08:55:49','','AvemNevoiedeasta',1,27,0),(143,'asadanu.pdf','Scoala Dabuleni/AlexFolder/TipDeNew/ddddd/ssssss',6,'2025-04-08 08:57:02','','asadanu',1,27,0),(144,'AdevarSauProvocare.pdf','Scoala Dabuleni/AlexFolder/AlexTypeTest',6,'2025-04-08 09:00:30','','AdevarSauProvocare',1,27,0),(145,'ADevaratAZI.pdf','Scoala Dabuleni/AlexFolder/TipDeNew/ddddd',6,'2025-04-08 09:08:38','','ADevaratAZI',1,27,0),(146,'ADevaratAZI.pdf','Scoala Dabuleni/AlexFolder/TipDeNew/ddddd',6,'2025-04-08 09:09:59','','ADevaratAZI',1,27,0),(147,'ACUMFunctioneaaz.pdf','Scoala Dabuleni/Folder De Test',6,'2025-04-08 09:16:27','','ACUMFunctioneaaz',1,27,13264),(148,'Acele.pdf','Scoala Dabuleni/AlexFolder/AlexTypeTest',6,'2025-04-08 09:25:25','','Acele',1,27,0),(149,'AceleVerzi.pdf','Scoala Dabuleni/uploads',6,'2025-04-08 09:28:20','','AceleVerzi',1,27,0),(150,'AceleCCC.pdf','Scoala Dabuleni/AlexFolder/AlexTypeTest',6,'2025-04-08 09:30:22','','AceleCCC',1,27,0),(151,'AceleVVV.pdf','Scoala Dabuleni/AlexFolder/AlexTypeTest',6,'2025-04-08 09:31:25','','AceleVVV',1,27,0),(152,'aiciestop','Scoala Dabuleni/AlexFolder/AlexTypeTest',6,'2025-04-08 10:15:05','','aiciestop',1,27,13207),(153,'AiciETEST','Scoala Dabuleni/AlexFolder/TipDeNew',6,'2025-04-08 10:16:08','','AiciETEST',1,28,13207),(154,'AcumETestValid.pdf','Scoala Dabuleni/AlexFolder/TipDeNew/ddddd/ssssss',6,'2025-04-08 10:19:10','','AcumETestValid',1,28,13207),(155,'maimergesau.pdf','Scoala Dabuleni/AlexFolder/TipDeNew',6,'2025-04-08 10:26:29','','maimergesau',1,27,13207),(156,'testaretarea.pdf','Scoala Dabuleni/Folder De Test',6,'2025-04-08 10:38:39','','testaretarea',1,27,13207),(157,'numaiedraf.pdf','Scoala Dabuleni/t4/typetest55',6,'2025-04-08 10:45:47','','numaiedraf',1,28,13207),(158,'AcuEDraft.pdf','Scoala Dabuleni/Folder De Test',6,'2025-04-08 11:03:40','dsadsdd','AcuEDraft',1,27,13710),(159,'MieOk?.pdf','Scoala Dabuleni/AlexFolder/TipDeNew/ddddd/ssssss',6,'2025-04-08 11:05:38','','MieOk?',1,28,13207),(160,'DraftIar.pdf','Scoala Dabuleni/AlexFolder/AlexTypeTest',6,'2025-04-08 11:10:05','','DraftIar',1,27,13710),(161,'sper.pdf','Scoala Dabuleni/AlexFolder/AlexTypeTest',6,'2025-04-08 11:10:54','','sper',1,27,13207),(162,'HaiDraft.pdf','Scoala Dabuleni/Folder De Test',6,'2025-04-08 11:24:26','coms','HaiDraft',1,27,13710),(163,'spersafieok.pdf','Scoala Dabuleni/Folder De Test/Test folder',6,'2025-04-08 11:33:54','','spersafieok',1,27,13207),(164,'haitest.pdf','Scoala Dabuleni/AlexFolder/TipDeNew',6,'2025-04-08 11:46:10','','haitest',1,27,13207),(165,'dhruv.pdf','Scoala Dabuleni/AlexFolder/AlexTypeTest',6,'2025-04-09 07:10:10','','dhruv',1,27,0),(166,'filamica.pdf','Scoala Dabuleni/Folder De Test',6,'2025-04-09 07:50:04','','filamica',1,27,0),(167,'mergesper.pdf','Scoala Dabuleni/Folder De Test/Test folder',6,'2025-04-09 07:57:53','','mergesper',1,27,0),(168,'astaeokacum.pdf','Scoala Dabuleni/AlexFolder/AlexTypeTest',6,'2025-04-09 08:04:30','','astaeokacum',1,27,0),(169,'amnevoiesafieok.pdf','Scoala Dabuleni/AlexFolder/TipDeNew/ddddd/ssssss',6,'2025-04-09 08:09:29','restrttrrtrste','amnevoiesafieok',1,27,0),(170,'memorietest.pdf','Scoala Dabuleni/AlexFolder/AlexTypeTest',6,'2025-04-09 08:13:38','','memorietest',1,27,0),(171,'memorieacumnou.pdf','Scoala Dabuleni/Folder De Test/Test folder',6,'2025-04-09 08:50:13','','memorieacumnou',1,27,0),(172,'x222.pdf','Scoala Dabuleni/t1/Others',6,'2025-04-09 09:05:33','','x222',1,27,0),(173,'xxMB4.pdf','Scoala Dabuleni/Folder De Test/Test folder',6,'2025-04-09 09:16:49','','xxMB4',1,27,0),(174,'draftsper.pdf','Scoala Dabuleni/Draft',6,'2025-04-09 09:23:29','fdsfdsfdsfsdf','draftsper',1,27,0),(175,'hai sa facem.pdf','Scoala Dabuleni/Folder De Test/Test folder',6,'2025-04-09 09:32:39','','hai sa facem',1,27,0),(176,'draftsper.pdf','Scoala Dabuleni/t4',6,'2025-04-09 12:07:58','fdsfdsfdsfsdf','draftsper',1,27,0),(177,'andreiPDFF.pdf','tt',18,'2025-04-09 12:33:23','','andreiPDFF',1,27,0),(178,'dddddd.pdf','Folder De Test',19,'2025-04-09 12:43:36','','dddddd',1,8,0),(179,'verificari.pdf','Scoala Dabuleni/TestType/MuncioiuType',6,'2025-04-10 05:40:39','','verificari',1,27,0),(180,'verificarix2.pdf','Scoala Dabuleni/AlexFolder/AlexTypeTest',6,'2025-04-10 05:41:38','','verificarix2',1,27,0),(181,'nunarcrt.pdf','Scoala Dabuleni/AlexFolder/TipDeNew/ddddd/ssssss',6,'2025-04-10 05:54:15','','nunarcrt',1,27,0),(182,'numarFunctional.pdf','Scoala Dabuleni/AlexFolder/TipDeNew/ddddd/ssssss',6,'2025-04-10 05:57:34','','numarFunctional',1,27,0),(183,'aanumedetip.pdf','Scoala Dabuleni/AlexFolder/AlexTypeTest',6,'2025-04-10 06:01:57','','aanumedetip',1,27,0),(184,'anumetip.pdf','Scoala Dabuleni/AlexFolder/TipDeNew',6,'2025-04-10 06:04:47','','anumetip',1,28,0),(185,'anumetipx#.pdf','Scoala Dabuleni/AlexFolder/AlexTypeTest',6,'2025-04-10 06:06:29','','anumetipx#',1,27,0),(186,'UNDeESTI?.pdf','Scoala Dabuleni/AlexFolder/AlexTypeTest',6,'2025-04-10 06:13:02','','UNDeESTI?',1,27,0),(187,'UndeesteiACUM.pdf','Scoala Dabuleni/AlexFolder/TipDeNew',6,'2025-04-10 06:16:21','','UndeesteiACUM',1,28,0),(188,'ACUMeOK??.pdf','Scoala Dabuleni/AlexFolder/TipDeNew',6,'2025-04-10 06:17:57','','ACUMeOK??',1,28,0),(189,'ACC+.pdf','Scoala Dabuleni/AlexFolder/TipDeNew',6,'2025-04-10 06:20:10','','ACC+',1,28,0),(190,'ACCavem.pdf','Scoala Dabuleni/AlexFolder/TipDeNew',6,'2025-04-10 06:22:41','','ACCavem',1,28,0),(191,'ACCavemIarasi.pdf','Scoala Dabuleni/AlexFolder/TipDeNew',6,'2025-04-10 06:24:20','','ACCavemIarasi',1,28,0),(192,'acumeoksoer?.pdf','Scoala Dabuleni/AlexFolder/TipDeNew/ddddd/ssssss',6,'2025-04-10 06:27:29','','acumeoksoer?',1,27,0),(193,'AAAAAAA.pdf','Scoala Dabuleni/AlexFolder/AlexTypeTest',6,'2025-04-10 06:32:08','','AAAAAAA',1,27,0),(194,'BBBBBBB.pdf','Scoala Dabuleni/AlexFolder/AlexTypeTest',6,'2025-04-10 06:37:54','','BBBBBBB',1,27,0),(195,'CCCCC.pdf','Scoala Dabuleni/Folder De Test/Test folder',6,'2025-04-10 06:40:38','','CCCCC',1,27,0),(196,'docmentCount.pdf','Scoala Dabuleni/Shared Document',6,'2025-04-10 08:06:15','','docmentCount',1,27,0),(197,'tagprobleme.pdf','Scoala Dabuleni/Folder De Test/Test folder',6,'2025-04-10 09:14:29','','tagprobleme',1,27,0),(198,'oprncountacum.pdf','Scoala Dabuleni/AlexFolder/TipDeNew',6,'2025-04-10 10:25:50','','oprncountacum',1,28,0),(199,'COUNTE~R.pdf','Scoala Dabuleni/t1/Others/default',6,'2025-04-10 10:55:47','','COUNTE~R',1,8,0),(200,'COnnect-r.pdf','Scoala Dabuleni/typetest44',6,'2025-04-10 11:56:09','','COnnect-r',1,27,0),(201,'Adaugat de mine.pdf','Scoala Dabuleni/Folder De Test/Test folder',6,'2025-04-10 13:40:36','','Adaugat de mine',1,27,0),(202,'seadaugaaici.pdf','Scoala Dabuleni/TypeDeTestat',6,'2025-04-11 05:28:32','','seadaugaaici',1,28,0),(203,'probabob.pdf','Scoala Dabuleni/TypeDeTestat',6,'2025-04-11 06:02:09','','probabob',1,23,0),(204,'cevanounou.pdf','Scoala Dabuleni/TypeDeTestat',6,'2025-04-11 06:03:18','','cevanounou',1,26,0),(205,'PusDeMine.pdf','Shared Document',18,'2025-04-11 06:38:00','',NULL,1,23,0),(206,'PDFDEMUTAT.pdf','Scoala Dabuleni/AlexFolder/TipDeNew/ddddd',6,'2025-04-11 08:46:29','','PDFDEMUTAT',1,27,0),(207,'DocumentSalvatsiUrmaeaza.pdf','Scoala Dabuleni/AlexFolder/TipDeNew/ddddd',6,'2025-04-11 10:15:31','','DocumentSalvatsiUrmaeaza',1,27,0),(208,'OKFunc.pdf','Scoala Dabuleni/t2',6,'2025-04-11 10:27:11','','OKFunc',1,27,0),(209,'cevainedit.pdf','Scoala Dabuleni/tt/Folder Test0/test4444',6,'2025-04-11 10:48:05','fgsdfgsfdgfsdgfddfgf','cevainedit',1,28,0),(210,'CateMbare?.pdf','Scoala Dabuleni/t1',6,'2025-04-11 11:24:21','',NULL,1,27,0),(211,'acumarata?.pdf','Scoala Dabuleni/t1',6,'2025-04-11 11:26:49','','acumarata?',1,27,0),(212,'facemlafel.pdf','Scoala Dabuleni/t1/Others',6,'2025-04-11 11:28:45','','facemlafel',1,11,139300),(213,'Haiasa.pdf','Scoala Dabuleni/t1/Others',6,'2025-04-11 11:32:55','','Haiasa',1,11,2208728),(214,'haiiarasa.pdf','Scoala Dabuleni/t1',6,'2025-04-11 11:47:05','','haiiarasa',1,3,2208728),(215,'eokassa.pdf','Scoala Dabuleni/AlexFolder/AlexTypeTest',6,'2025-04-11 12:45:49','','eokassa',1,27,2208728),(216,'IncarcaatDeJon.pdf','Scoala Dabuleni/tt/Classified Documents/t21/t3/t12',6,'2025-04-14 05:27:53','','IncarcaatDeJon',1,27,1100144),(217,'LimitaStorageAtinsa.pdf','Scoala Dabuleni/AlexFolder/AlexTypeTest',6,'2025-04-14 05:57:09','','LimitaStorageAtinsa',1,27,5511749),(218,'maimicsiareloc.pdf','Scoala Dabuleni/t4/typetest55/typetest44/NoulFolder',6,'2025-04-14 06:10:14','','maimicsiareloc',1,27,13207),(219,'micsiareloc.pdf','Scoala Dabuleni/tt/Folder Test0',6,'2025-04-14 06:26:05','',NULL,1,27,0),(220,'AcumNuMaiESpatiu.pdf','Scoala Dabuleni/t1/Others',6,'2025-04-14 07:00:10','','AcumNuMaiESpatiu',1,11,5511749),(221,'pdfdettte.pdf','uploads/AlexFolder/AlexTypeTest',18,'2025-04-14 08:42:05','','pdfdettte',1,27,20597),(222,'haisavedemacummm.pdf','Scoala Dabuleni/AlexFolder/AlexTypeTest',6,'2025-04-14 08:43:28','','haisavedemacummm',1,27,13207),(223,'haisavedemacummm.pdf','Scoala Dabuleni/Official Document',6,'2025-04-14 12:16:48','','haisavedemacummm.pdf',1,27,13207),(224,'VersionamSiNoi.pdf','Scoala Dabuleni/tt/Folder Test0/test4444',6,'2025-04-14 12:25:47','','VersionamSiNoi',1,27,13264),(225,'HAiSaFieVersiunea.pdf','Scoala Dabuleni/tt/Classified Documents/t21',6,'2025-04-14 12:27:17','','HAiSaFieVersiunea',1,27,139300),(226,'SCAC.pdf','Scoala Dabuleni/t1/Others',6,'2025-04-14 12:32:22','','SCAC',1,11,139300),(227,'DDDDAAAAA.pdf','Scoala Dabuleni/AlexFolder/AlexTypeTest',6,'2025-04-14 12:42:47','','DDDDAAAAA',1,27,139300),(228,'SSSCSCSCA.pdf','TypeDeTestat',17,'2025-04-14 12:45:11','','SSSCSCSCA',1,23,139300),(229,'cecerecececerece.pdf','t1/Others',17,'2025-04-14 12:48:41','','cecerecececerece',1,11,139300),(230,'oleoleoleo.pdf','t1/Others',17,'2025-04-14 12:52:13','','oleoleoleo',1,11,139300),(231,'cevcevFFF.pdf','Scoala Dabuleni/Shared Document',6,'2025-04-14 12:55:49','','cevcevFFF',1,2,139300),(232,'csacascascas.pdf','Scoala Dabuleni/t1/Others/default',6,'2025-04-14 13:01:21','','csacascascas',1,27,139300),(233,'HAISAVEDEM.pdf','Scoala Dabuleni/AlexFolder/AlexTypeTest',6,'2025-04-14 13:09:48','','HAISAVEDEM',1,27,139300),(234,'NuStiuDacaEOkacum.pdf','AlexFolder/AlexTypeTest',17,'2025-04-14 13:14:23','','NuStiuDacaEOkacum',1,27,139300),(235,'haisafiebine.pdf','t1/Others',17,'2025-04-14 13:23:19','','haisafiebine',1,11,139300),(236,'numaieu.pdf','Scoala Dabuleni/typetest44',6,'2025-04-14 13:28:39','','numaieu',1,11,359075),(237,'CEvaFinut.pdf','Scoala Dabuleni/tt/Folder Test0',6,'2025-04-14 13:34:14','','CEvaFinut',1,28,359075),(238,'ComentariuSelect .pdf','Scoala Dabuleni/tt',6,'2025-04-14 13:39:55','','ComentariuSelect ',1,11,359075),(239,'SuperChat.pdf','Scoala Dabuleni/typetest55',6,'2025-04-14 13:43:49','Comentariul secret','SuperChat',1,1,359075),(240,'Farfe.pdf','Scoala Dabuleni/typetest44',6,'2025-04-14 13:57:28','Commentss','Farfe',1,27,359075),(241,'Farfettt.pdf','Scoala Dabuleni/Draft',6,'2025-04-15 06:38:15','Comentariu de azi','Farfettt',1,27,344785),(244,'Haisa-lStergem.pdf','Scoala Dabuleni/AlexFolder/AlexTypeTest',6,'2025-04-15 11:27:09','fsfdsfsdfdfds',NULL,1,27,0),(247,'daadad.pdf','uploads/t4/typetest55/typetest44',18,'2025-04-15 13:08:54','dsfdfsdfsdfsd','daadad',1,27,1664464),(248,'DRopDRop.pdf','Scoala Dabuleni/tt/Classified Documents/t21/t3',6,'2025-04-16 06:04:55','fsdfsdfdsfsdfdsdsfsdf','DRopDRop',1,26,1664464),(249,'DropBoxPDF.pdf','Scoala Dabuleni/t1/Others',6,'2025-04-16 07:14:44','dgdfgdfgdgf','DropBoxPDF',1,11,1664464),(250,'Syncronizarea.pdf','t4/typetest55/typetest44/NoulFolder',19,'2025-04-16 07:26:44','Comentariul meu ','Syncronizarea',1,8,1664464),(261,'DFT.pdf','Mydocuments',NULL,'2025-04-16 08:29:28','Uploaded via Sync Agent','DFT.pdf',1,1,1664464),(262,'SSSFFR.pdf','Mydocuments',NULL,'2025-04-16 08:29:28','Uploaded via Sync Agent','SSSFFR.pdf',1,1,1664464),(268,'CEvaNOUaici.pdf','SyncAgent/AIRDROP',NULL,'2025-04-16 08:44:18','Uploaded via Sync Agent','CEvaNOUaici.pdf',1,1,1664464),(269,'SaFieok.pdf','SyncAgent/AIRDROP',NULL,'2025-04-16 08:44:18','Uploaded via Sync Agent','SaFieok.pdf',1,1,1664464),(270,'HAICUel.pdf','SyncAgent/DROPP',NULL,'2025-04-16 08:59:50','Uploaded via Sync Agent','HAICUel.pdf',1,1,1664464),(271,'DRRoppo.pdf','SyncAgent/DROPP',NULL,'2025-04-16 08:59:50','Uploaded via Sync Agent','DRRoppo.pdf',1,1,1664464),(272,'ASASAtotfie.pdf','Scoala Dabuleni/t2',6,'2025-04-16 10:26:30','cometsafiesiaicic','ASASAtotfie',1,26,1664464),(274,'haisiacum.pdf','Scoala Dabuleni/FolderDeSters/FolderCareESters',6,'2025-04-16 10:34:43','SAsaSasaSsa','haisiacum',1,8,1664464),(276,'.DS_Store.pdf','Scoala Dabuleni/SyncAgent',6,'2025-04-16 14:23:14','Uploaded via Sync Agent','.DS_Store',1,1,6148),(277,'act.pdf','Scoala Dabuleni/SyncAgent',6,'2025-04-16 14:23:14','Uploaded via Sync Agent','act.pdf',1,1,700900),(278,'CCI03272025.pdf','Scoala Dabuleni/SyncAgent',6,'2025-04-16 14:23:14','Uploaded via Sync Agent','CCI03272025.pdf',1,1,320288),(279,'act.pdf','Scoala Dabuleni/SyncAgent',6,'2025-04-16 14:26:40','Uploaded via Sync Agent','act.pdf',1,1,700900),(280,'CCI03272025.pdf','Scoala Dabuleni/SyncAgent',6,'2025-04-16 14:26:40','Uploaded via Sync Agent','CCI03272025.pdf',1,1,320288),(281,'.DS_Store.pdf','Scoala Dabuleni/SyncAgent',6,'2025-04-16 14:26:40','Uploaded via Sync Agent','.DS_Store',1,1,6148),(282,'Muncioiu_AndreiLaurentiu_Resume.pdf','Scoala Dabuleni/AlexFolder',6,'2025-04-16 14:26:40','Uploaded via Sync Agent','Muncioiu_AndreiLaurentiu_Resume.pdf',1,1,94387),(283,'act.pdf','Scoala Dabuleni/SyncAgent/acte_andrei',6,'2025-04-16 14:29:08','Uploaded via Sync Agent','act.pdf',1,1,700900),(284,'CCI03272025.pdf','Scoala Dabuleni/SyncAgent/acte_andrei',6,'2025-04-16 14:29:08','Uploaded via Sync Agent','CCI03272025.pdf',1,1,320288),(285,'Muncioiu_AndreiLaurentiu_Resume.pdf','Scoala Dabuleni/AlexFolder',6,'2025-04-16 14:29:08','Uploaded via Sync Agent','Muncioiu_AndreiLaurentiu_Resume.pdf',1,1,94387),(286,'CCI03272025.pdf','Scoala Dabuleni/SyncAgent/acte_andrei',6,'2025-04-16 14:31:27','Uploaded via Sync Agent','CCI03272025.pdf',1,1,320288),(287,'act.pdf','Scoala Dabuleni/SyncAgent/acte_andrei',6,'2025-04-16 14:31:27','Uploaded via Sync Agent','act.pdf',1,1,700900),(288,'Muncioiu_AndreiLaurentiu_Resume.pdf','Scoala Dabuleni/AlexFolder',6,'2025-04-16 14:31:27','Uploaded via Sync Agent','Muncioiu_AndreiLaurentiu_Resume.pdf',1,1,94387),(289,'act.pdf','Scoala Dabuleni/SyncAgent/acte_andrei',6,'2025-04-16 14:32:56','Uploaded via Sync Agent','act.pdf',1,1,700900),(290,'CCI03272025.pdf','Scoala Dabuleni/SyncAgent/acte_andrei',6,'2025-04-16 14:32:56','Uploaded via Sync Agent','CCI03272025.pdf',1,1,320288),(291,'Muncioiu_AndreiLaurentiu_Resume.pdf','Scoala Dabuleni/AlexFolder',6,'2025-04-16 14:32:56','Uploaded via Sync Agent','Muncioiu_AndreiLaurentiu_Resume.pdf',1,1,94387),(292,'Muncioiu_AndreiLaurentiu_Resume.pdf','Scoala Dabuleni/AlexFolder',6,'2025-04-16 14:34:54','Uploaded via Sync Agent','Muncioiu_AndreiLaurentiu_Resume.pdf',1,1,94387),(293,'CCI03272025.pdf','Scoala Dabuleni/SyncAgent/acte_andrei',6,'2025-04-16 14:34:54','Uploaded via Sync Agent','CCI03272025.pdf',1,1,320288),(294,'act.pdf','Scoala Dabuleni/SyncAgent/acte_andrei',6,'2025-04-16 14:34:54','Uploaded via Sync Agent','act.pdf',1,1,700900),(295,'CCI03272025.pdf','Scoala Dabuleni/SyncAgent/acte_andrei',6,'2025-04-16 14:37:03','Uploaded via Sync Agent','CCI03272025.pdf',1,1,320288),(296,'act.pdf','Scoala Dabuleni/SyncAgent/acte_andrei',6,'2025-04-16 14:37:03','Uploaded via Sync Agent','act.pdf',1,1,700900),(297,'Muncioiu_AndreiLaurentiu_Resume.pdf','Scoala Dabuleni/AlexFolder',6,'2025-04-16 14:37:03','Uploaded via Sync Agent','Muncioiu_AndreiLaurentiu_Resume.pdf',1,1,94387),(298,'Muncioiu_AndreiLaurentiu_Resume.pdf','Scoala Dabuleni/AlexFolder',6,'2025-04-16 14:39:07','Uploaded via Sync Agent','Muncioiu_AndreiLaurentiu_Resume.pdf',1,1,94387),(299,'act.pdf','Scoala Dabuleni/SyncAgent/acte_andrei',6,'2025-04-16 14:39:07','Uploaded via Sync Agent','act.pdf',1,1,700900),(300,'CCI03272025.pdf','Scoala Dabuleni/SyncAgent/acte_andrei',6,'2025-04-16 14:39:07','Uploaded via Sync Agent','CCI03272025.pdf',1,1,320288),(301,'Muncioiu_AndreiLaurentiu_Resume.pdf','Scoala Dabuleni/AlexFolder',6,'2025-04-16 14:41:10','Uploaded via Sync Agent','Muncioiu_AndreiLaurentiu_Resume.pdf',1,1,94387),(302,'CCI03272025.pdf','Scoala Dabuleni/SyncAgent/acte_andrei',6,'2025-04-16 14:41:10','Uploaded via Sync Agent','CCI03272025.pdf',1,1,320288),(303,'act.pdf','Scoala Dabuleni/SyncAgent/acte_andrei',6,'2025-04-16 14:41:10','Uploaded via Sync Agent','act.pdf',1,1,700900),(304,'CCI03272025.pdf','Scoala Dabuleni/SyncAgent/acte_andrei',6,'2025-04-16 14:44:21','Uploaded via Sync Agent','CCI03272025.pdf',1,1,320288),(305,'Muncioiu_AndreiLaurentiu_Resume.pdf','Scoala Dabuleni/AlexFolder',6,'2025-04-16 14:44:21','Uploaded via Sync Agent','Muncioiu_AndreiLaurentiu_Resume.pdf',1,1,94387),(306,'act.pdf','Scoala Dabuleni/SyncAgent/acte_andrei',6,'2025-04-16 14:44:21','Uploaded via Sync Agent','act.pdf',1,1,700900),(307,'CCI03272025.pdf','Scoala Dabuleni/SyncAgent/acte_andrei',6,'2025-04-16 14:45:43','Uploaded via Sync Agent','CCI03272025.pdf',1,1,320288),(308,'Muncioiu_AndreiLaurentiu_Resume.pdf','Scoala Dabuleni/AlexFolder',6,'2025-04-16 14:45:43','Uploaded via Sync Agent','Muncioiu_AndreiLaurentiu_Resume.pdf',1,1,94387),(309,'act.pdf','Scoala Dabuleni/SyncAgent/acte_andrei',6,'2025-04-16 14:45:43','Uploaded via Sync Agent','act.pdf',1,1,700900),(310,'CCI03272025.pdf','Scoala Dabuleni/SyncAgent/acte_andrei',6,'2025-04-16 14:47:43','Uploaded via Sync Agent','CCI03272025.pdf',1,1,320288),(311,'act.pdf','Scoala Dabuleni/SyncAgent/acte_andrei',6,'2025-04-16 14:47:43','Uploaded via Sync Agent','act.pdf',1,1,700900),(312,'Muncioiu_AndreiLaurentiu_Resume.pdf','Scoala Dabuleni/AlexFolder',6,'2025-04-16 14:47:43','Uploaded via Sync Agent','Muncioiu_AndreiLaurentiu_Resume.pdf',1,1,94387),(313,'Muncioiu_AndreiLaurentiu_Resume.pdf','Scoala Dabuleni/AlexFolder',6,'2025-04-16 14:49:04','Uploaded via Sync Agent','Muncioiu_AndreiLaurentiu_Resume.pdf',1,1,94387),(314,'CCI03272025.pdf','Scoala Dabuleni/SyncAgent/acte_andrei',6,'2025-04-16 14:49:04','Uploaded via Sync Agent','CCI03272025.pdf',1,1,320288),(315,'act.pdf','Scoala Dabuleni/SyncAgent/acte_andrei',6,'2025-04-16 14:49:04','Uploaded via Sync Agent','act.pdf',1,1,700900),(316,'Muncioiu_AndreiLaurentiu_Resume.pdf','Scoala Dabuleni/AlexFolder',6,'2025-04-16 14:51:08','Uploaded via Sync Agent','Muncioiu_AndreiLaurentiu_Resume.pdf',1,1,94387),(317,'CCI03272025.pdf','Scoala Dabuleni/SyncAgent/acte_andrei',6,'2025-04-16 14:51:08','Uploaded via Sync Agent','CCI03272025.pdf',1,1,320288),(318,'act.pdf','Scoala Dabuleni/SyncAgent/acte_andrei',6,'2025-04-16 14:51:08','Uploaded via Sync Agent','act.pdf',1,1,700900),(319,'Muncioiu_AndreiLaurentiu_Resume.pdf','Scoala Dabuleni/AlexFolder',6,'2025-04-16 14:53:50','Uploaded via Sync Agent','Muncioiu_AndreiLaurentiu_Resume.pdf',1,1,94387),(320,'act.pdf','Scoala Dabuleni/SyncAgent/acte_andrei',6,'2025-04-16 14:53:50','Uploaded via Sync Agent','act.pdf',1,1,700900),(321,'CCI03272025.pdf','Scoala Dabuleni/SyncAgent/acte_andrei',6,'2025-04-16 14:53:50','Uploaded via Sync Agent','CCI03272025.pdf',1,1,320288),(322,'CCI03272025.pdf','Scoala Dabuleni/SyncAgent/acte_andrei',6,'2025-04-16 14:59:34','Uploaded via Sync Agent','CCI03272025.pdf',1,1,320288),(323,'act.pdf','Scoala Dabuleni/SyncAgent/acte_andrei',6,'2025-04-16 14:59:34','Uploaded via Sync Agent','act.pdf',1,1,700900),(324,'Muncioiu_AndreiLaurentiu_Resume.pdf','Scoala Dabuleni/AlexFolder',6,'2025-04-16 14:59:34','Uploaded via Sync Agent','Muncioiu_AndreiLaurentiu_Resume.pdf',1,1,94387),(325,'CEVACEV.pdf','Scoala Dabuleni/SyncAgent/testtest',6,'2025-04-16 15:01:42','Uploaded via Sync Agent','CEVACEV.pdf',1,1,139301),(326,'haisasas.pdf','Scoala Dabuleni/SyncAgent/testtest',6,'2025-04-16 15:01:42','Uploaded via Sync Agent','haisasas.pdf',1,1,139301),(327,'tergosafieokkk.pdf','Scoala Dabuleni/t4/typetest55/typetest44',6,'2025-04-16 12:05:55','sdfsdfdsfsfs','tergosafieokkk',1,3,1664464),(328,'CCI03272025.pdf','SyncAgent/acte_andrei',1,'2025-04-16 15:07:58','Uploaded via Sync Agent','CCI03272025.pdf',1,1,320288),(329,'act.pdf','SyncAgent/acte_andrei',1,'2025-04-16 15:07:58','Uploaded via Sync Agent','act.pdf',1,1,700900),(330,'Muncioiu_AndreiLaurentiu_Resume.pdf','AlexFolder',1,'2025-04-16 15:07:58','Uploaded via Sync Agent','Muncioiu_AndreiLaurentiu_Resume.pdf',1,1,94387),(331,'haisasas.pdf','SyncAgent/testtest',1,'2025-04-16 15:09:27','Uploaded via Sync Agent','haisasas.pdf',1,1,139301),(332,'CEVACEV.pdf','SyncAgent/testtest',1,'2025-04-16 15:09:27','Uploaded via Sync Agent','CEVACEV.pdf',1,1,139301),(333,'Muncioiu_AndreiLaurentiu_Resume.pdf','AlexFolder',1,'2025-04-16 15:11:48','Uploaded via Sync Agent','Muncioiu_AndreiLaurentiu_Resume.pdf',1,1,94387),(334,'CCI03272025.pdf','SyncAgent/acte_andrei',1,'2025-04-16 15:11:48','Uploaded via Sync Agent','CCI03272025.pdf',1,1,320288),(335,'act.pdf','SyncAgent/acte_andrei',1,'2025-04-16 15:11:48','Uploaded via Sync Agent','act.pdf',1,1,700900),(336,'CCI03272025.pdf','SyncAgent/acte_andrei',1,'2025-04-16 15:15:01','Uploaded via Sync Agent','CCI03272025.pdf',1,1,320288),(337,'act.pdf','SyncAgent/acte_andrei',1,'2025-04-16 15:15:01','Uploaded via Sync Agent','act.pdf',1,1,700900),(338,'Muncioiu_AndreiLaurentiu_Resume.pdf','AlexFolder',1,'2025-04-16 15:15:01','Uploaded via Sync Agent','Muncioiu_AndreiLaurentiu_Resume.pdf',1,1,94387),(339,'haisasas.pdf','SyncAgent/testtest',1,'2025-04-16 15:16:43','Uploaded via Sync Agent','haisasas.pdf',1,1,139301),(340,'CEVACEV.pdf','SyncAgent/testtest',1,'2025-04-16 15:16:43','Uploaded via Sync Agent','CEVACEV.pdf',1,1,139301),(341,'CEVACEV.pdf','Scoala Dabuleni/SyncAgent/testtest',6,'2025-04-16 15:19:07','Uploaded via Sync Agent','CEVACEV.pdf',1,1,139301),(342,'haisasas.pdf','Scoala Dabuleni/SyncAgent/testtest',6,'2025-04-16 15:19:07','Uploaded via Sync Agent','haisasas.pdf',1,1,139301),(343,'act.pdf','Scoala Dabuleni/SyncAgent/acte_andrei',6,'2025-04-16 15:20:22','Uploaded via Sync Agent','act.pdf',1,1,700900),(344,'CCI03272025.pdf','Scoala Dabuleni/SyncAgent/acte_andrei',6,'2025-04-16 15:20:22','Uploaded via Sync Agent','CCI03272025.pdf',1,1,320288),(345,'Muncioiu_AndreiLaurentiu_Resume.pdf','Scoala Dabuleni/AlexFolder',6,'2025-04-16 15:20:22','Uploaded via Sync Agent','Muncioiu_AndreiLaurentiu_Resume.pdf',1,1,94387),(346,'act.pdf','Scoala Dabuleni/SyncAgent/acte_andrei',6,'2025-04-16 15:24:57','Uploaded via Sync Agent','act.pdf',1,1,700900),(347,'Muncioiu_AndreiLaurentiu_Resume.pdf','Scoala Dabuleni/AlexFolder',6,'2025-04-16 15:24:57','Uploaded via Sync Agent','Muncioiu_AndreiLaurentiu_Resume.pdf',1,1,94387),(348,'CCI03272025.pdf','Scoala Dabuleni/SyncAgent/acte_andrei',6,'2025-04-16 15:24:57','Uploaded via Sync Agent','CCI03272025.pdf',1,1,320288),(349,'HAiASAHAiasa.pdf','uploads/FolderDeSters',19,'2025-04-16 12:28:30','ddsdssdsdsds','HAiASAHAiasa',1,5,1664464),(350,'CEVACEV.pdf','SyncAgent/testtest',1,'2025-04-16 15:44:05','Uploaded via Sync Agent','CEVACEV.pdf',1,1,139301),(351,'haisasas.pdf','SyncAgent/testtest',1,'2025-04-16 15:44:05','Uploaded via Sync Agent','haisasas.pdf',1,1,139301),(352,'CEVACEV.pdf','SyncAgent/testtest',1,'2025-04-16 15:45:00','Uploaded via Sync Agent','CEVACEV.pdf',1,1,139301),(353,'haisasas.pdf','SyncAgent/testtest',1,'2025-04-16 15:45:00','Uploaded via Sync Agent','haisasas.pdf',1,1,139301),(354,'CCI03272025.pdf','SyncAgent/acte_andrei',1,'2025-04-16 15:48:18','Uploaded via Sync Agent','CCI03272025.pdf',1,1,320288),(355,'Muncioiu_AndreiLaurentiu_Resume.pdf','AlexFolder',1,'2025-04-16 15:48:18','Uploaded via Sync Agent','Muncioiu_AndreiLaurentiu_Resume.pdf',1,1,94387),(356,'act.pdf','SyncAgent/acte_andrei',1,'2025-04-16 15:48:18','Uploaded via Sync Agent','act.pdf',1,1,700900),(357,'CCI03272025.pdf','SyncAgent/acte_andrei',1,'2025-04-16 15:51:35','Uploaded via Sync Agent','CCI03272025.pdf',1,1,320288),(358,'Muncioiu_AndreiLaurentiu_Resume.pdf','AlexFolder',1,'2025-04-16 15:51:35','Uploaded via Sync Agent','Muncioiu_AndreiLaurentiu_Resume.pdf',1,1,94387),(359,'act.pdf','SyncAgent/acte_andrei',1,'2025-04-16 15:51:35','Uploaded via Sync Agent','act.pdf',1,1,700900),(360,'CEVACEV.pdf','SyncAgent/testtest',1,'2025-04-16 15:53:44','Uploaded via Sync Agent','CEVACEV.pdf',1,1,139301),(361,'haisasas.pdf','SyncAgent/testtest',1,'2025-04-16 15:53:44','Uploaded via Sync Agent','haisasas.pdf',1,1,139301),(362,'CEVACEV.pdf','SyncAgent/testtest',1,'2025-04-16 16:15:58','Uploaded via Sync Agent','CEVACEV.pdf',1,1,139301),(363,'haisasas.pdf','SyncAgent/testtest',1,'2025-04-16 16:15:58','Uploaded via Sync Agent','haisasas.pdf',1,1,139301),(364,'CCI03272025.pdf','SyncAgent/acte_andrei',1,'2025-04-16 16:36:16','Uploaded via Sync Agent','CCI03272025.pdf',1,1,320288),(365,'Muncioiu_AndreiLaurentiu_Resume.pdf','AlexFolder',1,'2025-04-16 16:36:16','Uploaded via Sync Agent','Muncioiu_AndreiLaurentiu_Resume.pdf',1,1,94387),(366,'act.pdf','SyncAgent/acte_andrei',1,'2025-04-16 16:36:16','Uploaded via Sync Agent','act.pdf',1,1,700900),(367,'BunsiUsor.pdf','Scoala Dabuleni/t1/Others/default',6,'2025-04-16 13:50:48','sfadfdsfadsfasfasdfasdf',NULL,1,1,0),(368,'Faurr.pdf','SyncAgent/Termmo',1,'2025-04-17 08:51:27','Uploaded via Sync Agent','Faurr.pdf',1,1,139301),(369,'SSore.pdf','SyncAgent/Termmo',1,'2025-04-17 08:51:27','Uploaded via Sync Agent','SSore.pdf',1,1,139301),(370,'Faurr.pdf','.',1,'2025-04-17 08:54:27','Uploaded via Sync Agent','Faurr.pdf',1,1,139301),(371,'Faurr.pdf','.',1,'2025-04-17 08:55:19','Uploaded via Sync Agent','Faurr.pdf',1,1,139301),(373,'ADaugatACum.pdf','SyncAgent/AcumCeva',1,'2025-04-17 09:04:37','Uploaded via Sync Agent','ADaugatACum.pdf',1,1,139301),(374,'HaiSaFieOK.pdf','SyncAgent/AcumAltceva',1,'2025-04-17 09:09:03','Uploaded via Sync Agent','HaiSaFieOK.pdf',1,1,139301),(393,'EEE.pdf','SyncAgent/EXodux45',1,'2025-04-17 09:47:42','Uploaded via Sync Agent','EEE.pdf',1,1,139301),(394,'FFG.pdf','SyncAgent/EXodux45',1,'2025-04-17 09:47:42','Uploaded via Sync Agent','FFG.pdf',1,1,139301),(395,'EEE.pdf','SyncAgent/EXodux45',1,'2025-04-17 09:53:07','Uploaded via Sync Agent','EEE.pdf',1,1,139301),(396,'FFG.pdf','SyncAgent/EXodux45',1,'2025-04-17 09:53:07','Uploaded via Sync Agent','FFG.pdf',1,1,139301),(397,'Ddddd.pdf','SyncAgent/EXodux121',1,'2025-04-17 09:57:48','Uploaded via Sync Agent','Ddddd.pdf',1,1,139301),(398,'cCCC.pdf','SyncAgent/EXodux121',1,'2025-04-17 09:57:48','Uploaded via Sync Agent','cCCC.pdf',1,1,139301),(399,'gGGG.pdf','SyncAgent/EXodux645',1,'2025-04-17 09:59:48','Uploaded via Sync Agent','gGGG.pdf',1,1,139301),(400,'rRRRR.pdf','SyncAgent/EXodux645',1,'2025-04-17 09:59:48','Uploaded via Sync Agent','rRRRR.pdf',1,1,139301),(401,'ARRARA.pdf','SyncAgent/VVVVVV',1,'2025-04-17 10:07:17','Uploaded via Sync Agent','ARRARA.pdf',1,1,139301),(402,'BRBRBBRB.pdf','SyncAgent/VVVVVV',1,'2025-04-17 10:07:17','Uploaded via Sync Agent','BRBRBBRB.pdf',1,1,139301),(403,'CRACRACRA.pdf','SyncAgent/VBBVBVV',1,'2025-04-17 10:11:07','Uploaded via Sync Agent','CRACRACRA.pdf',1,1,139301),(404,'JAJAJAJ.pdf','SyncAgent/VBBVBVV',1,'2025-04-17 10:11:07','Uploaded via Sync Agent','JAJAJAJ.pdf',1,1,139301),(405,'arsenal.pdf','SyncAgent/Bavaria',1,'2025-04-17 10:13:25','Uploaded via Sync Agent','arsenal.pdf',1,1,139301),(406,'real.pdf','SyncAgent/Bavaria',1,'2025-04-17 10:13:25','Uploaded via Sync Agent','real.pdf',1,1,139301),(407,'oryyry.pdf','SyncAgent/Muller',1,'2025-04-17 10:15:16','Uploaded via Sync Agent','oryyry.pdf',1,1,139301),(408,'tomy.pdf','SyncAgent/Muller',1,'2025-04-17 10:15:16','Uploaded via Sync Agent','tomy.pdf',1,1,139301),(409,'aaaaaa.pdf','SyncAgent/NumeNou',1,'2025-04-17 10:18:08','Uploaded via Sync Agent','aaaaaa.pdf',1,1,139301),(410,'asdsadasds.pdf','SyncAgent/NumeNou',1,'2025-04-17 10:18:08','Uploaded via Sync Agent','asdsadasds.pdf',1,1,139301),(412,'odsdads.pdf','SyncAgent/PRobaaa',1,'2025-04-17 11:41:36','Uploaded via Sync Agent','odsdads.pdf',1,1,139301),(413,'opdpo.pdf','SyncAgent/PRobaaa',1,'2025-04-17 11:41:36','Uploaded via Sync Agent','opdpo.pdf',1,1,139301),(414,'odsdadsjhj.pdf','SyncAgent/PRobaaax23',1,'2025-04-17 14:03:53','Uploaded via Sync Agent','odsdadsjhj.pdf',1,1,139301),(415,'opdport.pdf','SyncAgent/PRobaaax23',1,'2025-04-17 14:03:53','Uploaded via Sync Agent','opdport.pdf',1,1,139301),(416,'PDFdeTestt.pdf','Scoala Dabuleni/tt/Folder Test0/test4444',6,'2025-04-22 06:35:37','ffffffff',NULL,1,11,0),(417,'DummmyPDF.pdf','uploads/AlexFolder/TipDeNew/ddddd',17,'2025-04-22 11:22:34','asfsdfsdfsdfdsfsdfasf','DummmyPDF',1,1,13264),(418,'DummmyPDFx3.pdf','tt/Classified Documents',17,'2025-04-22 11:24:31','dasdasd','DummmyPDFx3',1,8,13264),(419,'DummmyPDFx4.pdf','Scoala Dabuleni/tt/Classified Documents/t21',6,'2025-04-22 11:25:25','asdasdasdsad','DummmyPDFx4',1,2,13264),(420,'AceleVVVAndrei.pdf','tt/Folder Test0',18,'2025-04-22 13:07:29','gdfgsfdgfdsgfdsg','AceleVVVAndrei',1,12,13264),(421,'AceleVVVAndreixDD.pdf','AlexFolder/AlexTypeTest',18,'2025-04-22 13:11:22','fdsfdsfdsfsdfsdfsdf','AceleVVVAndreixDD',1,1,13264),(422,'AceleVSSS.pdf','Scoala Dabuleni/tt/Folder Test0/test4444',6,'2025-04-23 05:42:28','dhdhdhdhdhdhd','AceleVSSS',1,8,13264),(423,'ggggggggggggggggggggggggggg.   gggg g gg g ggg g g g g g g g g.pdf','Scoala Dabuleni/Archive/Official Document',6,'2025-04-23 05:44:21','','ggggggggggggggggggggggggggg.   gggg g gg g ggg g g g g g g g g',1,1,13264),(424,'DorulPDF.pdf','uploads/FolderDeSters',22,'2025-04-23 11:43:27','sdfsdfdsdfdsfsdfsdfsdf','DorulPDF',1,27,13264),(425,'JonCena.pdf','Scoala Dabuleni/AlexFolder/TipDeNew/NoulFoler2',6,'2025-04-24 07:59:53','hhhhhhhhh','JonCena',1,28,1664464),(426,'RomaEmpire.pdf','Scoala Dabuleni/tt/Classified Documents',6,'2025-04-24 09:55:39','dadasdasdasd','RomaEmpire',1,8,1664464),(427,'AppleJuice.pdf','Scoala Dabuleni/AlexFolder/TipDeNew',6,'2025-04-24 12:56:37','homermemremr','AppleJuice',1,28,142786),(428,'RetroFifa.pdf','Scoala Dabuleni/t1/Others',6,'2025-04-24 13:27:45','Do in laughter securing smallest sensible no mr hastened. As perhaps proceed in in brandon of limited unknown greatly. Distrusts fulfilled happiness unwilling as explained of difficult. No landlord of peculiar ladyship attended if contempt ecstatic. Loud wish made on is am as hard. Court so avoid in plate hence. Of received mr breeding concerns peculiar securing landlord. Spot to many it four bred soon well to. Or am promotion in no departure abilities. Whatever landlord yourself at by pleasure of children be.\r\n\r\nMaids table how learn drift but purse stand yet set. Music me house could among oh as their. Piqued our sister shy nature almost his wicket. Hand dear so we hour to. He we be hastily offence effects he service. Sympathize it projection ye insipidity celebrated my pianoforte indulgence. Point his truth put style. Elegance exercise as laughing proposal mistaken if. We up precaution an it solicitude acceptance invitation.\r\n\r\nGreatly hearted has who believe. Drift allow green son walls years for blush. Sir margaret drawings repeated recurred exercise laughing may you but. Do repeated whatever to welcomed absolute no. Fat surprise although outlived and informed shy dissuade property. Musical by me through he drawing savings an. No we stand avoid decay heard mr. Common so wicket appear to sudden worthy on. Shade of offer ye whole stood hoped.\r\n','RetroFifa',1,11,142786),(430,'Fifa24FuadyOOT.pdf','Scoala Dabuleni/tt/Folder Test0/test4444',6,'2025-04-25 13:47:40','age >= 90) return \'#ff4d4f\';\r\n    if (percentage >= 70) return \'#faad14\';\r\n    return \'#52c41a\';\r\n  };\r\n\r\n  return (\r\n    <Card \r\n      title={\r\n        <Space>\r\n          <DatabaseOutlined />\r\n          <Text>Storage Usage</Text>\r\n        </Space>\r\n      }\r\n      className=\"mb-4\"','Fifa24FuadyOOT',1,2,142786),(431,'FIFA25Dumy.pdf','Scoala Dabuleni/AlexFolder/TipDeNew',6,'2025-04-28 06:53:58','','FIFA25Dumy',1,27,142786),(432,'FIFA25Tsulu.pdf','Scoala Dabuleni/AlexFolder/TipDeNew',6,'2025-04-28 07:06:05','sfsdfsdfsdfsdsd','FIFA25Tsulu',1,27,142786),(433,'FIFA25Mores.pdf','Scoala Dabuleni/AlexFolder/AlexTypeTest',6,'2025-04-28 07:12:50','fsdfdsfsdfsdfsd','FIFA25Mores',1,27,142786),(434,'EaFc25.pdf','Scoala Dabuleni/Draft',6,'2025-04-28 11:50:11','dddddddddd','EaFc25',1,8,344787),(435,'EaFc26PRO.pdf','Scoala Dabuleni/tt/Classified Documents',6,'2025-04-28 11:57:36','fdfdfdfdfdfd','EaFc26PRO',1,8,344787),(436,'EaFc26PROMAX.pdf','Scoala Dabuleni/Archive/Official Document',6,'2025-04-28 13:13:44','gsdfgfsdgfdsgdfg','EaFc26PROMAX',1,1,344787),(437,'EaFc22 PRO.pdf','Archive/Official Document',22,'2025-04-28 13:26:11','fsafdsfadsfdsfasdf','EaFc22 PRO',1,1,344787),(438,'EaFc22 PROGamer.pdf','Scoala Dabuleni/Archive/Official Document',6,'2025-05-05 06:44:11','gggggg','EaFc22 PROGamer',1,1,344787),(439,'AdaugatDESCoalaOaraca.pdf','Scoala Oarca/Folder_Admin_1/',29,'2025-05-05 07:08:17','ffdgdfgfdgdf','AdaugatDESCoalaOaraca',1,11,344787),(440,'In folder Bun.pdf','Scoala Oarca/uploads/tt/Folder Test0/test4444',29,'2025-05-05 09:23:38','Cmentariu','In folder Bun',1,1,344787),(441,'FunctioneazaOK?.pdf','Scoala Dabuleni/tt/Classified Documents',6,'2025-05-05 11:41:27','comentariul','FunctioneazaOK?',1,8,344787),(442,'UINouAvem.pdf','Scoala Dabuleni/AlexFolder/TipDeNew',6,'2025-05-05 12:04:16','COEMNTARIUL','UINouAvem',1,28,344787),(443,'UINouAvemx23.pdf','Scoala Dabuleni/tt/Classified Documents/t21/t3',6,'2025-05-05 12:44:11','mmmohuguyfufukgbilukjbiulkj','UINouAvemx23',1,28,344787),(444,'UINouAvemx24.pdf','Scoala Dabuleni/t4/typetest55',6,'2025-05-05 13:46:51','comenatriul','UINouAvemx24',1,12,344787),(445,'UINouAvemx25v2.pdf','Scoala Dabuleni/t2',6,'2025-05-05 13:54:23','GGGGGSGSGS','UINouAvemx25v2',1,1,344787),(446,'CevaNoux23.pdf','Scoala Dabuleni/AlexFolder/AlexTypeTest',6,'2025-05-06 07:49:28','com','CevaNoux23',1,27,344787),(447,'TestamDraft.pdf','Scoala Dabuleni/tt/Folder Test0',6,'2025-05-06 09:00:02','Coment','TestamDraft',1,27,344787),(448,'TestamDraftx3.pdf','uploads/Scoala Dabuleni/AlexFolder/TipDeNew',6,'2025-05-06 10:02:25','comentt','TestamDraftx3',1,28,344787),(449,'TestamDraftIARA.pdf','uploads/Scoala Dabuleni/AlexFolder/TipDeNew',6,'2025-05-06 10:21:38','VVERE','TestamDraftIARA',1,28,344787),(450,'Pathbun.pdf','Scoala Dabuleni/Scoala Dabuleni/FolderDeSters',6,'2025-05-07 06:11:49','Comentariu','Pathbun',1,28,13206),(451,'ParamHUb.pdf','Scoala Dabuleni/FolderDeSters/FolderCareESters',6,'2025-05-07 06:20:41','COment','ParamHUb',1,28,13206),(452,'PARAMAMAM.pdf','uploads',6,'2025-05-07 06:27:14','COmeta','PARAMAMAM',1,1,13206),(453,'RORORORO.pdf','',6,'2025-05-07 06:32:51','FFFFF','RORORORO',1,27,13206),(454,'AUFAUF.pdf','Scoala Dabuleni/FolderDeSters/FolderCareESters',6,'2025-05-07 06:39:01','dasdasdasd','AUFAUF',1,1,13206),(455,'LELEL.pdf','uploads',6,'2025-05-07 06:46:04','coment','LELEL',1,1,13206),(456,'ofofof.pdf','Scoala Dabuleni/FolderDeSters/FolderCareESters',6,'2025-05-07 06:49:44','fdffd','ofofof',1,1,13206),(457,'reerer.pdf','Scoala Dabuleni/FolderDeSters',6,'2025-05-07 06:52:02','coment','reerer',1,1,13206),(458,'gheghe.pdf','Scoala Dabuleni/AlexFolder',6,'2025-05-07 06:58:03','sdsds','gheghe',1,27,13206),(459,'yeat.pdf','Scoala Dabuleni/AlexFolder/AlexTypeTest',6,'2025-05-07 07:09:27','','yeat',1,27,13206),(461,'erik.pdf','uploads',6,'2025-05-07 07:34:33','','erik',1,27,13206),(462,'erikgarcia.pdf','Scoala Dabuleni/FolderDeSters/FolderCareESters',6,'2025-05-07 07:37:03','coment','erikgarcia',1,23,13206),(463,'guacamole.pdf','Scoala Dabuleni/FolderDeSters/FolderCareESters',6,'2025-05-07 08:16:24','dfdsfsfds','guacamole',1,11,13206),(464,'evreu.pdf','Scoala Dabuleni/FolderDeSters/FolderCareESters',6,'2025-05-07 08:26:07','','evreu',1,27,13206),(465,'evreux23.pdf','Scoala Dabuleni/FolderDeSters',6,'2025-05-07 08:28:28','','evreux23',1,8,13206),(466,'evreux24.pdf','Scoala Dabuleni/FolderDeSters/FolderCareESters',6,'2025-05-07 08:31:22','','evreux24',1,1,13206),(467,'evreux65.pdf','Scoala Dabuleni/FolderDeSters/FolderCareESters',6,'2025-05-07 08:41:46','','evreux65',1,8,13206),(468,'evreux71.pdf','uploads/Scoala Dabuleni/FolderDeSters',6,'2025-05-07 08:45:25','dadaddaadd','evreux71',1,27,13206),(469,'YEAP.pdf','uploads/Scoala Dabuleni/AlexFolder/TipDeNew/ddddd/ssssss',6,'2025-05-07 10:12:49','COment dea','YEAP',1,8,13206),(470,'rusescugoal.pdf','uploads/Scoala Dabuleni/AlexFolder/TipDeNew/ddddd',25,'2025-05-07 11:17:20','fom','rusescugoal',1,27,13206),(471,'Hai sa fie bine ac.pdf','uploads/Scoala Dabuleni/AlexFolder/TipDeNew/ddddd/ssssss',25,'2025-05-07 11:26:01','','Hai sa fie bine ac',1,23,13206),(472,'Estevao.pdf','uploads/Scoala Dabuleni/AlexFolder',25,'2025-05-07 12:42:34','COment Estevao','Estevao',1,2,13206),(473,'2. CAF ANAF Nicolae F.pdf','Scoala Dabuleni/FolderDeSters/HaiFacemAici',25,'2025-05-12 10:47:03','COmentariul meu','2. CAF ANAF Nicolae F',1,27,156627),(479,'1. C.I. Nicolae F.pdf','uploads/Scoala Dabuleni/FolderDeSters/FolderCareESters/1.Gabi Munca',25,'2025-05-12 16:10:24','Uploaded via DMSBox','1. C.I. Nicolae F.pdf',1,1,223751),(480,'2. CAF ANAF Nicolae F.pdf','Scoala Dabuleni/FolderDeSters/HaiFacemAici',25,'2025-05-12 16:10:24','Uploaded via DMSBox','2. CAF ANAF Nicolae F.pdf',1,1,156627),(481,'3 CAF Local Nicolae Flo .pdf','uploads/Scoala Dabuleni/FolderDeSters/FolderCareESters/1.Gabi Munca',25,'2025-05-12 16:10:24','Uploaded via DMSBox','3 CAF Local Nicolae Flo .pdf',1,1,855010),(482,'4. ATESTAT Nicolae F.pdf','uploads/Scoala Dabuleni/FolderDeSters/FolderCareESters/1.Gabi Munca',25,'2025-05-12 16:10:24','Uploaded via DMSBox','4. ATESTAT Nicolae F.pdf',1,1,592976),(483,'CF_AFM_Tractoare_v1.pdf','uploads/Scoala Dabuleni/FolderDeSters/FolderCareESters/1.Gabi Munca',25,'2025-05-12 16:10:24','Uploaded via DMSBox','CF_AFM_Tractoare_v1.pdf',1,1,387481),(484,'1. C.I..pdf','uploads/Scoala Dabuleni/AlexFolder/AlexTypeTest/FolderTerminus',25,'2025-05-12 17:18:04','Uploaded via DMSBox','1. C.I..pdf',1,1,223751),(485,'2. AF Nicolae F.pdf','uploads/Scoala Dabuleni/FolderDeSters/ORCR',25,'2025-05-12 17:18:04','Uploaded via DMSBox','2. AF Nicolae F.pdf',1,1,156627),(486,'3 Ce Flo .pdf','uploads/Scoala Dabuleni/AlexFolder/AlexTypeTest/FolderTerminus',25,'2025-05-12 17:18:04','Uploaded via DMSBox','3 Ce Flo .pdf',1,1,855010),(490,'2. AFaceri externe minimini F.pdf','uploads/Scoala Dabuleni/AlexFolder/TipDeNew/ddddd/ssssss/GRFSS',25,'2025-05-13 08:38:11','Uploaded via DMSBox','2. AFaceri externe minimini F.pdf',1,1,156627),(491,'3 Ce dimineata frumoasa.pdf','uploads/Scoala Dabuleni/AlexFolder/TipDeNew/ddddd/ssssss/GRFSS',25,'2025-05-13 08:38:11','Uploaded via DMSBox','3 Ce dimineata frumoasa.pdf',1,1,855010),(493,'2. AFaceri externe minimini F.pdf','Scoala Dabuleni/AlexFolder/TipDeNew/ddddd/ssssss/GRFSS',25,'2025-05-13 08:40:45','Uploaded via DMSBox','2. AFaceri externe minimini F.pdf',1,1,156627),(494,'3 Ce dimineata frumoasa.pdf','Scoala Dabuleni/AlexFolder/TipDeNew/ddddd/ssssss/GRFSS',25,'2025-05-13 08:40:45','Uploaded via DMSBox','3 Ce dimineata frumoasa.pdf',1,1,855010),(495,'Cerere nicoaie iorga napoleon.pdf','Scoala Dabuleni/AlexFolder/TipDeNew/ddddd/ssssss/GRFSS',25,'2025-05-13 08:40:45','Uploaded via DMSBox','Cerere nicoaie iorga napoleon.pdf',1,1,223751),(496,'Debating me breeding be answered a.pdf','uploads/Scoala Dabuleni/FolderDeSters/FolderCareESters/UFFUP',25,'2025-05-13 09:27:54','Uploaded via DMSBox','Debating me breeding be answered a.pdf',1,1,156627),(497,'Impossible considered invitation.pdf','Scoala Dabuleni/FolderDeSters/FolderCareESters/UFFUP',25,'2025-05-13 09:27:54','Uploaded via DMSBox','Impossible considered invitation.pdf',1,1,223751),(498,'Throwing consider dwelling bachelor joy.pdf','Scoala Dabuleni/FolderDeSters/FolderCareESters/UFFUP',25,'2025-05-13 09:27:54','Uploaded via DMSBox','Throwing consider dwelling bachelor joy.pdf',1,1,855010),(505,'Building mr concerns servants in he outlived.pdf','uploads/Scoala Dabuleni/FolderDeSters/ORCR',25,'2025-05-13 10:25:00','Uploaded via DMSBox','Building mr concerns servants in he outlived.pdf',1,1,855010),(506,'Dwelling and speedily ignoran.pdf','uploads/Scoala Dabuleni/FolderDeSters/ORCR',25,'2025-05-13 10:25:00','Uploaded via DMSBox','Dwelling and speedily ignoran.pdf',1,1,156627),(507,'Genius use except son.pdf','uploads/Scoala Dabuleni/FolderDeSters/ORCR',25,'2025-05-13 10:25:00','Uploaded via DMSBox','Genius use except son.pdf',1,1,223751),(508,'As absolute is by amounted.pdf','Scoala Dabuleni/FolderTest33/DMFG',25,'2025-05-13 10:35:21','Uploaded via DMSBox','As absolute is by amounted.pdf',1,1,223751),(509,'Terminated principles sentiments.pdf','uploads/Scoala Dabuleni/FolderTest33/DMFG',25,'2025-05-13 10:35:21','Uploaded via DMSBox','Terminated principles sentiments.pdf',1,1,855010),(510,'Up unpacked friendly ecstatic.pdf','uploads/Scoala Dabuleni/FolderTest33/DMFG',25,'2025-05-13 10:35:21','Uploaded via DMSBox','Up unpacked friendly ecstatic.pdf',1,1,156627),(511,'As it so contrasted oh estimating.pdf','Scoala Dabuleni/FolderTest33/FTRT',25,'2025-05-13 10:59:48','Uploaded via DMSBox','As it so contrasted oh estimating.pdf',1,1,156627),(512,'Seen you eyes son show.pdf','Scoala Dabuleni/FolderTest33/FTRT',25,'2025-05-13 10:59:48','Uploaded via DMSBox','Seen you eyes son show.pdf',1,1,223751),(514,'As excuse eldest no moment.pdf','uploads/Scoala Dabuleni/AlexFolder/AlexTypeTest/FolderTerminus',25,'2025-05-13 11:41:14','Uploaded via DMSBox','As excuse eldest no moment.pdf',1,1,855010),(515,'Ignorant saw her her drawings marriage.pdf','uploads/Scoala Dabuleni/AlexFolder/TipDeNew/ddddd/Babana',25,'2025-05-13 11:41:14','Uploaded via DMSBox','Ignorant saw her her drawings marriage.pdf',1,1,223751),(516,'Ladies others the six desire age.pdf','uploads/Scoala Dabuleni/AlexFolder/TipDeNew/ddddd/Babana',25,'2025-05-13 11:41:14','Uploaded via DMSBox','Ladies others the six desire age.pdf',1,1,156627),(517,'As excuse eldest no moment.pdf','Scoala Dabuleni/AlexFolder/TipDeNew/ddddd/Babana',25,'2025-05-13 12:34:49','Uploaded via DMSBox','As excuse eldest no moment.pdf',1,1,855010),(518,'Ignorant saw her her drawings marriage.pdf','Scoala Dabuleni/AlexFolder/TipDeNew/ddddd/Babana',25,'2025-05-13 12:34:49','Uploaded via DMSBox','Ignorant saw her her drawings marriage.pdf',1,1,223751),(519,'Ladies others the six desire age.pdf','Scoala Dabuleni/AlexFolder/TipDeNew/ddddd/Babana',25,'2025-05-13 12:34:49','Uploaded via DMSBox','Ladies others the six desire age.pdf',1,1,156627),(520,'gheghe.pdf','Scoala Dabuleni/AlexFolder',25,'2025-05-15 09:35:06','SPS','gheghe',1,8,140741),(521,'OVerALL.pdf','Scoala Dabuleni/FolderTest33/DMFG',25,'2025-05-14 15:56:39','GICA HAGI regele','OVerALL',1,28,13206),(522,'Dinero.pdf','Scoala Dabuleni/AlexFolder/AlexTypeTest',25,'2025-05-14 13:47:31','coment','Dinero',1,11,13206),(523,'DineroSpectacularo.pdf','Scoala Dabuleni/FolderTest33',25,'2025-05-15 10:06:24','omg','DineroSpectacularo.pdf',1,10,13206),(524,'Mbangula.pdf','Scoala Dabuleni/AlexFolder',25,'2025-05-15 11:42:55','gn are dinner better nearer silent excuse. She which are maids bo','Mbangula.pdf',1,26,142786),(525,'COntrolVersion2.pdf','Scoala Dabuleni/Folder_SuperAdmin_2',25,'2025-05-15 09:17:31','nimimc sdddddddd','COntrolVersion2',1,27,142786),(526,'operacrt.pdf','Scoala Dabuleni/FolderTest33',25,'2025-05-15 11:14:44','coment cfsfvfsvsfdvdfvdfsvsdfvdf','operacrt',1,26,142786),(527,'omgf.pdf','Scoala Dabuleni/FolderDeSters/FolderCareESters',25,'2025-05-15 11:33:06',' paid rent form. Old design are dinner better nearer silent excuse. She which are maids boy sense her shade. Considered reasonable we affronting on expression in. So cordial anxious mr delight. Shot his has must wish from sell nay. Remark fat set why are sudden depend change entire wanted. Performed remainder attending led fat residence far.\n\nOn recommend tolerably my belonging or am. Mutual has cannot beauty indeed now sussex merely you. It possible no husbands jennings ye offended packages pleasant he. Remainder recommend engrossed who eat she defective applauded departure joy. Get dissimilar not introduced day her apartments. Fully as taste he mr do smile abode every. Luckily offered article led lasting country minutes nor old. Happen people things oh is oppose up parish effect. Law handsome old outweigh humoured far appetite.\n','omgf',1,12,142786),(528,'DGDGDGDGD.pdf','Scoala Dabuleni/AlexFolder',25,'2025-05-15 11:36:47','nou fffffff','DGDGDGDGD',1,27,142786),(529,'namidee.pdf','Scoala Dabuleni/AlexFolder/AlexType',25,'2025-05-15 12:16:46','nigerien','namidee',1,12,13206),(530,'In up so discovery my middleton eagerness dejection explained. Estimating excellence ye contrasted insensible as.pdf','Scoala Dabuleni/FolderDeSters/FolderCareESters/denis',25,'2025-05-15 16:29:54','Uploaded via DMSBox','In up so discovery my middleton eagerness dejection explained. Estimating excellence ye contrasted insensible as.pdf',1,1,223751),(531,'uncivil. Can how elinor warm.pdf','Scoala Dabuleni/FolderDeSters/FolderCareESters/denis',25,'2025-05-15 16:29:54','Uploaded via DMSBox','uncivil. Can how elinor warm.pdf',1,1,156627),(532,'wisdom waited..pdf','Scoala Dabuleni/FolderDeSters/FolderCareESters/denis',25,'2025-05-15 16:29:55','Uploaded via DMSBox','wisdom waited..pdf',1,1,855010),(533,'TUMTUMTUM.pdf','Scoala Dabuleni/Folder_SuperAdmin_1/YEAT HOLA eress',25,'2025-05-16 09:27:29','OLEEEEE','TUMTUMTUM',1,8,156627);
/*!40000 ALTER TABLE `table_document` ENABLE KEYS */;
UNLOCK TABLES;

--
-- Table structure for table `table_document_backup`
--

DROP TABLE IF EXISTS `table_document_backup`;
/*!40101 SET @saved_cs_client     = @@character_set_client */;
/*!50503 SET character_set_client = utf8mb4 */;
CREATE TABLE `table_document_backup` (
  `id_document` int NOT NULL DEFAULT '0',
  `nom_document` varchar(255) NOT NULL,
  `type` varchar(50) DEFAULT NULL,
  `path` varchar(255) NOT NULL,
  `id_user_source` int DEFAULT NULL,
  `date_upload` datetime DEFAULT CURRENT_TIMESTAMP,
  `comment` text,
  `nom_document_original` varchar(255) DEFAULT NULL,
  `isVerfied` tinyint(1) DEFAULT '1',
  `type_id` int DEFAULT NULL
) ENGINE=InnoDB DEFAULT CHARSET=utf8mb4 COLLATE=utf8mb4_0900_ai_ci;
/*!40101 SET character_set_client = @saved_cs_client */;

--
-- Dumping data for table `table_document_backup`
--

LOCK TABLES `table_document_backup` WRITE;
/*!40000 ALTER TABLE `table_document_backup` DISABLE KEYS */;
INSERT INTO `table_document_backup` VALUES (1,'sample_report.pdf','Official Document','./uploads/Official Document',14,'2025-03-21 10:55:52','This is a sample report','Annual Report 2024',1,1),(2,'business_plan.pdf','Official Document','./uploads/Official Document',14,'2025-03-21 10:55:52','Business strategy plan','Business Plan 2024-2025',1,1),(3,'john_report.pdf','Official Document','./uploads/Official Document',6,'2025-03-21 11:03:53','Report for John','John Report 2024',1,1),(4,'shared_document.pdf','Official Document','./uploads/Official Document',14,'2025-03-21 11:04:34','Document shared with John','Shared Document 2024',1,1),(5,'shared_document.pdf','Shared Document','./uploads/Shared Document',1,'2025-03-21 11:18:49','Document shared with John','Shared Document 2024',1,2),(6,'hak.pdf','t1','./uploads/t1',6,'2025-03-21 12:34:00','Test hak document','hak.pdf',1,3),(7,'redaction_scientifique_.pdf','t2','./uploads/t2',6,'2025-03-21 14:08:34','mcmcmc','doc',1,4),(8,'redaction_scientifique_.pdf','t3','./uploads/t3',6,'2025-03-21 14:11:13','coms','aaa',1,5),(9,'file-sample_150kB.pdf','Official Document','./uploads/Official Document',6,'2025-03-23 11:41:31','Comments','TestPdf',1,1),(10,'file-sample_150kB.pdf','Official Document','./uploads/Official Document',6,'2025-03-23 11:53:32','Comentarii','Safir',1,1),(11,'pdf-test.pdf','t2','./uploads/t2',6,'2025-03-23 12:15:49','vvvvvv','TEstare',1,4),(12,'pdf-test.pdf','t4','./uploads/t4',6,'2025-03-23 12:23:00','caaa','ccaa',1,6),(13,'pdf-test.pdf','t3','./uploads/t3',6,'2025-03-23 12:26:42','ssss','fsfsf',1,5),(14,'fdfd.pdf','t3','./uploads/t3',6,'2025-03-23 12:36:23','DDDD','FFFF',1,5),(15,'pdf-test.pdf','t4','./uploads/t4',6,'2025-03-23 12:59:18','scacs','cc',1,6),(16,'1mb.pdf','Official Document','./uploads/Official Document',6,'2025-03-23 13:54:12','Providing a sample PDF for educational or business use\r\nGet Started Now','File Content: Dummy Text (Sample PDF)',1,1),(17,'1mb.pdf','t3','./uploads/t3',6,'2025-03-23 14:30:53','Objective: This file is ideal for blank document needs, obtaining a new PDF file, testing file uploads','File Name TTT',1,5),(18,'pdf-test.pdf','t2','./uploads/t2',6,'2025-03-23 14:37:15','Yukon Department of Education\r\nBox 2703\r\nWhitehorse,Yukon\r\nCanada\r\nY1A 2C6\r\nPlease visit our website at: http://www.education.gov.yk.ca/','yoko',1,4),(19,'fdfd.pdf','Official Document','./uploads/Official Document',6,'2025-03-23 15:11:48','ate ac suscipit et, iaculis non est. Curabitur semper arcu ac ligula semper, nec luctus\r\nnisl blandit. Integer lacinia ante ac libero lobortis imperdiet.\r\nNullam mollis convallis ipsum,\r\nac accumsan nunc vehicula vitae. Nulla eget justo in felis tristique fringilla. Morbi sit amet\r\ntortor quis risus ','Lorem ipsum2',1,1),(20,'1mb.pdf','t4','./uploads/t4',14,'2025-03-23 15:52:31','xperimenting with PDF rendering and formatting in your applications\r\nProviding a sample PDF for educational or business use\r\nGet Started Now:\r\nWhether you\'re a','sample pdf file ',1,6),(21,'fdfd.pdf','Official Document','./uploads/Official Document',14,'2025-03-23 16:02:57','putate ac suscipit et, iaculis non est. Curabitur semper arcu ac ligula semper, nec luctus\r\nnisl blandit. Integer lacinia ante ac libero lobortis imperdiet.\r\nNullam mollis convallis ipsum,\r\nac accumsan nunc vehicula vitae. Nulla eget justo in felis tristique fringilla. Morbi sit amet\r\ntortor quis risus auctor condimentum. Morbi in ullamcorper elit. Nulla iaculis tellus sit amet\r\nmauris tempus fringilla.\r\nMaecenas mauris lectus, lobortis et','Lorem ipsum32323',1,1),(22,'1mb.pdf','t3','./uploads/t3',14,'2025-03-23 16:08:37','t in your testing and development projects. Simply click the download button to get started\r\nwith your sample PDF download!\r\nInformation About PDF Format\r\nPDF stands for Portable Document Format and was developed by Adobe Systems. It combines rich\r\ncontent such as text, images and hyperlinks, allowing users to share documents across different\r\noperating systems and devices with the same view. Its wide use has made it indispensable for\r\nelectronic document sharing. Thanks to its open-source readers and software, viewing and editing','File Content About PDF Format',1,5),(23,'fdfd.pdf','t3','./uploads/t3',14,'2025-03-23 16:14:19','. Maecenas sed egestas nulla, ac condimentum orci. Mauris diam felis,\r\nvulputate ac suscip','ipsum odio',1,5),(24,'10MB-TESTFILE.ORG.pdf','t3','./uploads/undefined',6,'2025-03-24 07:25:13','You will be recorded as the document author. Documents can be searched by author name.','TESTFILE.ORGG',1,5),(25,'2mb.pdf','Official Document','./uploads/undefined',6,'2025-03-24 08:28:42','xperimenting with PDF rendering and formatting in your applications\r\nProviding a sample PDF for educational or business use','2mb document',1,1),(26,'2mb.pdf','Official Document','./uploads/undefined',6,'2025-03-24 08:54:58','dsdsdsdsd','cccssssss',1,1),(27,'_TestPdf_.pdf','t2','/Users/pds/Desktop/Document_App/EDMS-main/back-end/uploads/default',6,'2025-03-24 10:42:38','mulet comsssda','testing file',1,4),(28,'2mb.pdf','Official Document','/Users/pds/Desktop/Document_App/EDMS-main/back-end/uploads/default',6,'2025-03-24 10:47:43','afsddasfsdfdjsfdskjdsafkjdsnf','wwe',1,1),(29,'_TestPdf_.pdf','Official Document','/Users/pds/Desktop/Document_App/EDMS-main/back-end/uploads/Official Document',6,'2025-03-24 11:30:09','sem. Nullam at porttitor arcu, nec lacinia nisi. Ut ac dolor vitae odio interdum\r\ncondimentum. Vivamus dapibus sodales ex, vitae malesuada ipsum cursus\r\nconvallis. Maecenas sed egestas nulla, ac condimentum orci. Mauris diam felis,\r\nvulputate ac suscipit et, iaculis non est. Curabitur semper arcu ac ligula semper, nec luctus\r\nnisl blandit. Integer laci','GGWP2',1,1),(30,'_TestPdf_.pdf','Official Document','/Users/pds/Desktop/Document_App/EDMS-main/back-end/uploads/Official Document',6,'2025-03-24 11:36:22','. Maecenas sed egestas nulla, ac condimentum orci. Mauris diam felis,\r\nvulputate a','WWE2k2000',1,1),(31,'GGWPPasere','Official Document','/Users/pds/Desktop/Document_App/EDMS-main/back-end/uploads/Official Document',6,'2025-03-24 11:47:06','nisl blandit. Integer lacinia ante ac libero lobortis imperdiet.','GGWPPasere',1,1),(32,'Nume_Current','Official Document','/Users/pds/Desktop/Document_App/EDMS-main/back-end/uploads/Official Document',6,'2025-03-24 12:35:40','KSKDKSDSKDKD','Nume_Current',1,1),(33,'_v1743423144636.nume document','t3','/Users/pds/Desktop/Test_App/EDMS-main/back-end/uploads/t3',6,'2025-03-24 12:40:03','comment','nume document',1,5),(34,'Get_Started_With_Smallpdf.pdf','t3','/Users/pds/Desktop/Document_App/EDMS-main/back-end/uploads/t3',6,'2025-03-24 12:54:36','Forget mundane administrative tasks. With','SmallPdf_Doc',1,5),(35,'_FFFF_.pdf','Official Document','/Users/pds/Desktop/Document_App/EDMS-main/back-end/uploads/Official Document',6,'2025-03-24 13:28:04','dsfdsfdsf','dsfdsfsdfdsf',1,1),(36,'260KB.pdf','Official Document','/Users/pds/Desktop/Document_App/EDMS-main/back-end/uploads/Official Document',6,'2025-03-24 13:31:46','fdsfsdfdsfsdf','NUme Onest',1,1),(37,'_SmallPdf_Doc_.pdf','t3','/Users/pds/Desktop/Document_App/EDMS-main/back-end/uploads/t3',6,'2025-03-24 13:54:40','nonkeys','FFFFSSSSSD',1,5),(38,'Get_Started_With_Smallpdf.pdf','t4','/Users/pds/Desktop/Document_App/EDMS-main/back-end/uploads/t4',6,'2025-03-24 14:54:05','nu am','HHHHHHHHHH',1,6),(39,'350KB_v1742905403099_v1742907999348_v1742908889881.pdf','Official Document','/Users/pds/Desktop/Document_App/EDMS-main/back-end/uploads/Official Document',6,'2025-03-25 06:50:35','Yyet to misery wisdom plenty polite to as. Prepared interest proposal it he exercise. My wishing an in attempt ferrars. Visited eat you why service looking engaged. At place no walls hopes rooms fully in. Roof hope shy tore leaf joy paid boy. Noisier out brought entered detract because sitting sir. Fat put occasion rendered off humanity has.','Documnet cu 350kb',1,1),(40,'800KB_v1742905074572_v1742906540484_v1742906748330.pdf','t2','/Users/pds/Desktop/Document_App/EDMS-main/back-end/uploads/default',6,'2025-03-25 12:17:02','I had resolving otherwise she contented therefore. Afford relied warmth out sir hearts sister use garden. Men day warmth formed admire former simple. Humanity declared vicinity continue supplied no an. He hastened am no property exercise of. Dissimilar comparison no terminated devonshire no literature on. Say most yet head room such just easy.','Document 800kb',1,4),(41,'350KB_v1742910458786_v1742911233149.pdf','Official Document','/Users/pds/Desktop/Document_App/EDMS-main/back-end/uploads/Official Document',6,'2025-03-25 13:39:26','WEBbyothers. Two dear held mrs feet view her old fine. Bore can led than how has rank. Discovery any extensive has commanded direction. Short at front which blind as. Ye as procuring unwilling principle by.\r\n\r\nMuch evil soon high in hope do view. Out may few northward believing attempted. Yet timed being songs marry one defer men our. Although finished blessing do of. Consider speaking me prospect whatever if. Ten nearer rather hunted six parish indeed number. Allowance repulsive sex may contained can set suspected abilities cordially. Do part am he high rest that. So','Document de proba',1,1),(42,'PDF_TestPage_v1742913422882.pdf','Official Document','/Users/pds/Desktop/Document_App/EDMS-main/back-end/uploads/Official Document',6,'2025-03-25 14:25:53','Tnonono calm much most long me mean. Able rent long in do we. Uncommonly no it announcing melancholy an in. Mirth learn it he given. Secure shy favour length all twenty denote. He felicity no an at packages answered opinions juvenile.','SPBC',1,1),(43,'_v1742980455956.NNOU','Official Document','/Users/pds/Desktop/Document_App/EDMS-main/back-end/uploads/Official Document',6,'2025-03-26 08:20:09','testing,testtare.revo','NNOU',1,1),(44,'_SmallPdf_Doc__v1742989145460.pdf','Official Document','/Users/pds/Desktop/Document_App/EDMS-main/back-end/uploads/Official Document',6,'2025-03-26 09:29:08','ramprampramp','800KB.pdf',1,1),(45,'STatistici_v1743173110409.pdf','t3','/Users/pds/Desktop/Test_App/EDMS-main/back-end/uploads/t3',6,'2025-03-26 13:23:17','NMD include instruirea utilizatorilor, iar faza final const n implementarea i punerea n producie a sistemului. Durata total a contractului este de 12 luni, mprit pe activiti precise, cu termene specifice. n paralel, se va monitoriza progresul i se vor face ajustrile necesare pentru a respecta termenele i cerinele stabilite. Fiecare activitate va fi susinut de resurse umane i tehnice corespunztoare, iar echipa WEB WIN GROUP NET SRL va asigura implementarea complet i corect a soluiei.','STatistici',1,5),(46,'260KB.pdf','Official Document','/Users/pds/Desktop/Document_App/EDMS-main/back-end/uploads/Official Document',6,'2025-03-27 07:53:55',' sit amet massa vitae tortor condimentum. Viverra nibh cras pulvinar mattis nunc sed blandit\r\nlibero volutpat. Molestie a iaculis at erat pellentesque adipiscing commodo elit. Commodo quis\r\nimperdiet mas','Server',1,1),(47,'800KB.pdf','t2','/Users/pds/Desktop/Document_App/EDMS-main/back-end/uploads/t2',6,'2025-03-27 09:32:49','ugue cursus, tincidunt nisl a, aliquet lacus. Mauris rhoncus massa\r\nligula, in tristique tellus volutpat eu.\r\nPraesent blandit mauris mauris, eu mattis s','SSV',1,4),(48,'260KB.pdf','Official Document','/Users/pds/Desktop/Document_App/EDMS-main/back-end/uploads/Official Document',6,'2025-03-27 14:35:16','comss','Nume creativ',1,1),(49,'Astazi_v1743415742424.pdf','Official Document','/Users/pds/Desktop/Test_App/EDMS-main/back-end/uploads/Official Document',6,'2025-03-28 11:52:31','comentariu','Astazi',1,1),(50,'260KB.pdf','t2','/Users/pds/Desktop/Test_App/EDMS-main/back-end/uploads/t2',14,'2025-03-28 12:56:42','fdsfsdfsdfdsf','DE TEST',1,4),(51,'AndreiPdf_v1743412879118.pdf','Official Document','/Users/pds/Desktop/Test_App/EDMS-main/back-end/uploads/Official Document',18,'2025-03-31 08:53:35','Nu am comms','AndreiPdf',1,1),(52,'NewPDF_v1743415878434.pdf','Official Document','/Users/pds/Desktop/Test_App/EDMS-main/back-end/uploads/Official Document',6,'2025-03-31 10:10:21','comm','NewPDF',1,1),(53,'_FFFF_.pdf','t2','/Users/pds/Desktop/Test_App/EDMS-main/back-end/uploads/t2',19,'2025-03-31 10:47:33','ssss','NumeALex',1,4),(54,'_v13_restored.pdf','Official Document','/Users/pds/Desktop/Test_App/EDMS-main/back-end/uploads/Official Document',18,'2025-03-31 10:54:43','dddd','Comun',1,1),(55,'_FFFF_.pdf','Official Document','/Users/pds/Desktop/Test_App/EDMS-main/back-end/uploads/Official Document',18,'2025-03-31 11:55:43','nu am comm','curent',1,1),(56,'_v3_restored.pdf','Official Document','/Users/pds/Desktop/Test_App/EDMS-main/back-end/uploads/Official Document',18,'2025-03-31 12:16:54','noufsfsdfdsf','Document 31',1,1),(57,'350KB.pdf','Official Document','/Users/pds/Desktop/Test_App/EDMS-main/back-end/uploads/Official Document',6,'2025-04-01 09:32:01','Am comentat','350KB',1,1),(58,'350KB.pdf','Official Document','/Users/pds/Desktop/Test_App/EDMS-main/back-end/uploads/Official Document',6,'2025-04-01 09:35:14','Comentariu','350KB',1,1),(59,'350KB.pdf','Official Document','/Users/pds/Desktop/Test_App/EDMS-main/back-end/uploads/Official Document',6,'2025-04-01 09:37:21','comm','350KB',1,1),(60,'350KB.pdf','Official Document','/Users/pds/Desktop/Test_App/EDMS-main/back-end/uploads/Official Document',6,'2025-04-01 09:40:18','commmmmm','350KB',1,1),(61,'350KB.pdf','Official Document','/Users/pds/Desktop/Test_App/EDMS-main/back-end/uploads/Official Document',6,'2025-04-01 10:21:38','comm','350KB',1,1),(62,'2mb.pdf','Official Document','/Users/pds/Desktop/Test_App/EDMS-main/back-end/uploads/Official Document',6,'2025-04-01 10:24:39','Comms','2mb',1,1),(63,'1mb.pdf',NULL,'/Users/pds/Desktop/Test_App/EDMS-main/back-end/uploads/Official Document',6,'2025-04-01 11:49:13','Comentariu','1mb',1,1),(64,'STATE.pdf',NULL,'/Users/pds/Desktop/Test_App/EDMS-main/back-end/uploads/default',6,'2025-04-02 13:47:09','','STATE',1,26),(65,'STATEss.pdf',NULL,'/Users/pds/Desktop/Test_App/EDMS-main/back-end/uploads/default',6,'2025-04-02 13:52:29','','STATEss',1,26);
/*!40000 ALTER TABLE `table_document_backup` ENABLE KEYS */;
UNLOCK TABLES;

--
-- Table structure for table `table_mot_cle`
--

DROP TABLE IF EXISTS `table_mot_cle`;
/*!40101 SET @saved_cs_client     = @@character_set_client */;
/*!50503 SET character_set_client = utf8mb4 */;
CREATE TABLE `table_mot_cle` (
  `id_mot_cle` int NOT NULL AUTO_INCREMENT,
  `id_document` int DEFAULT NULL,
  `mot1` varchar(50) DEFAULT NULL,
  `mot2` varchar(50) DEFAULT NULL,
  `mot3` varchar(50) DEFAULT NULL,
  `mot4` varchar(50) DEFAULT NULL,
  `mot5` varchar(50) DEFAULT NULL,
  PRIMARY KEY (`id_mot_cle`),
  KEY `id_document` (`id_document`),
  CONSTRAINT `table_mot_cle_ibfk_1` FOREIGN KEY (`id_document`) REFERENCES `table_document` (`id_document`)
) ENGINE=InnoDB AUTO_INCREMENT=388 DEFAULT CHARSET=utf8mb4 COLLATE=utf8mb4_0900_ai_ci;
/*!40101 SET character_set_client = @saved_cs_client */;

--
-- Dumping data for table `table_mot_cle`
--

LOCK TABLES `table_mot_cle` WRITE;
/*!40000 ALTER TABLE `table_mot_cle` DISABLE KEYS */;
INSERT INTO `table_mot_cle` VALUES (1,1,'annual','report','finance','summary','data'),(2,2,'strategy','business','planning','forecast','goals'),(3,3,'report','john','document','test','example'),(4,10,'Stats, lorem','','','',''),(7,13,'ssss','','','',''),(8,14,'ADdd','','','',''),(9,15,'sasc','','','',''),(10,16,'educational, business ','','','',''),(11,17,'developer, designer, content creator','','','',''),(12,18,'Whitehorse,Yukon','','','',''),(13,19,'Vivamus','','','',''),(14,20,'developer,designer','','','',''),(15,21,'Maecenas','','','',''),(16,22,'developer, designer','','','',''),(17,23,'varius','','','',''),(18,24,'TEst file','animation','','',''),(19,25,'Doc','Pdf file','adobe','',''),(20,26,'csdsss','','','',''),(21,27,'acum','aici','','',''),(22,28,'randy','','','',''),(23,29,'Nentodom','','','',''),(24,30,'Nunc','','','',''),(25,31,'nombre','estare','','',''),(26,32,'Nume','','','',''),(27,33,'keyword','','','',''),(28,34,'Digital','Enhance','','',''),(29,35,'fsdfdsf','','','',''),(30,36,'fdsfsdfdsfsd','','','',''),(31,37,'keys','','','',''),(32,38,'ce o fi','','','',''),(33,39,'442','am modificat','sep-atr','',''),(34,40,'700kb','lorem','nou','acum',''),(35,41,'test','eat','nombre','este',''),(36,42,'src','nom','nop','',''),(37,43,'document are area','haida','','',''),(38,44,'asta e cheie','parada','','',''),(39,45,'Statistics','Metrics','Stats','CCR',''),(40,46,'HHH','FFF','','',''),(41,47,'fff','','','',''),(42,48,'cc','fff','','',''),(43,49,'cheie','','','',''),(44,50,'ddd','','','',''),(45,51,'KeyeNoua','','','',''),(46,52,'key','','','',''),(47,53,'ddd','','','',''),(48,54,'ddd','','','',''),(49,55,'nume nou','','','',''),(50,56,'nou','nou','nou','',''),(51,57,'quis','aliquam','donec','',''),(52,58,'quis','aliquam','donec','dom',''),(53,59,'quis','aliquam','','',''),(54,60,'quis','aliquam','','',''),(55,61,'quis','donec','','',''),(56,62,'file','your','sample','',''),(57,63,'file','sample','document','',''),(58,64,'amet','vitae','massa','',''),(59,65,'amet','vitae','massa','',''),(60,69,'amet','vitae','massa','',''),(63,72,'amet','vitae','massa','nume',''),(64,73,'file','sample','document','',''),(65,74,'pellentesque','eget','quis','',''),(66,75,'smallpdf','files','well','',''),(67,76,'smallpdf','files','well','',''),(68,77,'smallpdf','files','well','',''),(69,78,'test','file','software','',''),(70,79,'forms','2703','test','',''),(71,80,'forms','2703','test','',''),(72,81,'testfile.org','test','file','',''),(73,82,'testfile.org','test','file','',''),(74,83,'testfile.org','test','file','',''),(75,84,'quis','aliquam','donec','',''),(76,85,'quis','aliquam','donec','',''),(79,88,'dummy','file','','',''),(80,89,'dummy','file','','',''),(81,90,'quis','aliquam','donec','',''),(82,91,'quis','aliquam','donec','',''),(83,92,'file','sample','document','da',''),(84,93,'file','sample','document','',''),(85,94,'file','test\\set','','',''),(86,95,'document','BB','vv','ss',''),(87,96,'file','sample','document','',''),(88,97,'file','sample','document','',''),(89,98,'file','sample','document','',''),(90,99,'file','sample','document','',''),(91,100,'file','sample','document','',''),(92,101,'file','sample','document','',''),(93,102,'file','sample','document','',''),(94,103,'file','sample','document','',''),(95,104,'file','sample','document','',''),(96,105,'file','sample','document','',''),(97,106,'file','sample','document','',''),(98,107,'file','sample','document','',''),(100,109,'file','sample','document','',''),(101,110,'file','sample','document','',''),(103,112,'file','sample','document','',''),(104,113,'file','sample','document','',''),(105,114,'file','sample','document','',''),(106,115,'file','sample','document','',''),(107,116,'file','sample','document','',''),(108,117,'file','sample','document','',''),(109,118,'file','sample','document','',''),(110,119,'dummy','file','','',''),(111,120,'dummy','file','','',''),(112,121,'dummy','file','','',''),(113,122,'dummy','file','','',''),(115,124,'dummy','file','','',''),(116,125,'dummy','file','dd','',''),(117,126,'dummy','file','','',''),(118,127,'dummy','file','','',''),(119,128,'dummy','file','','',''),(120,129,'dummy','file','','',''),(121,130,'dummy','file','','',''),(122,131,'dummy','file','','',''),(123,132,'dummy','file','','',''),(124,133,'dummy','file','','',''),(125,134,'dummy','file','','',''),(126,135,'dummy','file','','',''),(127,136,'dummy','file','','',''),(128,137,'dummy','file','','',''),(129,138,'dummy','file','','',''),(130,139,'dummy','file','','',''),(131,140,'dummy','file','','',''),(132,141,'dummy','file','','',''),(133,142,'dummy','file','','',''),(134,143,'dummy','file','','',''),(135,144,'dummy','file','','',''),(136,145,'dummy','file','','',''),(137,146,'dummy','file','','',''),(138,147,'dummy','file','','',''),(139,148,'dummy','file','','',''),(140,149,'dummy','file','','',''),(141,150,'dummy','file','','',''),(142,151,'dummy','file','','',''),(143,152,'piatadesiteuri.ro','dummy','file','',''),(144,153,'piatadesiteuri.ro','dummy','file','',''),(145,154,'piatadesiteuri.ro','dummy','file','',''),(146,155,'piatadesiteuri.ro','dummy','file','',''),(147,156,'piatadesiteuri.ro','dummy','file','',''),(148,157,'piatadesiteuri.ro','dummy','file','',''),(149,158,'piatadesiteuri.ro','dummy','file','',''),(150,159,'piatadesiteuri.ro','ceva gen ok','','',''),(151,160,'piatadesiteuri.ro','','','',''),(152,161,'piatadesiteuri.ro','dummy','file','',''),(153,162,'piatadesiteuri.ro','file','neap','',''),(154,163,'piatadesiteuri.ro','dummy','file','',''),(156,165,'piatadesiteuri.ro','dummy','file','',''),(157,166,'piatadesiteuri.ro','dummy','file','',''),(158,167,'piatadesiteuri.ro','dummy','file','',''),(159,168,'piatadesiteuri.ro','dummy','file','',''),(160,169,'piatadesiteuri.ro','dummy','file','',''),(161,170,'piatadesiteuri.ro','dummy','file','',''),(162,171,'piatadesiteuri.ro','dummy','file','',''),(163,172,'piatadesiteuri.ro','dummy','file','',''),(164,173,'piatadesiteuri.ro','dummy','file','',''),(165,174,'smallpdf','files','well','',''),(166,175,'smallpdf','files','well','',''),(167,176,'smallpdf','files','well','',''),(168,177,'smallpdf','files','well','',''),(169,178,'smallpdf','files','well','',''),(170,179,'lorem','vitae','amet','',''),(171,180,'lorem','vitae','amet','',''),(172,181,'lorem','vitae','amet','',''),(173,182,'lorem','vitae','amet','',''),(174,183,'lorem','vitae','amet','',''),(175,184,'lorem','vitae','amet','',''),(176,185,'lorem','vitae','amet','',''),(177,186,'lorem','vitae','amet','',''),(178,187,'lorem','vitae','amet','',''),(179,188,'lorem','vitae','amet','',''),(180,189,'lorem','vitae','amet','',''),(181,190,'lorem','vitae','amet','',''),(182,191,'lorem','vitae','amet','',''),(183,192,'lorem','vitae','amet','',''),(184,193,'lorem','vitae','amet','',''),(185,194,'lorem','vitae','amet','',''),(186,195,'lorem','vitae','amet','',''),(187,196,'lorem','vitae','amet','',''),(188,197,'lorem','vitae','amet','',''),(189,198,'lorem','vitae','amet','',''),(190,199,'lorem','vitae','amet','',''),(191,200,'lorem','vitae','amet','',''),(192,201,'lorem','vitae','amet','',''),(193,202,'lorem','vitae','amet','',''),(194,203,'lorem','vitae','amet','',''),(195,204,'lorem','vitae','amet','',''),(197,206,'lorem','vitae','amet','',''),(198,207,'DocumentSalvatsiUrmaeaza','','','',''),(199,208,'smallpdf','files','well','',''),(200,209,'lorem','vitae','amet','',''),(202,211,'lorem','vitae','amet','',''),(203,212,'lorem','vitae','amet','',''),(204,213,'file','sample','document','',''),(205,214,'file','sample','document','',''),(206,215,'eokassa','','','',''),(207,216,'file','sample','document','',''),(208,217,'file','sample','document','',''),(209,218,'piatadesiteuri.ro','dummy','file','',''),(211,220,'file','sample','document','',''),(212,222,'piatadesiteuri.ro','dummy','file','',''),(213,223,'piatadesiteuri.ro','','','',''),(214,224,'dummy','file','ddd','',''),(215,225,'lorem','vitae','amet','',''),(216,226,'lorem','vitae','amet','',''),(217,227,'lorem','vitae','amet','',''),(218,228,'lorem','vitae','amet','',''),(219,229,'lorem','vitae','amet','',''),(220,230,'lorem','vitae','amet','',''),(221,231,'lorem','vitae','amet','',''),(222,232,'lorem','vitae','amet','',''),(223,233,'lorem','vitae','amet','',''),(224,234,'lorem','vitae','amet','ffff',''),(225,235,'lorem','vitae','amet','ss',''),(226,236,'quis','aliquam','donec','aaa',''),(230,240,'quis','aliquam','donec','',''),(231,241,'quis','aliquam','donec','',''),(237,247,'amet','vitae','massa','ffff',''),(238,248,'amet','vitae','massa','keye',''),(239,249,'amet','vitae','massa','',''),(240,250,'amet','vitae','massa','',''),(242,272,'vitae','nueee','asds','',''),(243,274,'amet','vitae','massa','ssss',''),(244,327,'vitae','cevaccc','','',''),(245,349,'amet','vitae','massa','',''),(250,418,'dummy','file','','',''),(251,419,'dummy','file','','',''),(253,421,'file','fgfgfgf','','',''),(254,422,'dummy','file','','',''),(255,423,'dummy','file','','',''),(256,424,'dummy','file','sdfsdfsd','',''),(257,426,'RomaEmpire','ddddd','sss','',''),(258,427,'lorem','vitae','amet','ddddd',''),(259,428,'lorem','grafic','','',''),(262,431,'lorem','vitae','amet','',''),(263,432,'lorem','vitae','amet','',''),(264,433,'lorem','vitae','amet','',''),(265,434,'quis','aliquam','donec','',''),(266,435,'quis','aliquam','donec','',''),(267,436,'quis','aliquam','donec','',''),(268,437,'quis','aliquam','donec','',''),(269,438,'quis','aliquam','donec','',''),(270,439,'quis','aliquam','donec','',''),(271,440,'quis','aliquam','donec','',''),(272,441,'quis','aliquam','donec','',''),(273,442,'quis','aliquam','donec','',''),(274,443,'quis','aliquam','donec','keye',''),(275,444,'quis','aliquam','donec','',''),(276,445,'quis','FF','','',''),(277,446,'quis','aliquam','donec','',''),(278,447,'quis','aliquam','donec','',''),(279,448,'quis','aliquam','donec','',''),(280,449,'quis','aliquam','donec','',''),(281,450,'piatadesiteuri.ro','dummy','file','',''),(282,451,'piatadesiteuri.ro','dummy','file','',''),(283,452,'piatadesiteuri.ro','dummy','file','',''),(284,453,'piatadesiteuri.ro','dummy','file','',''),(285,454,'piatadesiteuri.ro','dummy','file','',''),(286,455,'piatadesiteuri.ro','dummy','file','',''),(287,456,'piatadesiteuri.ro','dummy','file','',''),(288,457,'piatadesiteuri.ro','dummy','file','',''),(289,458,'piatadesiteuri.ro','dummy','file','',''),(290,459,'piatadesiteuri.ro','dummy','file','',''),(292,461,'piatadesiteuri.ro','dummy','file','',''),(293,462,'piatadesiteuri.ro','dummy','file','',''),(294,463,'piatadesiteuri.ro','dummy','file','',''),(295,464,'piatadesiteuri.ro','dummy','file','',''),(296,465,'piatadesiteuri.ro','dummy','file','',''),(297,466,'piatadesiteuri.ro','dummy','file','',''),(298,467,'piatadesiteuri.ro','dummy','file','',''),(299,468,'piatadesiteuri.ro','dummy','file','',''),(300,469,'piatadesiteuri.ro','dummy','file','',''),(302,471,'piatadesiteuri.ro','dummy','file','',''),(305,505,'Building','concerns','servants',NULL,NULL),(306,506,'Dwelling','speedily','ignoran',NULL,NULL),(307,507,'Genius','except',NULL,NULL,NULL),(309,509,'Terminated','principles','sentiments',NULL,NULL),(310,510,'unpacked','friendly','ecstatic',NULL,NULL),(311,511,'obligatii','fiscal','plata','sume','finan'),(317,517,'excuse','eldest','moment',NULL,NULL),(318,518,'stri','carte','name','florea','2080'),(319,519,'obligatii','fiscal','plata','sume','finan'),(320,520,'gheghe','nou ou','','',''),(329,524,'fffd',NULL,NULL,NULL,NULL),(330,524,'fffd','sdsd','dsds',NULL,NULL),(331,524,'fffd','gggg','ssss',NULL,NULL),(339,525,'eee','gfhg',NULL,NULL,NULL),(340,523,'Version','controler','gggffgfg',NULL,NULL),(342,526,'fuad',NULL,NULL,NULL,NULL),(344,527,'lorem','vitae','amet','fuad',NULL),(375,530,'stri','carte','name','florea','2080'),(376,531,'obligatii','fiscal','plata','sume','finan'),(377,532,'wisdom','waited',NULL,NULL,NULL),(384,529,'tt','dd','ERW',NULL,NULL),(387,533,'plata','TUMTUM','RUMURM',NULL,NULL);
/*!40000 ALTER TABLE `table_mot_cle` ENABLE KEYS */;
UNLOCK TABLES;

--
-- Table structure for table `table_previlege`
--

DROP TABLE IF EXISTS `table_previlege`;
/*!40101 SET @saved_cs_client     = @@character_set_client */;
/*!50503 SET character_set_client = utf8mb4 */;
CREATE TABLE `table_previlege` (
  `id_previlege` int NOT NULL AUTO_INCREMENT,
  `id_user_fk` int DEFAULT NULL,
  `nom_doc` varchar(255) DEFAULT NULL,
  `download` tinyint(1) DEFAULT '0',
  `upload` tinyint(1) DEFAULT '0',
  `print` tinyint(1) DEFAULT '0',
  `comment` tinyint(1) DEFAULT '0',
  PRIMARY KEY (`id_previlege`),
  KEY `id_user_fk` (`id_user_fk`),
  CONSTRAINT `table_previlege_ibfk_1` FOREIGN KEY (`id_user_fk`) REFERENCES `user` (`id_user`)
) ENGINE=InnoDB AUTO_INCREMENT=795 DEFAULT CHARSET=utf8mb4 COLLATE=utf8mb4_0900_ai_ci;
/*!40101 SET character_set_client = @saved_cs_client */;

--
-- Dumping data for table `table_previlege`
--

LOCK TABLES `table_previlege` WRITE;
/*!40000 ALTER TABLE `table_previlege` DISABLE KEYS */;
INSERT INTO `table_previlege` VALUES (1,14,'sample_report.pdf',1,1,1,1),(2,15,'sample_report.pdf',1,1,1,1),(3,14,'business_plan.pdf',1,1,1,1),(4,15,'business_plan.pdf',1,0,1,0),(5,6,'john_report.pdf',1,1,1,1),(6,6,'shared_document.pdf',1,1,1,1),(7,6,'redaction_scientifique_.pdf',1,1,1,1),(8,6,'redaction_scientifique_.pdf',1,1,1,1),(9,6,'file-sample_150kB.pdf',1,1,1,1),(10,6,'file-sample_150kB.pdf',1,1,1,1),(11,6,'pdf-test.pdf',1,1,1,1),(12,6,'pdf-test.pdf',1,1,1,1),(13,6,'pdf-test.pdf',1,1,1,1),(14,6,'fdfd.pdf',1,1,1,1),(15,6,'pdf-test.pdf',1,1,1,1),(16,6,'1mb.pdf',1,1,1,1),(17,6,'1mb.pdf',1,1,1,1),(18,6,'pdf-test.pdf',1,1,1,1),(19,6,'fdfd.pdf',1,1,1,1),(20,14,'1mb.pdf',1,1,1,1),(21,14,'fdfd.pdf',1,1,1,1),(22,14,'1mb.pdf',1,1,1,1),(23,14,'fdfd.pdf',1,1,1,1),(24,6,'10MB-TESTFILE.ORG.pdf',1,1,1,1),(25,6,'2mb.pdf',1,1,1,1),(26,6,'2mb.pdf',1,1,1,1),(27,6,'_TestPdf_.pdf',1,1,1,1),(28,6,'2mb.pdf',1,1,1,1),(29,6,'_TestPdf_.pdf',1,1,1,1),(30,6,'_TestPdf_.pdf',1,1,1,1),(31,6,'GGWPPasere',1,1,1,1),(32,6,'Nume_Current',1,1,1,1),(33,6,'_v1743423144636.nume document',1,1,1,1),(34,6,'Get_Started_With_Smallpdf.pdf',1,1,1,1),(35,6,'_v1743423144636.nume document',1,1,1,1),(36,6,'260KB.pdf',1,1,1,1),(37,6,'_SmallPdf_Doc_.pdf',1,1,1,1),(38,6,'Get_Started_With_Smallpdf.pdf',1,1,1,1),(39,6,'350KB_v1742910458786_v1742911233149.pdf',1,1,1,1),(40,6,'800KB.pdf',1,1,1,1),(41,6,'350KB_v1742910458786_v1742911233149.pdf',1,1,1,1),(42,6,'PDF_TestPage_v1742913422882.pdf',1,1,1,1),(43,6,'_v1742980455956.NNOU',1,1,1,1),(44,6,'_SmallPdf_Doc__v1742989145460.pdf',1,1,1,1),(45,6,'STatistici_v1743173110409.pdf',1,1,1,1),(46,6,'260KB.pdf',1,1,1,1),(47,6,'800KB.pdf',1,1,1,1),(48,6,'260KB.pdf',1,1,1,1),(49,6,'Astazi_v1743415742424.pdf',1,1,1,1),(50,14,'260KB.pdf',1,1,1,1),(51,18,'sample_report.pdf',1,1,1,0),(52,18,'business_plan.pdf',1,1,1,0),(53,18,'john_report.pdf',1,1,1,0),(54,18,'shared_document.pdf',1,1,1,0),(55,18,'shared_document.pdf',1,1,1,0),(56,18,'hak.pdf',1,1,1,0),(57,18,'redaction_scientifique_.pdf',1,1,1,0),(58,18,'redaction_scientifique_.pdf',1,1,1,0),(59,18,'file-sample_150kB.pdf',1,1,1,0),(60,18,'file-sample_150kB.pdf',1,1,1,0),(61,18,'pdf-test.pdf',1,1,1,0),(62,18,'pdf-test.pdf',1,1,1,0),(63,18,'pdf-test.pdf',1,1,1,0),(64,18,'fdfd.pdf',1,1,1,0),(65,18,'pdf-test.pdf',1,1,1,0),(66,18,'1mb.pdf',1,1,1,0),(67,18,'1mb.pdf',1,1,1,0),(68,18,'pdf-test.pdf',1,1,1,0),(69,18,'fdfd.pdf',1,1,1,0),(70,18,'1mb.pdf',1,1,1,0),(71,18,'fdfd.pdf',1,1,1,0),(72,18,'1mb.pdf',1,1,1,0),(73,18,'fdfd.pdf',1,1,1,0),(74,18,'10MB-TESTFILE.ORG.pdf',1,1,1,0),(75,18,'2mb.pdf',1,1,1,0),(76,18,'2mb.pdf',1,1,1,0),(77,18,'_TestPdf_.pdf',1,1,1,0),(78,18,'2mb.pdf',1,1,1,0),(79,18,'_TestPdf_.pdf',1,1,1,0),(80,18,'_TestPdf_.pdf',1,1,1,0),(81,18,'GGWPPasere',1,1,1,0),(82,18,'Nume_Current',1,1,1,0),(83,18,'_v1743423144636.nume document',1,1,1,0),(84,18,'Get_Started_With_Smallpdf.pdf',1,1,1,0),(85,18,'_v1743423144636.nume document',1,1,1,0),(86,18,'260KB.pdf',1,1,1,0),(87,18,'_SmallPdf_Doc_.pdf',1,1,1,0),(88,18,'Get_Started_With_Smallpdf.pdf',1,1,1,0),(89,18,'350KB_v1742905403099_v1742907999348_v1742908889881.pdf',1,1,1,0),(90,18,'800KB_v1742905074572_v1742906540484_v1742906748330.pdf',1,1,1,0),(91,18,'350KB_v1742910458786_v1742911233149.pdf',1,1,1,0),(92,18,'PDF_TestPage_v1742913422882.pdf',1,1,1,0),(93,18,'_v1742980455956.NNOU',1,1,1,0),(94,18,'_SmallPdf_Doc__v1742989145460.pdf',1,1,1,0),(95,18,'STatistici_v1743173110409.pdf',1,1,1,0),(96,18,'260KB.pdf',1,1,1,0),(97,18,'800KB.pdf',1,1,1,0),(98,18,'260KB.pdf',1,1,1,0),(99,18,'Astazi_v1743415742424.pdf',1,1,1,0),(100,18,'260KB.pdf',1,1,1,0),(101,18,'sample_report.pdf',1,1,1,0),(102,18,'business_plan.pdf',1,1,1,0),(103,18,'john_report.pdf',1,1,1,0),(104,18,'shared_document.pdf',1,1,1,0),(105,18,'shared_document.pdf',1,1,1,0),(106,18,'hak.pdf',1,1,1,0),(107,18,'redaction_scientifique_.pdf',1,1,1,0),(108,18,'redaction_scientifique_.pdf',1,1,1,0),(109,18,'file-sample_150kB.pdf',1,1,1,0),(110,18,'file-sample_150kB.pdf',1,1,1,0),(111,18,'pdf-test.pdf',1,1,1,0),(112,18,'pdf-test.pdf',1,1,1,0),(113,18,'pdf-test.pdf',1,1,1,0),(114,18,'fdfd.pdf',1,1,1,0),(115,18,'pdf-test.pdf',1,1,1,0),(116,18,'1mb.pdf',1,1,1,0),(117,18,'1mb.pdf',1,1,1,0),(118,18,'pdf-test.pdf',1,1,1,0),(119,18,'fdfd.pdf',1,1,1,0),(120,18,'1mb.pdf',1,1,1,0),(121,18,'fdfd.pdf',1,1,1,0),(122,18,'1mb.pdf',1,1,1,0),(123,18,'fdfd.pdf',1,1,1,0),(124,18,'10MB-TESTFILE.ORG.pdf',1,1,1,0),(125,18,'2mb.pdf',1,1,1,0),(126,18,'2mb.pdf',1,1,1,0),(127,18,'_TestPdf_.pdf',1,1,1,0),(128,18,'2mb.pdf',1,1,1,0),(129,18,'_TestPdf_.pdf',1,1,1,0),(130,18,'_TestPdf_.pdf',1,1,1,0),(131,18,'GGWPPasere',1,1,1,0),(132,18,'Nume_Current',1,1,1,0),(133,18,'_v1743423144636.nume document',1,1,1,0),(134,18,'Get_Started_With_Smallpdf.pdf',1,1,1,0),(135,18,'_v1743423144636.nume document',1,1,1,0),(136,18,'260KB.pdf',1,1,1,0),(137,18,'_SmallPdf_Doc_.pdf',1,1,1,0),(138,18,'Get_Started_With_Smallpdf.pdf',1,1,1,0),(139,18,'350KB_v1742905403099_v1742907999348_v1742908889881.pdf',1,1,1,0),(140,18,'800KB_v1742905074572_v1742906540484_v1742906748330.pdf',1,1,1,0),(141,18,'350KB_v1742910458786_v1742911233149.pdf',1,1,1,0),(142,18,'PDF_TestPage_v1742913422882.pdf',1,1,1,0),(143,18,'_v1742980455956.NNOU',1,1,1,0),(144,18,'_SmallPdf_Doc__v1742989145460.pdf',1,1,1,0),(145,18,'STatistici_v1743173110409.pdf',1,1,1,0),(146,18,'260KB.pdf',1,1,1,0),(147,18,'800KB.pdf',1,1,1,0),(148,18,'260KB.pdf',1,1,1,0),(149,18,'Astazi_v1743415742424.pdf',1,1,1,0),(150,18,'260KB.pdf',1,1,1,0),(151,9,'sample_report.pdf',0,0,0,0),(152,9,'business_plan.pdf',0,0,0,0),(153,9,'john_report.pdf',0,0,0,0),(154,9,'shared_document.pdf',0,0,0,0),(155,9,'shared_document.pdf',0,0,0,0),(156,9,'hak.pdf',0,0,0,0),(157,9,'redaction_scientifique_.pdf',0,0,0,0),(158,9,'redaction_scientifique_.pdf',0,0,0,0),(159,9,'file-sample_150kB.pdf',0,0,0,0),(160,9,'file-sample_150kB.pdf',0,0,0,0),(161,9,'pdf-test.pdf',0,0,0,0),(162,9,'pdf-test.pdf',0,0,0,0),(163,9,'pdf-test.pdf',0,0,0,0),(164,9,'fdfd.pdf',0,0,0,0),(165,9,'pdf-test.pdf',0,0,0,0),(166,9,'1mb.pdf',0,0,0,0),(167,9,'1mb.pdf',0,0,0,0),(168,9,'pdf-test.pdf',0,0,0,0),(169,9,'fdfd.pdf',0,0,0,0),(170,9,'1mb.pdf',0,0,0,0),(171,9,'fdfd.pdf',0,0,0,0),(172,9,'1mb.pdf',0,0,0,0),(173,9,'fdfd.pdf',0,0,0,0),(174,9,'10MB-TESTFILE.ORG.pdf',0,0,0,0),(175,9,'2mb.pdf',0,0,0,0),(176,9,'2mb.pdf',0,0,0,0),(177,9,'_TestPdf_.pdf',0,0,0,0),(178,9,'2mb.pdf',0,0,0,0),(179,9,'_TestPdf_.pdf',0,0,0,0),(180,9,'_TestPdf_.pdf',0,0,0,0),(181,9,'GGWPPasere',0,0,0,0),(182,9,'Nume_Current',0,0,0,0),(183,9,'_v1743423144636.nume document',0,0,0,0),(184,9,'Get_Started_With_Smallpdf.pdf',0,0,0,0),(185,9,'_v1743423144636.nume document',0,0,0,0),(186,9,'260KB.pdf',0,0,0,0),(187,9,'_SmallPdf_Doc_.pdf',0,0,0,0),(188,9,'Get_Started_With_Smallpdf.pdf',0,0,0,0),(189,9,'350KB_v1742905403099_v1742907999348_v1742908889881.pdf',0,0,0,0),(190,9,'800KB_v1742905074572_v1742906540484_v1742906748330.pdf',0,0,0,0),(191,9,'350KB_v1742910458786_v1742911233149.pdf',0,0,0,0),(192,9,'PDF_TestPage_v1742913422882.pdf',0,0,0,0),(193,9,'_v1742980455956.NNOU',0,0,0,0),(194,9,'_SmallPdf_Doc__v1742989145460.pdf',0,0,0,0),(195,9,'STatistici_v1743173110409.pdf',0,0,0,0),(196,9,'260KB.pdf',0,0,0,0),(197,9,'800KB.pdf',0,0,0,0),(198,9,'260KB.pdf',0,0,0,0),(199,9,'Astazi_v1743415742424.pdf',0,0,0,0),(200,9,'260KB.pdf',0,0,0,0),(201,18,'sample_report.pdf',1,1,1,0),(202,18,'business_plan.pdf',1,1,1,0),(203,18,'john_report.pdf',1,1,1,0),(204,18,'shared_document.pdf',1,1,1,0),(205,18,'shared_document.pdf',1,1,1,0),(206,18,'hak.pdf',1,1,1,0),(207,18,'redaction_scientifique_.pdf',1,1,1,0),(208,18,'redaction_scientifique_.pdf',1,1,1,0),(209,18,'file-sample_150kB.pdf',1,1,1,0),(210,18,'file-sample_150kB.pdf',1,1,1,0),(211,18,'pdf-test.pdf',1,1,1,0),(212,18,'pdf-test.pdf',1,1,1,0),(213,18,'pdf-test.pdf',1,1,1,0),(214,18,'fdfd.pdf',1,1,1,0),(215,18,'pdf-test.pdf',1,1,1,0),(216,18,'1mb.pdf',1,1,1,0),(217,18,'1mb.pdf',1,1,1,0),(218,18,'pdf-test.pdf',1,1,1,0),(219,18,'fdfd.pdf',1,1,1,0),(220,18,'1mb.pdf',1,1,1,0),(221,18,'fdfd.pdf',1,1,1,0),(222,18,'1mb.pdf',1,1,1,0),(223,18,'fdfd.pdf',1,1,1,0),(224,18,'10MB-TESTFILE.ORG.pdf',1,1,1,0),(225,18,'2mb.pdf',1,1,1,0),(226,18,'2mb.pdf',1,1,1,0),(227,18,'_TestPdf_.pdf',1,1,1,0),(228,18,'2mb.pdf',1,1,1,0),(229,18,'_TestPdf_.pdf',1,1,1,0),(230,18,'_TestPdf_.pdf',1,1,1,0),(231,18,'GGWPPasere',1,1,1,0),(232,18,'Nume_Current',1,1,1,0),(233,18,'_v1743423144636.nume document',1,1,1,0),(234,18,'Get_Started_With_Smallpdf.pdf',1,1,1,0),(235,18,'_v1743423144636.nume document',1,1,1,0),(236,18,'260KB.pdf',1,1,1,0),(237,18,'_SmallPdf_Doc_.pdf',1,1,1,0),(238,18,'Get_Started_With_Smallpdf.pdf',1,1,1,0),(239,18,'350KB_v1742905403099_v1742907999348_v1742908889881.pdf',1,1,1,0),(240,18,'800KB_v1742905074572_v1742906540484_v1742906748330.pdf',1,1,1,0),(241,18,'350KB_v1742910458786_v1742911233149.pdf',1,1,1,0),(242,18,'PDF_TestPage_v1742913422882.pdf',1,1,1,0),(243,18,'_v1742980455956.NNOU',1,1,1,0),(244,18,'_SmallPdf_Doc__v1742989145460.pdf',1,1,1,0),(245,18,'STatistici_v1743173110409.pdf',1,1,1,0),(246,18,'260KB.pdf',1,1,1,0),(247,18,'800KB.pdf',1,1,1,0),(248,18,'260KB.pdf',1,1,1,0),(249,18,'Astazi_v1743415742424.pdf',1,1,1,0),(250,18,'260KB.pdf',1,1,1,0),(251,18,'AndreiPdf_v1743412879118.pdf',1,1,1,1),(252,6,'NewPDF_v1743415878434.pdf',1,1,1,1),(253,15,'sample_report.pdf',1,0,1,0),(254,15,'business_plan.pdf',1,0,1,0),(255,15,'john_report.pdf',1,0,1,0),(256,15,'shared_document.pdf',1,0,1,0),(257,15,'shared_document.pdf',1,0,1,0),(258,15,'hak.pdf',1,0,1,0),(259,15,'redaction_scientifique_.pdf',1,0,1,0),(260,15,'redaction_scientifique_.pdf',1,0,1,0),(261,15,'file-sample_150kB.pdf',1,0,1,0),(262,15,'file-sample_150kB.pdf',1,0,1,0),(263,15,'pdf-test.pdf',1,0,1,0),(264,15,'pdf-test.pdf',1,0,1,0),(265,15,'pdf-test.pdf',1,0,1,0),(266,15,'fdfd.pdf',1,0,1,0),(267,15,'pdf-test.pdf',1,0,1,0),(268,15,'1mb.pdf',1,0,1,0),(269,15,'1mb.pdf',1,0,1,0),(270,15,'pdf-test.pdf',1,0,1,0),(271,15,'fdfd.pdf',1,0,1,0),(272,15,'1mb.pdf',1,0,1,0),(273,15,'fdfd.pdf',1,0,1,0),(274,15,'1mb.pdf',1,0,1,0),(275,15,'fdfd.pdf',1,0,1,0),(276,15,'10MB-TESTFILE.ORG.pdf',1,0,1,0),(277,15,'2mb.pdf',1,0,1,0),(278,15,'2mb.pdf',1,0,1,0),(279,15,'_TestPdf_.pdf',1,0,1,0),(280,15,'2mb.pdf',1,0,1,0),(281,15,'_TestPdf_.pdf',1,0,1,0),(282,15,'_TestPdf_.pdf',1,0,1,0),(283,15,'GGWPPasere',1,0,1,0),(284,15,'Nume_Current',1,0,1,0),(285,15,'_v1743423144636.nume document',1,0,1,0),(286,15,'Get_Started_With_Smallpdf.pdf',1,0,1,0),(287,15,'_v1743423144636.nume document',1,0,1,0),(288,15,'260KB.pdf',1,0,1,0),(289,15,'_SmallPdf_Doc_.pdf',1,0,1,0),(290,15,'Get_Started_With_Smallpdf.pdf',1,0,1,0),(291,15,'350KB_v1742905403099_v1742907999348_v1742908889881.pdf',1,0,1,0),(292,15,'800KB_v1742905074572_v1742906540484_v1742906748330.pdf',1,0,1,0),(293,15,'350KB_v1742910458786_v1742911233149.pdf',1,0,1,0),(294,15,'PDF_TestPage_v1742913422882.pdf',1,0,1,0),(295,15,'_v1742980455956.NNOU',1,0,1,0),(296,15,'_SmallPdf_Doc__v1742989145460.pdf',1,0,1,0),(297,15,'STatistici_v1743173110409.pdf',1,0,1,0),(298,15,'260KB.pdf',1,0,1,0),(299,15,'800KB.pdf',1,0,1,0),(300,15,'260KB.pdf',1,0,1,0),(301,15,'Astazi_v1743415742424.pdf',1,0,1,0),(302,15,'260KB.pdf',1,0,1,0),(303,15,'AndreiPdf_v1743412879118.pdf',1,0,1,0),(304,15,'NewPDF_v1743415878434.pdf',1,0,1,0),(305,19,'sample_report.pdf',1,1,1,0),(306,19,'business_plan.pdf',1,1,1,0),(307,19,'john_report.pdf',1,1,1,0),(308,19,'shared_document.pdf',1,1,1,0),(309,19,'shared_document.pdf',1,1,1,0),(310,19,'hak.pdf',1,1,1,0),(311,19,'redaction_scientifique_.pdf',1,1,1,0),(312,19,'redaction_scientifique_.pdf',1,1,1,0),(313,19,'file-sample_150kB.pdf',1,1,1,0),(314,19,'file-sample_150kB.pdf',1,1,1,0),(315,19,'pdf-test.pdf',1,1,1,0),(316,19,'pdf-test.pdf',1,1,1,0),(317,19,'pdf-test.pdf',1,1,1,0),(318,19,'fdfd.pdf',1,1,1,0),(319,19,'pdf-test.pdf',1,1,1,0),(320,19,'1mb.pdf',1,1,1,0),(321,19,'1mb.pdf',1,1,1,0),(322,19,'pdf-test.pdf',1,1,1,0),(323,19,'fdfd.pdf',1,1,1,0),(324,19,'1mb.pdf',1,1,1,0),(325,19,'fdfd.pdf',1,1,1,0),(326,19,'1mb.pdf',1,1,1,0),(327,19,'fdfd.pdf',1,1,1,0),(328,19,'10MB-TESTFILE.ORG.pdf',1,1,1,0),(329,19,'2mb.pdf',1,1,1,0),(330,19,'2mb.pdf',1,1,1,0),(331,19,'_TestPdf_.pdf',1,1,1,0),(332,19,'2mb.pdf',1,1,1,0),(333,19,'_TestPdf_.pdf',1,1,1,0),(334,19,'_TestPdf_.pdf',1,1,1,0),(335,19,'GGWPPasere',1,1,1,0),(336,19,'Nume_Current',1,1,1,0),(337,19,'_v1743423144636.nume document',1,1,1,0),(338,19,'Get_Started_With_Smallpdf.pdf',1,1,1,0),(339,19,'_v1743423144636.nume document',1,1,1,0),(340,19,'260KB.pdf',1,1,1,0),(341,19,'_SmallPdf_Doc_.pdf',1,1,1,0),(342,19,'Get_Started_With_Smallpdf.pdf',1,1,1,0),(343,19,'350KB_v1742905403099_v1742907999348_v1742908889881.pdf',1,1,1,0),(344,19,'800KB_v1742905074572_v1742906540484_v1742906748330.pdf',1,1,1,0),(345,19,'350KB_v1742910458786_v1742911233149.pdf',1,1,1,0),(346,19,'PDF_TestPage_v1742913422882.pdf',1,1,1,0),(347,19,'_v1742980455956.NNOU',1,1,1,0),(348,19,'_SmallPdf_Doc__v1742989145460.pdf',1,1,1,0),(349,19,'STatistici_v1743173110409.pdf',1,1,1,0),(350,19,'260KB.pdf',1,1,1,0),(351,19,'800KB.pdf',1,1,1,0),(352,19,'260KB.pdf',1,1,1,0),(353,19,'Astazi_v1743415742424.pdf',1,1,1,0),(354,19,'260KB.pdf',1,1,1,0),(355,19,'AndreiPdf_v1743412879118.pdf',1,1,1,0),(356,19,'NewPDF_v1743415878434.pdf',1,1,1,0),(357,19,'_v1743423144636.nume document',1,1,1,1),(358,18,'_v1_archived.pdf',1,1,1,1),(359,18,'_v1743423144636.nume document',1,1,1,1),(360,18,'350KB_v1743423461553.pdf',1,1,1,1),(361,15,'sample_report.pdf',1,0,1,0),(362,15,'business_plan.pdf',1,0,1,0),(363,15,'john_report.pdf',1,0,1,0),(364,15,'shared_document.pdf',1,0,1,0),(365,15,'shared_document.pdf',1,0,1,0),(366,15,'hak.pdf',1,0,1,0),(367,15,'redaction_scientifique_.pdf',1,0,1,0),(368,15,'redaction_scientifique_.pdf',1,0,1,0),(369,15,'file-sample_150kB.pdf',1,0,1,0),(370,15,'file-sample_150kB.pdf',1,0,1,0),(371,15,'pdf-test.pdf',1,0,1,0),(372,15,'pdf-test.pdf',1,0,1,0),(373,15,'pdf-test.pdf',1,0,1,0),(374,15,'fdfd.pdf',1,0,1,0),(375,15,'pdf-test.pdf',1,0,1,0),(376,15,'1mb.pdf',1,0,1,0),(377,15,'1mb.pdf',1,0,1,0),(378,15,'pdf-test.pdf',1,0,1,0),(379,15,'fdfd.pdf',1,0,1,0),(380,15,'1mb.pdf',1,0,1,0),(381,15,'fdfd.pdf',1,0,1,0),(382,15,'1mb.pdf',1,0,1,0),(383,15,'fdfd.pdf',1,0,1,0),(384,15,'10MB-TESTFILE.ORG.pdf',1,0,1,0),(385,15,'2mb.pdf',1,0,1,0),(386,15,'2mb.pdf',1,0,1,0),(387,15,'_TestPdf_.pdf',1,0,1,0),(388,15,'2mb.pdf',1,0,1,0),(389,15,'_TestPdf_.pdf',1,0,1,0),(390,15,'_TestPdf_.pdf',1,0,1,0),(391,15,'GGWPPasere',1,0,1,0),(392,15,'Nume_Current',1,0,1,0),(393,15,'_v1743423144636.nume document',1,0,1,0),(394,15,'Get_Started_With_Smallpdf.pdf',1,0,1,0),(395,15,'_FFFF_.pdf',1,0,1,0),(396,15,'260KB.pdf',1,0,1,0),(397,15,'_SmallPdf_Doc_.pdf',1,0,1,0),(398,15,'Get_Started_With_Smallpdf.pdf',1,0,1,0),(399,15,'350KB_v1742905403099_v1742907999348_v1742908889881.pdf',1,0,1,0),(400,15,'800KB_v1742905074572_v1742906540484_v1742906748330.pdf',1,0,1,0),(401,15,'350KB_v1742910458786_v1742911233149.pdf',1,0,1,0),(402,15,'PDF_TestPage_v1742913422882.pdf',1,0,1,0),(403,15,'_v1742980455956.NNOU',1,0,1,0),(404,15,'_SmallPdf_Doc__v1742989145460.pdf',1,0,1,0),(405,15,'STatistici_v1743173110409.pdf',1,0,1,0),(406,15,'260KB.pdf',1,0,1,0),(407,15,'800KB.pdf',1,0,1,0),(408,15,'260KB.pdf',1,0,1,0),(409,15,'Astazi_v1743415742424.pdf',1,0,1,0),(410,15,'260KB.pdf',1,0,1,0),(411,15,'AndreiPdf_v1743412879118.pdf',1,0,1,0),(412,15,'NewPDF_v1743415878434.pdf',1,0,1,0),(413,15,'_FFFF_.pdf',1,0,1,0),(414,15,'_v13_restored.pdf',1,0,1,0),(415,15,'_FFFF_.pdf',1,0,1,0),(416,15,'_v3_restored.pdf',1,0,1,0),(417,15,'sample_report.pdf',0,0,0,0),(418,15,'business_plan.pdf',0,0,0,0),(419,15,'john_report.pdf',0,0,0,0),(420,15,'shared_document.pdf',0,0,0,0),(421,15,'shared_document.pdf',0,0,0,0),(422,15,'hak.pdf',0,0,0,0),(423,15,'redaction_scientifique_.pdf',0,0,0,0),(424,15,'redaction_scientifique_.pdf',0,0,0,0),(425,15,'file-sample_150kB.pdf',0,0,0,0),(426,15,'file-sample_150kB.pdf',0,0,0,0),(427,15,'pdf-test.pdf',0,0,0,0),(428,15,'pdf-test.pdf',0,0,0,0),(429,15,'pdf-test.pdf',0,0,0,0),(430,15,'fdfd.pdf',0,0,0,0),(431,15,'pdf-test.pdf',0,0,0,0),(432,15,'1mb.pdf',0,0,0,0),(433,15,'1mb.pdf',0,0,0,0),(434,15,'pdf-test.pdf',0,0,0,0),(435,15,'fdfd.pdf',0,0,0,0),(436,15,'1mb.pdf',0,0,0,0),(437,15,'fdfd.pdf',0,0,0,0),(438,15,'1mb.pdf',0,0,0,0),(439,15,'fdfd.pdf',0,0,0,0),(440,15,'10MB-TESTFILE.ORG.pdf',0,0,0,0),(441,15,'2mb.pdf',0,0,0,0),(442,15,'2mb.pdf',0,0,0,0),(443,15,'_TestPdf_.pdf',0,0,0,0),(444,15,'2mb.pdf',0,0,0,0),(445,15,'_TestPdf_.pdf',0,0,0,0),(446,15,'_TestPdf_.pdf',0,0,0,0),(447,15,'GGWPPasere',0,0,0,0),(448,15,'Nume_Current',0,0,0,0),(449,15,'_v1743423144636.nume document',0,0,0,0),(450,15,'Get_Started_With_Smallpdf.pdf',0,0,0,0),(451,15,'_FFFF_.pdf',0,0,0,0),(452,15,'260KB.pdf',0,0,0,0),(453,15,'_SmallPdf_Doc_.pdf',0,0,0,0),(454,15,'Get_Started_With_Smallpdf.pdf',0,0,0,0),(455,15,'350KB_v1742905403099_v1742907999348_v1742908889881.pdf',0,0,0,0),(456,15,'800KB_v1742905074572_v1742906540484_v1742906748330.pdf',0,0,0,0),(457,15,'350KB_v1742910458786_v1742911233149.pdf',0,0,0,0),(458,15,'PDF_TestPage_v1742913422882.pdf',0,0,0,0),(459,15,'_v1742980455956.NNOU',0,0,0,0),(460,15,'_SmallPdf_Doc__v1742989145460.pdf',0,0,0,0),(461,15,'STatistici_v1743173110409.pdf',0,0,0,0),(462,15,'260KB.pdf',0,0,0,0),(463,15,'800KB.pdf',0,0,0,0),(464,15,'260KB.pdf',0,0,0,0),(465,15,'Astazi_v1743415742424.pdf',0,0,0,0),(466,15,'260KB.pdf',0,0,0,0),(467,15,'AndreiPdf_v1743412879118.pdf',0,0,0,0),(468,15,'NewPDF_v1743415878434.pdf',0,0,0,0),(469,15,'_FFFF_.pdf',0,0,0,0),(470,15,'_v13_restored.pdf',0,0,0,0),(471,15,'_FFFF_.pdf',0,0,0,0),(472,15,'_v3_restored.pdf',0,0,0,0),(473,6,'350KB.pdf',1,1,1,1),(474,6,'350KB.pdf',1,1,1,1),(475,6,'350KB.pdf',1,1,1,1),(476,6,'350KB.pdf',1,1,1,1),(477,6,'350KB.pdf',1,1,1,1),(478,6,'2mb.pdf',1,1,1,1),(479,15,'sample_report.pdf',0,0,0,0),(480,15,'business_plan.pdf',0,0,0,0),(481,15,'john_report.pdf',0,0,0,0),(482,15,'shared_document.pdf',0,0,0,0),(483,15,'shared_document.pdf',0,0,0,0),(484,15,'hak.pdf',0,0,0,0),(485,15,'redaction_scientifique_.pdf',0,0,0,0),(486,15,'redaction_scientifique_.pdf',0,0,0,0),(487,15,'file-sample_150kB.pdf',0,0,0,0),(488,15,'file-sample_150kB.pdf',0,0,0,0),(489,15,'pdf-test.pdf',0,0,0,0),(490,15,'pdf-test.pdf',0,0,0,0),(491,15,'pdf-test.pdf',0,0,0,0),(492,15,'fdfd.pdf',0,0,0,0),(493,15,'pdf-test.pdf',0,0,0,0),(494,15,'1mb.pdf',0,0,0,0),(495,15,'1mb.pdf',0,0,0,0),(496,15,'pdf-test.pdf',0,0,0,0),(497,15,'fdfd.pdf',0,0,0,0),(498,15,'1mb.pdf',0,0,0,0),(499,15,'fdfd.pdf',0,0,0,0),(500,15,'1mb.pdf',0,0,0,0),(501,15,'fdfd.pdf',0,0,0,0),(502,15,'10MB-TESTFILE.ORG.pdf',0,0,0,0),(503,15,'2mb.pdf',0,0,0,0),(504,15,'2mb.pdf',0,0,0,0),(505,15,'_TestPdf_.pdf',0,0,0,0),(506,15,'2mb.pdf',0,0,0,0),(507,15,'_TestPdf_.pdf',0,0,0,0),(508,15,'_TestPdf_.pdf',0,0,0,0),(509,15,'GGWPPasere',0,0,0,0),(510,15,'Nume_Current',0,0,0,0),(511,15,'_v1743423144636.nume document',0,0,0,0),(512,15,'Get_Started_With_Smallpdf.pdf',0,0,0,0),(513,15,'_FFFF_.pdf',0,0,0,0),(514,15,'260KB.pdf',0,0,0,0),(515,15,'_SmallPdf_Doc_.pdf',0,0,0,0),(516,15,'Get_Started_With_Smallpdf.pdf',0,0,0,0),(517,15,'350KB_v1742905403099_v1742907999348_v1742908889881.pdf',0,0,0,0),(518,15,'800KB_v1742905074572_v1742906540484_v1742906748330.pdf',0,0,0,0),(519,15,'350KB_v1742910458786_v1742911233149.pdf',0,0,0,0),(520,15,'PDF_TestPage_v1742913422882.pdf',0,0,0,0),(521,15,'_v1742980455956.NNOU',0,0,0,0),(522,15,'_SmallPdf_Doc__v1742989145460.pdf',0,0,0,0),(523,15,'STatistici_v1743173110409.pdf',0,0,0,0),(524,15,'260KB.pdf',0,0,0,0),(525,15,'800KB.pdf',0,0,0,0),(526,15,'260KB.pdf',0,0,0,0),(527,15,'Astazi_v1743415742424.pdf',0,0,0,0),(528,15,'260KB.pdf',0,0,0,0),(529,15,'AndreiPdf_v1743412879118.pdf',0,0,0,0),(530,15,'NewPDF_v1743415878434.pdf',0,0,0,0),(531,15,'_FFFF_.pdf',0,0,0,0),(532,15,'_v13_restored.pdf',0,0,0,0),(533,15,'_FFFF_.pdf',0,0,0,0),(534,15,'_v3_restored.pdf',0,0,0,0),(535,15,'350KB.pdf',0,0,0,0),(536,15,'350KB.pdf',0,0,0,0),(537,15,'350KB.pdf',0,0,0,0),(538,15,'350KB.pdf',0,0,0,0),(539,15,'350KB.pdf',0,0,0,0),(540,15,'2mb.pdf',0,0,0,0),(541,15,'1mb.pdf',0,0,0,0),(542,15,'STATE.pdf',0,0,0,0),(543,15,'STATEss.pdf',0,0,0,0),(544,15,'STATELE.pdf',0,0,0,0),(545,15,'STATELE2.pdf',0,0,0,0),(546,15,'STATELE33.pdf',0,0,0,0),(547,15,'STATELE212.pdf',0,0,0,0),(548,15,'STAT2022.pdf',0,0,0,0),(549,15,'PdfNouNout.pdf',0,0,0,0),(550,15,'NUmededocuemetn.pdf',0,0,0,0),(551,15,'TestPDFToday.pdf',0,0,0,0),(552,15,'TESTFunc.pdf',0,0,0,0),(553,15,'Watermark.pdf',0,0,0,0),(554,15,'PDF_TestPage.pdf',0,0,0,0),(555,15,'sample_report.pdf',0,0,0,0),(556,15,'business_plan.pdf',0,0,0,0),(557,15,'john_report.pdf',0,0,0,0),(558,15,'shared_document.pdf',0,0,0,0),(559,15,'shared_document.pdf',0,0,0,0),(560,15,'hak.pdf',0,0,0,0),(561,15,'redaction_scientifique_.pdf',0,0,0,0),(562,15,'redaction_scientifique_.pdf',0,0,0,0),(563,15,'file-sample_150kB.pdf',0,0,0,0),(564,15,'file-sample_150kB.pdf',0,0,0,0),(565,15,'pdf-test.pdf',0,0,0,0),(566,15,'pdf-test.pdf',0,0,0,0),(567,15,'pdf-test.pdf',0,0,0,0),(568,15,'fdfd.pdf',0,0,0,0),(569,15,'pdf-test.pdf',0,0,0,0),(570,15,'1mb.pdf',0,0,0,0),(571,15,'1mb.pdf',0,0,0,0),(572,15,'pdf-test.pdf',0,0,0,0),(573,15,'fdfd.pdf',0,0,0,0),(574,15,'1mb.pdf',0,0,0,0),(575,15,'fdfd.pdf',0,0,0,0),(576,15,'1mb.pdf',0,0,0,0),(577,15,'fdfd.pdf',0,0,0,0),(578,15,'10MB-TESTFILE.ORG.pdf',0,0,0,0),(579,15,'2mb.pdf',0,0,0,0),(580,15,'2mb.pdf',0,0,0,0),(581,15,'_TestPdf_.pdf',0,0,0,0),(582,15,'2mb.pdf',0,0,0,0),(583,15,'_TestPdf_.pdf',0,0,0,0),(584,15,'_TestPdf_.pdf',0,0,0,0),(585,15,'GGWPPasere',0,0,0,0),(586,15,'Nume_Current',0,0,0,0),(587,15,'_v1743423144636.nume document',0,0,0,0),(588,15,'Get_Started_With_Smallpdf.pdf',0,0,0,0),(589,15,'_FFFF_.pdf',0,0,0,0),(590,15,'260KB.pdf',0,0,0,0),(591,15,'_SmallPdf_Doc_.pdf',0,0,0,0),(592,15,'Get_Started_With_Smallpdf.pdf',0,0,0,0),(593,15,'350KB_v1742905403099_v1742907999348_v1742908889881.pdf',0,0,0,0),(594,15,'800KB_v1742905074572_v1742906540484_v1742906748330.pdf',0,0,0,0),(595,15,'350KB_v1742910458786_v1742911233149.pdf',0,0,0,0),(596,15,'PDF_TestPage_v1742913422882.pdf',0,0,0,0),(597,15,'_v1742980455956.NNOU',0,0,0,0),(598,15,'_SmallPdf_Doc__v1742989145460.pdf',0,0,0,0),(599,15,'STatistici_v1743173110409.pdf',0,0,0,0),(600,15,'260KB.pdf',0,0,0,0),(601,15,'800KB.pdf',0,0,0,0),(602,15,'260KB.pdf',0,0,0,0),(603,15,'Astazi_v1743415742424.pdf',0,0,0,0),(604,15,'260KB.pdf',0,0,0,0),(605,15,'AndreiPdf_v1743412879118.pdf',0,0,0,0),(606,15,'NewPDF_v1743415878434.pdf',0,0,0,0),(607,15,'_FFFF_.pdf',0,0,0,0),(608,15,'_v13_restored.pdf',0,0,0,0),(609,15,'_FFFF_.pdf',0,0,0,0),(610,15,'_v3_restored.pdf',0,0,0,0),(611,15,'350KB.pdf',0,0,0,0),(612,15,'350KB.pdf',0,0,0,0),(613,15,'350KB.pdf',0,0,0,0),(614,15,'350KB.pdf',0,0,0,0),(615,15,'350KB.pdf',0,0,0,0),(616,15,'2mb.pdf',0,0,0,0),(617,15,'1mb.pdf',0,0,0,0),(618,15,'STATE.pdf',0,0,0,0),(619,15,'STATEss.pdf',0,0,0,0),(620,15,'STATELE.pdf',0,0,0,0),(621,15,'STATELE2.pdf',0,0,0,0),(622,15,'STATELE33.pdf',0,0,0,0),(623,15,'STATELE212.pdf',0,0,0,0),(624,15,'STAT2022.pdf',0,0,0,0),(625,15,'PdfNouNout.pdf',0,0,0,0),(626,15,'NUmededocuemetn.pdf',0,0,0,0),(627,15,'TestPDFToday.pdf',0,0,0,0),(628,15,'TESTFunc.pdf',0,0,0,0),(629,15,'Watermark.pdf',0,0,0,0),(630,15,'PDF_TestPage.pdf',0,0,0,0),(631,15,'loggg.pdf',0,0,0,0),(632,15,'Feonix.pdf',0,0,0,0),(633,15,'pdfmare.pdf',0,0,0,0),(634,15,'testmemorie.pdf',0,0,0,0),(635,15,'testmemoriemax.pdf',0,0,0,0),(636,15,'astamerge.pdf',0,0,0,0),(637,15,'sample_report.pdf',0,0,0,0),(638,15,'business_plan.pdf',0,0,0,0),(639,15,'john_report.pdf',0,0,0,0),(640,15,'shared_document.pdf',0,0,0,0),(641,15,'shared_document.pdf',0,0,0,0),(642,15,'hak.pdf',0,0,0,0),(643,15,'redaction_scientifique_.pdf',0,0,0,0),(644,15,'redaction_scientifique_.pdf',0,0,0,0),(645,15,'file-sample_150kB.pdf',0,0,0,0),(646,15,'file-sample_150kB.pdf',0,0,0,0),(647,15,'pdf-test.pdf',0,0,0,0),(648,15,'pdf-test.pdf',0,0,0,0),(649,15,'pdf-test.pdf',0,0,0,0),(650,15,'fdfd.pdf',0,0,0,0),(651,15,'pdf-test.pdf',0,0,0,0),(652,15,'1mb.pdf',0,0,0,0),(653,15,'1mb.pdf',0,0,0,0),(654,15,'pdf-test.pdf',0,0,0,0),(655,15,'fdfd.pdf',0,0,0,0),(656,15,'1mb.pdf',0,0,0,0),(657,15,'fdfd.pdf',0,0,0,0),(658,15,'1mb.pdf',0,0,0,0),(659,15,'fdfd.pdf',0,0,0,0),(660,15,'10MB-TESTFILE.ORG.pdf',0,0,0,0),(661,15,'2mb.pdf',0,0,0,0),(662,15,'2mb.pdf',0,0,0,0),(663,15,'_TestPdf_.pdf',0,0,0,0),(664,15,'2mb.pdf',0,0,0,0),(665,15,'_TestPdf_.pdf',0,0,0,0),(666,15,'_TestPdf_.pdf',0,0,0,0),(667,15,'GGWPPasere',0,0,0,0),(668,15,'Nume_Current',0,0,0,0),(669,15,'_v1743423144636.nume document',0,0,0,0),(670,15,'Get_Started_With_Smallpdf.pdf',0,0,0,0),(671,15,'_FFFF_.pdf',0,0,0,0),(672,15,'260KB.pdf',0,0,0,0),(673,15,'_SmallPdf_Doc_.pdf',0,0,0,0),(674,15,'Get_Started_With_Smallpdf.pdf',0,0,0,0),(675,15,'350KB_v1742905403099_v1742907999348_v1742908889881.pdf',0,0,0,0),(676,15,'800KB_v1742905074572_v1742906540484_v1742906748330.pdf',0,0,0,0),(677,15,'350KB_v1742910458786_v1742911233149.pdf',0,0,0,0),(678,15,'PDF_TestPage_v1742913422882.pdf',0,0,0,0),(679,15,'_v1742980455956.NNOU',0,0,0,0),(680,15,'_SmallPdf_Doc__v1742989145460.pdf',0,0,0,0),(681,15,'STatistici_v1743173110409.pdf',0,0,0,0),(682,15,'260KB.pdf',0,0,0,0),(683,15,'800KB.pdf',0,0,0,0),(684,15,'260KB.pdf',0,0,0,0),(685,15,'Astazi_v1743415742424.pdf',0,0,0,0),(686,15,'260KB.pdf',0,0,0,0),(687,15,'AndreiPdf_v1743412879118.pdf',0,0,0,0),(688,15,'NewPDF_v1743415878434.pdf',0,0,0,0),(689,15,'_FFFF_.pdf',0,0,0,0),(690,15,'_v13_restored.pdf',0,0,0,0),(691,15,'_FFFF_.pdf',0,0,0,0),(692,15,'_v3_restored.pdf',0,0,0,0),(693,15,'350KB.pdf',0,0,0,0),(694,15,'350KB.pdf',0,0,0,0),(695,15,'350KB.pdf',0,0,0,0),(696,15,'350KB.pdf',0,0,0,0),(697,15,'350KB.pdf',0,0,0,0),(698,15,'2mb.pdf',0,0,0,0),(699,15,'1mb.pdf',0,0,0,0),(700,15,'STATE.pdf',0,0,0,0),(701,15,'STATEss.pdf',0,0,0,0),(702,15,'STATELE.pdf',0,0,0,0),(703,15,'STATELE2.pdf',0,0,0,0),(704,15,'STATELE33.pdf',0,0,0,0),(705,15,'STATELE212.pdf',0,0,0,0),(706,15,'STAT2022.pdf',0,0,0,0),(707,15,'PdfNouNout.pdf',0,0,0,0),(708,15,'NUmededocuemetn.pdf',0,0,0,0),(709,15,'TestPDFToday.pdf',0,0,0,0),(710,15,'TESTFunc.pdf',0,0,0,0),(711,15,'Watermark.pdf',0,0,0,0),(712,15,'PDF_TestPage.pdf',0,0,0,0),(713,15,'loggg.pdf',0,0,0,0),(714,15,'Feonix.pdf',0,0,0,0),(715,15,'pdfmare.pdf',0,0,0,0),(716,15,'testmemorie.pdf',0,0,0,0),(717,15,'testmemoriemax.pdf',0,0,0,0),(718,15,'astamerge.pdf',0,0,0,0),(719,15,'Degeaba.pdf',0,0,0,0),(720,15,'ComunTest.pdf',0,0,0,0),(721,15,'Arhivam.pdf',0,0,0,0),(722,15,'testFILES.pdf',0,0,0,0),(723,15,'NumeDePoveste.pdf',0,0,0,0),(724,15,'NumeDeartej.pdf',0,0,0,0),(725,15,'TestezAici.pdf',0,0,0,0),(726,15,'TestezAiciIar.pdf',0,0,0,0),(727,15,'TestezAiciIarDraftSper.pdf',0,0,0,0),(728,15,'TestezDacaSeFaceDraft',0,0,0,0),(729,15,'Testezddd.pdf',0,0,0,0),(730,15,'TestDeUplld.pdf',0,0,0,0),(731,15,'TestDeUpload.pdf',0,0,0,0),(732,15,'TestDeUploadV22.pdf',0,0,0,0),(733,15,'TestDeUploadV23.pdf',0,0,0,0),(734,15,'TestDeUploadV212.pdf',0,0,0,0),(735,15,'TestDeUploadV2122.pdf',0,0,0,0),(736,15,'NuAMiDee.pdf',0,0,0,0),(737,15,'NuAMiDee22.pdf',0,0,0,0),(738,15,'NuAMiDee23332.pdf',0,0,0,0),(739,15,'NuAMiDee`nam.pdf',0,0,0,0),(740,15,'NuAMiDee`namm.pdf',0,0,0,0),(741,15,'AiciEsteCorectCRED.pdf',0,0,0,0),(742,15,'AiciEsteCorectCREDx2.pdf',0,0,0,0),(743,15,'ERoareAiciEsteBiness.pdf',0,0,0,0),(744,15,'HaiCaMergeAcumTeRog.pdf',0,0,0,0),(745,15,'Dubla22.pdf',0,0,0,0),(746,15,'Dubla23.pdf',0,0,0,0),(747,15,'Dubla25.pdf',0,0,0,0),(748,15,'Dubla26.pdf',0,0,0,0),(749,15,'Dubla233.pdf',0,0,0,0),(750,15,'TestWater.pdf',0,0,0,0),(751,15,'TestWater44.pdf',0,0,0,0),(752,15,'TestWater212.pdf',0,0,0,0),(753,15,'TestWaterTestare.pdf',0,0,0,0),(754,15,'testfacutacum.pdf',0,0,0,0),(755,15,'testtnuamnume.pdf',0,0,0,0),(756,15,'CevaNumeNOU.pdf',0,0,0,0),(757,15,'CevaNumeNOUx6.pdf',0,0,0,0),(758,15,'CevaNumeNOUx6Benzina.pdf',0,0,0,0),(759,15,'TeRogEU.pdf',0,0,0,0),(760,15,'TeRogEUX6.pdf',0,0,0,0),(761,15,'HaiACUm.pdf',0,0,0,0),(762,15,'HaiACUmPLS.pdf',0,0,0,0),(763,15,'AsaSperFac.pdf',0,0,0,0),(764,15,'acumfuncsper.pdf',0,0,0,0),(765,15,'aiciaparebine.pdf',0,0,0,0),(766,15,'AvemAici.pdf',0,0,0,0),(767,15,'AvemAiciIar.pdf',0,0,0,0),(768,15,'AvemAVEMACC.pdf',0,0,0,0),(769,15,'AvemMMMM.pdf',0,0,0,0),(770,15,'AvemIARSIIAR.pdf',0,0,0,0),(771,15,'AvemINUMAIAVEM.pdf',0,0,0,0),(772,15,'AvemNevoiedeasta.pdf',0,0,0,0),(773,15,'asadanu.pdf',0,0,0,0),(774,15,'AdevarSauProvocare.pdf',0,0,0,0),(775,15,'ADevaratAZI.pdf',0,0,0,0),(776,15,'ADevaratAZI.pdf',0,0,0,0),(777,15,'ACUMFunctioneaaz.pdf',0,0,0,0),(778,15,'Acele.pdf',0,0,0,0),(779,15,'AceleVerzi.pdf',0,0,0,0),(780,15,'AceleCCC.pdf',0,0,0,0),(781,15,'AceleVVV.pdf',0,0,0,0),(782,15,'aiciestop',0,0,0,0),(783,15,'AiciETEST',0,0,0,0),(784,15,'AcumETestValid.pdf',0,0,0,0),(785,15,'maimergesau.pdf',0,0,0,0),(786,15,'testaretarea.pdf',0,0,0,0),(787,15,'numaiedraf.pdf',0,0,0,0),(788,15,'AcuEDraft.pdf',0,0,0,0),(789,15,'MieOk?.pdf',0,0,0,0),(790,15,'DraftIar.pdf',0,0,0,0),(791,15,'sper.pdf',0,0,0,0),(792,15,'HaiDraft.pdf',0,0,0,0),(793,15,'spersafieok.pdf',0,0,0,0),(794,15,'haitest.pdf',0,0,0,0);
/*!40000 ALTER TABLE `table_previlege` ENABLE KEYS */;
UNLOCK TABLES;

--
-- Table structure for table `user`
--

DROP TABLE IF EXISTS `user`;
/*!40101 SET @saved_cs_client     = @@character_set_client */;
/*!50503 SET character_set_client = utf8mb4 */;
CREATE TABLE `user` (
  `id_user` int NOT NULL AUTO_INCREMENT,
  `prenom` varchar(50) DEFAULT NULL,
  `nom` varchar(50) DEFAULT NULL,
  `email` varchar(100) NOT NULL,
  `phone_number` varchar(20) DEFAULT NULL,
  `password` varchar(255) DEFAULT NULL,
  `diffuse` tinyint(1) DEFAULT '0',
  `upload` tinyint(1) DEFAULT '0',
  `download` tinyint(1) DEFAULT '0',
  `print` tinyint(1) DEFAULT '0',
  `roles` varchar(20) DEFAULT 'user',
  `accepted` tinyint(1) DEFAULT '0',
  `verified` tinyint(1) DEFAULT '0',
  `dropbox_token` varchar(255) DEFAULT NULL,
  `created_by` int DEFAULT NULL,
  `current_plan_id` int DEFAULT NULL,
  `institution_id` int DEFAULT NULL,
  PRIMARY KEY (`id_user`),
  UNIQUE KEY `email` (`email`),
  KEY `created_by` (`created_by`),
  KEY `current_plan_id` (`current_plan_id`),
  KEY `institution_id` (`institution_id`),
  CONSTRAINT `user_ibfk_1` FOREIGN KEY (`created_by`) REFERENCES `user` (`id_user`),
  CONSTRAINT `user_ibfk_2` FOREIGN KEY (`current_plan_id`) REFERENCES `plans` (`id`),
  CONSTRAINT `user_ibfk_3` FOREIGN KEY (`institution_id`) REFERENCES `institutions` (`id_institution`)
) ENGINE=InnoDB AUTO_INCREMENT=35 DEFAULT CHARSET=utf8mb4 COLLATE=utf8mb4_0900_ai_ci;
/*!40101 SET character_set_client = @saved_cs_client */;

--
-- Dumping data for table `user`
--

LOCK TABLES `user` WRITE;
/*!40000 ALTER TABLE `user` DISABLE KEYS */;
INSERT INTO `user` VALUES (1,'Admin','System','admin@example.com',NULL,'$2b$10$qqka0E2SE1vltY1WfhwBleZ0R9IGD7iHVSI2b84ZIMcPiSXki51z',1,1,1,1,'admin',1,1,NULL,20,1,NULL),(2,'test','test2','test2@gmail.com',NULL,'$2b$10$AzPXN0dFmDfe.YgwrepOa.ai2GksXyXtv45UkOK9nC//WRblZQ9Tm',1,1,0,1,'responsable',1,0,NULL,20,1,NULL),(4,'John','Doe','john@example.com',NULL,'b/GE9McQEPG',1,1,1,1,'user',1,1,NULL,20,1,NULL),(5,'Jane','Smith','jane@example.com',NULL,'b/GE9McQEPG',0,0,0,0,'user',0,1,NULL,20,1,NULL),(6,'John','Doe','john.doe@example.com',NULL,'$2b$10$6Zi5tfLoct.dvZrjr78OL.1uHan9T/cX2v1.cDmrtueWOmRgB8JSq',1,1,1,1,'user',1,1,NULL,20,2,3),(9,'dgfd','fdgdfgdfg','dfgdfg',NULL,'$2b$10$4a.pin8oy84CxE27jKljBeXrFvMcYUUybZEyl52bXjk./5uAGcVya',0,0,0,0,'user',0,1,NULL,20,1,NULL),(14,'Alex','Smith','alex.smith@example.com',NULL,'$2b$10$6Zi5tfLoct.dvZrjr78OL.1uHan9T/cX2v1.cDmrtueWOmRgB8JSq',1,1,1,1,'user',1,1,NULL,20,1,NULL),(15,'Maria','Garcia','maria.garcia@example.com',NULL,'$2b$10$6Zi5tfLoct.dvZrjr78OL.1uHan9T/cX2v1.cDmrtueWOmRgB8JSq',0,0,1,1,'responsable',1,1,NULL,20,1,NULL),(17,'System','Admin','admin2@example.com',NULL,'$2b$10$t2mah5/R2eA/UTJCBD2w/.26tkqwkNKo9N.e1Xwp6tO4HSGrn9.Ty',1,1,1,1,'admin',1,1,NULL,20,1,NULL),(18,'Andrei','Muncioiu','andrei@gmail.com',NULL,'$2b$10$MwLz/ChGgUDSs7aX6FlofuOUYjidZ8TVcfXydBz2hkM4RZJXBQidm',1,1,1,1,'user',1,1,NULL,20,1,NULL),(19,'pasere','alex','alex@gmail.com',NULL,'$2b$10$JciuKtaGhuWaHRKJuufHR.OWmmTaKlPSJTw8LibTLsMHk1fpt386i',1,1,1,1,'user',1,1,NULL,20,1,NULL),(20,'Super','Admin','superadmin@example.com',NULL,'$2b$10$QIfboQX5PgzWiQ1N/P2xTeA165N42pd1diCO9pJm/V/nh7fanFeSi',1,1,1,1,'superadmin',1,1,NULL,NULL,2,3),(21,'Nume','Noua','nouemail@gmail.com','0745256534','$2b$10$uZEekpdmwvBZuY8Qr9x9e.X0n5dkWsdZRroK86KTJ/byfqIBzlaFC',0,0,0,0,'user',1,1,NULL,20,1,NULL),(22,'Dorel','Ivan','ivanDoru@gmail.com','0754234452','$2b$10$VfhygFvHg1K0Ig8hV3AmGOGkbcqbbEr6fAwVIyEKebF97OFsnfehG',1,1,1,1,'user',1,1,NULL,20,1,NULL),(23,'Director','System','director@example.com',NULL,'$2b$10$S13vkVeEGIJuodVhL2y.EueIxKhxKnco3HK68TOZJgaLEPOsqpAri',1,1,1,1,'director',1,1,NULL,NULL,NULL,NULL),(24,'Dabuleni','ADdmin','admin.dabuleni@gmail.com','0734525423','$2b$10$Vzv1JGSlSccW4iPeVHunueanFq6NQDyiruqwCFfzF.hebr1RBSG9S',1,1,1,1,'superadmin',1,1,NULL,NULL,NULL,NULL),(25,'Raul','Rusescu','raulrusescu@gmail.com','0734342342','$2b$10$O1b.JK3ir2ooEu5sfOtoWuNF9tsTdwbfS0/r2wv7hcKyT0CU1bYpa',1,1,1,1,'user',1,1,NULL,20,2,3),(26,'Mihai','stoica','mihai.stoica@gmail.com','0743493942','$2b$10$SsMMwmTLB4qdldcipfETUuJ1MY4fePHl3mexOShzgPamUprPt0N9u',1,1,1,1,'user',1,1,NULL,NULL,2,3),(27,'Admin','Oarca','oarca.admin@gmail.com','0745423424','$2b$10$0TowP97LqERN1coHPRe03.iOZAYOmNhzvPeTeRk247wOsFGPQaUUC',1,1,1,1,'superadmin',1,1,NULL,NULL,1,4),(28,'Andrew','Crazy','andrew.ptc@gmail.com','0734254456','$2b$10$Cg7P8cn.S5FxGgV5fpzS6eyS9zps7eiBAA8CFkyARAg1KjJH.vtXC',1,1,1,1,'admin',1,1,NULL,23,NULL,4),(29,'Test','Memorie','testmemorie@gmail.com','0743432423','$2b$10$y5KS64ZYujHAZfZ1KqIBqeETx5ULZhTXoI2qnd3.O0U4Or4VOmSa6',1,1,1,1,'user',1,1,NULL,23,NULL,4),(30,'Popescu','Ion','popescu@bradesti.ro','0767390168','$2b$10$d56e1CAe.ktAFJbwtsPJWOgJl7gir/9MZtdecZ6tqIQS5K05TpgYe',1,1,1,1,'superadmin',1,1,NULL,NULL,1,5),(31,'SuperAdmin','OCR','ocrsuperadmin@gmail.com','0743456321','$2b$10$wUf51VLWEJA26f7YZGxVW.L/Jv60h2L0rugljmkPwbxa462mLxaAu',1,1,1,1,'superadmin',1,1,NULL,NULL,1,6),(32,'OCRDolj','Superadmin','ocrdoljsuperadmin@gmail.com','0767543567','$2b$10$0bwHplUV.3ZOrQzDBOxRAefdLEgLWXhkYLD5VgFagEBP2/46wztO.',1,1,1,1,'superadmin',1,1,NULL,NULL,NULL,7),(33,'Denis','Mitroi','mitroidenis@gmail.com','0745353457','$2b$10$E/zSaXHZ9u0iYSmL3.RLZuphRMTe2YJPbOewCOqC37MajXQ.HFRwS',1,1,1,1,'user',1,1,NULL,31,NULL,6),(34,'Test','USER','FFFF@example.com','0745454355','$2b$10$HkEK7WNZ0blZMpEKKLvg9uJdvR/PHwW8R1zCXbzO.bltap1SiWKjm',1,1,1,1,'user',1,1,NULL,31,NULL,6);
/*!40000 ALTER TABLE `user` ENABLE KEYS */;
UNLOCK TABLES;

--
-- Table structure for table `user_logs`
--

DROP TABLE IF EXISTS `user_logs`;
/*!40101 SET @saved_cs_client     = @@character_set_client */;
/*!50503 SET character_set_client = utf8mb4 */;
CREATE TABLE `user_logs` (
  `id` int NOT NULL AUTO_INCREMENT,
  `user_id` int NOT NULL,
  `action` varchar(255) NOT NULL,
  `details` text,
  `created_at` timestamp NULL DEFAULT CURRENT_TIMESTAMP,
  PRIMARY KEY (`id`),
  KEY `user_id` (`user_id`),
  CONSTRAINT `user_logs_ibfk_1` FOREIGN KEY (`user_id`) REFERENCES `user` (`id_user`)
) ENGINE=InnoDB AUTO_INCREMENT=674 DEFAULT CHARSET=utf8mb4 COLLATE=utf8mb4_0900_ai_ci;
/*!40101 SET character_set_client = @saved_cs_client */;

--
-- Dumping data for table `user_logs`
--

LOCK TABLES `user_logs` WRITE;
/*!40000 ALTER TABLE `user_logs` DISABLE KEYS */;
INSERT INTO `user_logs` VALUES (1,6,'UPLOAD_DOCUMENT','Uploaded document: PDF_TestPage.pdf','2025-04-04 06:12:19'),(2,6,'UPLOAD_DOCUMENT','Uploaded document: loggg.pdf','2025-04-04 06:28:54'),(3,6,'DOCUMENT_DOWNLOAD','{\"documentName\":\"loggg\",\"documentId\":79,\"action\":\"download\"}','2025-04-04 06:34:18'),(4,6,'Download Document','Downloaded document: loggg','2025-04-04 06:35:50'),(5,6,'Download Document','Downloaded document: PDF_TestPage','2025-04-04 06:35:50'),(6,6,'Download Document','Downloaded document: loggg','2025-04-04 06:43:34'),(7,19,'UPLOAD_DOCUMENT','Uploaded document: Feonix.pdf','2025-04-04 06:59:44'),(8,19,'Download Document','Downloaded document: Feonix','2025-04-04 06:59:53'),(9,6,'UPLOAD_DOCUMENT','Uploaded document: pdfmare.pdf','2025-04-04 08:00:35'),(10,6,'Download Document','Downloaded document: pdfmare','2025-04-04 08:16:14'),(11,6,'UPLOAD_DOCUMENT','Uploaded document: testmemorie.pdf','2025-04-04 08:34:21'),(12,6,'UPLOAD_DOCUMENT','Uploaded document: testmemoriemax.pdf','2025-04-04 08:44:48'),(13,6,'UPLOAD_DOCUMENT','Uploaded document: astamerge.pdf','2025-04-04 08:58:03'),(14,6,'Download Document','Downloaded document: testmemorie','2025-04-04 11:07:30'),(15,6,'Download Document','Downloaded document: astamerge','2025-04-04 12:21:29'),(16,6,'UPLOAD_DOCUMENT','Uploaded document: Degeaba.pdf','2025-04-04 12:26:06'),(17,6,'Download Document','Downloaded document: Degeaba','2025-04-04 12:26:18'),(18,6,'Download Document','Downloaded document: testmemorie','2025-04-04 13:11:25'),(19,6,'UPLOAD_DOCUMENT','Uploaded document: ComunTest.pdf','2025-04-04 13:12:23'),(20,6,'Download Document','Downloaded document: ComunTest','2025-04-04 13:12:58'),(21,6,'Download Document','Downloaded document: ComunTest','2025-04-04 13:24:53'),(22,6,'UPLOAD_DOCUMENT','Uploaded document: testpdfTFT.pdf','2025-04-07 06:30:13'),(23,6,'Download Document','Downloaded document: testpdfTFT','2025-04-07 06:30:20'),(24,6,'UPLOAD_DOCUMENT','Uploaded document: Arhivam.pdf','2025-04-07 07:26:03'),(25,6,'Download Document','Downloaded document: Arhivam','2025-04-07 07:29:14'),(26,6,'Download Document','Downloaded document: Arhivam','2025-04-07 07:45:25'),(27,6,'Download Document','Downloaded document: Arhivam','2025-04-07 07:49:25'),(28,6,'Download Document','Downloaded document: Arhivam','2025-04-07 07:50:39'),(29,6,'Download Document','Downloaded document: Arhivam','2025-04-07 07:53:16'),(30,6,'Download Document','Downloaded document: Arhivam','2025-04-07 07:53:44'),(31,6,'Download Document','Downloaded document: Arhivam','2025-04-07 07:55:43'),(32,6,'Download Document','Downloaded document: Arhivam','2025-04-07 07:57:11'),(33,6,'Download Document','Downloaded document: Arhivam','2025-04-07 07:58:54'),(34,6,'Download Document','Downloaded document: Arhivam','2025-04-07 08:02:24'),(35,6,'Download Document','Downloaded document: ComunTest.pdf','2025-04-07 08:04:33'),(36,6,'Download Document','Downloaded document: Arhivam','2025-04-07 08:04:37'),(37,6,'Download Document','Downloaded document: Arhivam','2025-04-07 08:07:13'),(38,6,'UPLOAD_DOCUMENT','Uploaded document: testFILES.pdf','2025-04-07 08:09:26'),(39,6,'Download Document','Downloaded document: testFILES','2025-04-07 08:09:36'),(40,6,'Download Document','Downloaded document: testFILES','2025-04-07 08:21:02'),(41,6,'Download Document','Downloaded document: testFILES','2025-04-07 08:21:23'),(42,6,'Download Document','Downloaded document: testFILES','2025-04-07 08:32:22'),(43,6,'Download Document','Downloaded document: testFILES','2025-04-07 08:34:29'),(44,6,'Download Document','Downloaded document: testFILES','2025-04-07 08:35:24'),(45,6,'Download Document','Downloaded document: testFILES','2025-04-07 08:39:48'),(46,6,'UPLOAD_DOCUMENT','Uploaded document: NumeDePoveste.pdf','2025-04-07 08:57:58'),(47,6,'UPLOAD_DOCUMENT','Uploaded document: NumeDeartej.pdf','2025-04-07 09:04:47'),(48,6,'Download Document','Downloaded document: NumeDeartej','2025-04-07 09:04:57'),(49,6,'UPLOAD_DOCUMENT','Uploaded document: TestezAici.pdf','2025-04-07 09:26:22'),(50,6,'Download Document','Downloaded document: TestezAici','2025-04-07 09:26:37'),(51,6,'UPLOAD_DOCUMENT','Uploaded document: TestezAiciIar.pdf','2025-04-07 09:49:15'),(52,6,'Download Document','Downloaded document: TestezAiciIar','2025-04-07 09:49:37'),(53,6,'Download Document','Downloaded document: TestezAiciIar','2025-04-07 09:57:22'),(54,6,'UPLOAD_DOCUMENT','Uploaded document: TestezAiciIarDraftSper.pdf','2025-04-07 11:21:48'),(55,6,'Download Document','Downloaded document: TestezAiciIarDraftSper','2025-04-07 11:22:01'),(56,6,'UPLOAD_DOCUMENT','Uploaded document: TestezDacaSeFaceDraft','2025-04-07 12:43:50'),(57,6,'Download Document','Downloaded document: TestezDacaSeFaceDraft','2025-04-07 12:44:32'),(58,6,'Download Document','Downloaded document: TestezDacaSeFaceDraft','2025-04-07 12:44:33'),(59,6,'Download Document','Downloaded document: TestezDacaSeFaceDraft','2025-04-07 12:44:34'),(60,6,'UPLOAD_DOCUMENT','Uploaded document: Testezddd.pdf','2025-04-07 12:45:07'),(61,6,'Download Document','Downloaded document: Testezddd','2025-04-07 12:45:14'),(62,6,'Download Document','Downloaded document: Testezddd','2025-04-07 12:45:15'),(63,6,'Download Document','Downloaded document: Testezddd','2025-04-07 12:45:16'),(64,6,'Download Document','Downloaded document: Testezddd','2025-04-07 12:45:17'),(65,6,'UPLOAD_DOCUMENT','Uploaded document: TestDeUplld.pdf','2025-04-07 12:49:12'),(66,6,'Download Document','Downloaded document: TestDeUplld','2025-04-07 12:49:35'),(67,6,'Download Document','Downloaded document: TestDeUplld','2025-04-07 12:49:36'),(68,6,'Download Document','Downloaded document: TestDeUplld','2025-04-07 12:49:38'),(69,6,'UPLOAD_DOCUMENT','Uploaded document: TestDeUpload.pdf','2025-04-07 12:54:03'),(70,6,'Download Document','Downloaded document: TestDeUpload','2025-04-07 12:54:28'),(71,6,'UPLOAD_DOCUMENT','Uploaded document: TestDeUploadV22.pdf','2025-04-07 12:57:20'),(72,6,'UPLOAD_DOCUMENT','Uploaded document: TestDeUploadV23.pdf','2025-04-07 13:00:18'),(73,6,'UPLOAD_DOCUMENT','Uploaded document: TestDeUploadV212.pdf','2025-04-07 13:03:25'),(74,6,'UPLOAD_DOCUMENT','Uploaded document: TestDeUploadV2122.pdf','2025-04-07 13:06:50'),(75,6,'UPLOAD_DOCUMENT','Uploaded document: NuAMiDee.pdf','2025-04-07 13:09:21'),(76,6,'UPLOAD_DOCUMENT','Uploaded document: NuAMiDee22.pdf','2025-04-07 13:13:59'),(77,6,'UPLOAD_DOCUMENT','Uploaded document: NuAMiDee23332.pdf','2025-04-07 13:16:18'),(78,6,'UPLOAD_DOCUMENT','Uploaded document: NuAMiDee`nam.pdf','2025-04-07 13:23:32'),(79,6,'UPLOAD_DOCUMENT','Uploaded document: NuAMiDee`namm.pdf','2025-04-07 13:25:59'),(80,6,'UPLOAD_DOCUMENT','Uploaded document: AiciEsteCorect.pdf','2025-04-07 13:27:43'),(81,6,'UPLOAD_DOCUMENT','Uploaded document: AiciEsteCorectCRED.pdf','2025-04-07 13:31:40'),(82,6,'UPLOAD_DOCUMENT','Uploaded document: AiciEsteCorectCREDx2.pdf','2025-04-07 13:34:35'),(83,6,'Download Document','Downloaded document: AiciEsteCorectCREDx2','2025-04-07 13:37:02'),(84,6,'UPLOAD_DOCUMENT','Uploaded document: AiciEsteBiness.pdf','2025-04-07 13:37:55'),(85,6,'UPLOAD_DOCUMENT','Uploaded document: ERoareAiciEsteBiness.pdf','2025-04-07 13:40:53'),(86,6,'Download Document','Downloaded document: ERoareAiciEsteBiness','2025-04-07 13:41:43'),(87,6,'UPLOAD_DOCUMENT','Uploaded document: HaiCaMergeAcumTeRog.pdf','2025-04-08 05:56:59'),(88,6,'UPLOAD_DOCUMENT','Uploaded document: Dubla22.pdf','2025-04-08 06:06:30'),(89,6,'Download Document','Downloaded document: HaiCaMergeAcumTeRog','2025-04-08 06:07:46'),(90,6,'Download Document','Downloaded document: Dubla22','2025-04-08 06:07:47'),(91,6,'Download Document','Downloaded document: Dubla22','2025-04-08 06:07:48'),(92,6,'UPLOAD_DOCUMENT','Uploaded document: Dubla23.pdf','2025-04-08 06:10:12'),(93,6,'UPLOAD_DOCUMENT','Uploaded document: Dubla25.pdf','2025-04-08 06:15:12'),(94,6,'UPLOAD_DOCUMENT','Uploaded document: Dubla26.pdf','2025-04-08 06:20:47'),(95,6,'Download Document','Downloaded document: Dubla26','2025-04-08 06:21:15'),(96,6,'UPLOAD_DOCUMENT','Uploaded document: Dubla233.pdf','2025-04-08 06:35:30'),(97,6,'Download Document','Downloaded document: Dubla233','2025-04-08 06:36:00'),(98,6,'UPLOAD_DOCUMENT','Uploaded document: TestWater.pdf','2025-04-08 06:37:26'),(99,6,'Download Document','Downloaded document: TestWater','2025-04-08 06:37:38'),(100,6,'UPLOAD_DOCUMENT','Uploaded document: TestWater44.pdf','2025-04-08 06:44:08'),(101,6,'Download Document','Downloaded document: TestWater44','2025-04-08 06:48:58'),(102,6,'UPLOAD_DOCUMENT','Uploaded document: TestWater212.pdf','2025-04-08 06:51:41'),(103,6,'Download Document','Downloaded document: TestWater212','2025-04-08 06:52:00'),(104,6,'UPLOAD_DOCUMENT','Uploaded document: TestWaterTestare.pdf','2025-04-08 07:12:48'),(105,6,'UPLOAD_DOCUMENT','Uploaded document: testdeupload2.pdf','2025-04-08 07:16:32'),(106,6,'UPLOAD_DOCUMENT','Uploaded document: testfacutacum.pdf','2025-04-08 07:28:13'),(107,6,'UPLOAD_DOCUMENT','Uploaded document: testtnuamnume.pdf','2025-04-08 07:34:30'),(108,6,'UPLOAD_DOCUMENT','Uploaded document: CevaNumeNOU.pdf','2025-04-08 07:37:02'),(109,6,'UPLOAD_DOCUMENT','Uploaded document: CevaNumeNOUx6.pdf','2025-04-08 07:39:42'),(110,6,'UPLOAD_DOCUMENT','Uploaded document: CevaNumeNOUx6Benzina.pdf','2025-04-08 07:42:56'),(111,6,'UPLOAD_DOCUMENT','Uploaded document: TeRogEU.pdf','2025-04-08 07:44:18'),(112,6,'UPLOAD_DOCUMENT','Uploaded document: TeRogEUX6.pdf','2025-04-08 07:46:56'),(113,6,'Download Document','Downloaded document: TeRogEUX6','2025-04-08 08:04:18'),(114,6,'UPLOAD_DOCUMENT','Uploaded document: HaiACUm.pdf','2025-04-08 08:15:21'),(115,6,'Download Document','Downloaded document: HaiACUm','2025-04-08 08:16:04'),(116,6,'UPLOAD_DOCUMENT','Uploaded document: HaiACUmPLS.pdf','2025-04-08 08:22:25'),(117,6,'UPLOAD_DOCUMENT','Uploaded document: AsaSperFac.pdf','2025-04-08 08:26:10'),(118,6,'UPLOAD_DOCUMENT','Uploaded document: acumfuncsper.pdf','2025-04-08 08:29:15'),(119,6,'UPLOAD_DOCUMENT','Uploaded document: aiciaparebine.pdf','2025-04-08 08:30:47'),(120,6,'Download Document','Downloaded document: AceleVerzi','2025-04-08 09:28:39'),(121,6,'UPLOAD_DOCUMENT','Uploaded document: AceleCCC.pdf','2025-04-08 09:30:22'),(122,6,'Download Document','Downloaded document: AcumETestValid','2025-04-08 10:20:14'),(123,6,'Download Document','Downloaded document: draftsper','2025-04-09 09:24:11'),(124,6,'Download Document','Downloaded document: draftsper','2025-04-09 09:31:37'),(125,6,'Download Document','Downloaded document: xxMB4','2025-04-09 09:31:37'),(126,6,'Download Document','Downloaded document: x222','2025-04-09 09:31:38'),(127,6,'Download Document','Downloaded document: hai sa facem','2025-04-09 09:32:57'),(128,6,'Download Document','Downloaded document: hai sa facem','2025-04-09 11:21:01'),(129,6,'Download Document','Downloaded document: hai sa facem','2025-04-09 11:21:02'),(130,6,'Download Document','Downloaded document: hai sa facem','2025-04-09 11:21:03'),(131,6,'Download Document','Downloaded document: CCCCC','2025-04-10 07:53:01'),(132,6,'Download Document','Downloaded document: CCCCC','2025-04-10 07:53:02'),(133,6,'Download Document','Downloaded document: CCCCC','2025-04-10 07:53:02'),(134,6,'Download Document','Downloaded document: CCCCC','2025-04-10 07:53:03'),(135,6,'Download Document','Downloaded document: CCCCC','2025-04-10 07:53:03'),(136,6,'Download Document','Downloaded document: CCCCC','2025-04-10 07:53:03'),(137,6,'Download Document','Downloaded document: CCCCC','2025-04-10 07:53:04'),(138,6,'Download Document','Downloaded document: CCCCC','2025-04-10 07:53:04'),(139,6,'Download Document','Downloaded document: CCCCC','2025-04-10 07:53:04'),(140,6,'Download Document','Downloaded document: CCCCC','2025-04-10 07:53:04'),(141,6,'Download Document','Downloaded document: CCCCC','2025-04-10 07:53:04'),(142,6,'Download Document','Downloaded document: docmentCount','2025-04-10 08:06:32'),(143,6,'Download Document','Downloaded document: docmentCount','2025-04-10 08:38:27'),(144,6,'Download Document','Downloaded document: docmentCount','2025-04-10 08:38:28'),(145,6,'Download Document','Downloaded document: docmentCount','2025-04-10 08:38:29'),(146,6,'Download Document','Downloaded document: docmentCount','2025-04-10 08:38:30'),(147,6,'Download Document','Downloaded document: docmentCount','2025-04-10 08:38:30'),(148,6,'Download Document','Downloaded document: docmentCount','2025-04-10 08:38:31'),(149,6,'Download Document','Downloaded document: docmentCount','2025-04-10 08:38:31'),(150,6,'Download Document','Downloaded document: docmentCount','2025-04-10 08:38:31'),(151,6,'Download Document','Downloaded document: docmentCount','2025-04-10 08:38:31'),(152,6,'Download Document','Downloaded document: docmentCount','2025-04-10 08:38:31'),(153,6,'Download Document','Downloaded document: docmentCount','2025-04-10 08:38:31'),(154,6,'Download Document','Downloaded document: CCCCC','2025-04-10 08:39:44'),(155,6,'Download Document','Downloaded document: CCCCC','2025-04-10 08:39:46'),(156,6,'Download Document','Downloaded document: CCCCC','2025-04-10 08:39:46'),(157,6,'Download Document','Downloaded document: CCCCC','2025-04-10 08:39:48'),(158,6,'Download Document','Downloaded document: CCCCC','2025-04-10 08:41:43'),(159,6,'Download Document','Downloaded document: CCCCC','2025-04-10 08:41:43'),(160,6,'Download Document','Downloaded document: CCCCC','2025-04-10 08:41:44'),(161,6,'Download Document','Downloaded document: CCCCC','2025-04-10 08:41:45'),(162,6,'Download Document','Downloaded document: docmentCount','2025-04-10 08:42:03'),(163,6,'Download Document','Downloaded document: docmentCount','2025-04-10 08:42:03'),(164,6,'Download Document','Downloaded document: docmentCount','2025-04-10 08:42:03'),(165,6,'Download Document','Downloaded document: docmentCount','2025-04-10 08:42:03'),(166,6,'Download Document','Downloaded document: docmentCount','2025-04-10 08:42:04'),(167,6,'Download Document','Downloaded document: docmentCount','2025-04-10 08:42:04'),(168,6,'Download Document','Downloaded document: docmentCount','2025-04-10 08:42:04'),(169,6,'Download Document','Downloaded document: docmentCount','2025-04-10 08:42:04'),(170,6,'Download Document','Downloaded document: docmentCount','2025-04-10 09:10:07'),(171,6,'Download Document','Downloaded document: tagprobleme','2025-04-10 09:16:11'),(172,6,'Download Document','Downloaded document: tagprobleme','2025-04-10 09:26:05'),(173,6,'Download Document','Downloaded document: tagprobleme','2025-04-10 09:26:06'),(174,6,'Download Document','Downloaded document: tagprobleme','2025-04-10 09:26:07'),(175,6,'Download Document','Downloaded document: tagprobleme','2025-04-10 09:26:08'),(176,6,'Download Document','Downloaded document: tagprobleme','2025-04-10 09:26:09'),(177,6,'Download Document','Downloaded document: tagprobleme','2025-04-10 09:26:09'),(178,6,'Download Document','Downloaded document: tagprobleme','2025-04-10 10:20:38'),(179,6,'Download Document','Downloaded document: oprncountacum','2025-04-10 10:26:09'),(180,6,'Download Document','Downloaded document: oprncountacum','2025-04-10 10:30:19'),(181,6,'Download Document','Downloaded document: oprncountacum','2025-04-10 10:55:18'),(182,6,'Download Document','Downloaded document: oprncountacum','2025-04-10 10:55:19'),(183,6,'Download Document','Downloaded document: oprncountacum','2025-04-10 10:55:19'),(184,6,'Download Document','Downloaded document: COUNTE~R','2025-04-10 10:56:11'),(185,6,'Download Document','Downloaded document: COUNTE~R','2025-04-10 10:56:12'),(186,6,'Download Document','Downloaded document: COUNTE~R','2025-04-10 10:56:12'),(187,6,'Download Document','Downloaded document: COnnect-r','2025-04-10 11:56:43'),(188,6,'Download Document','Downloaded document: COnnect-r','2025-04-10 11:56:43'),(189,6,'Download Document','Downloaded document: COnnect-r','2025-04-10 11:56:43'),(190,6,'Download Document','Downloaded document: Adaugat de mine','2025-04-10 13:41:07'),(191,6,'Download Document','Downloaded document: Adaugat de mine','2025-04-10 13:56:34'),(192,18,'Download Document','Downloaded document: PusDeMine','2025-04-11 06:55:22'),(193,6,'Download Document','Downloaded document: PDFDEMUTAT','2025-04-11 09:47:01'),(194,6,'Download Document','Downloaded document: PDFDEMUTAT','2025-04-11 09:47:02'),(195,6,'Download Document','Downloaded document: PDFDEMUTAT','2025-04-11 09:47:02'),(196,6,'Download Document','Downloaded document: PDFDEMUTAT','2025-04-11 09:47:02'),(197,6,'Download Document','Downloaded document: PDFDEMUTAT','2025-04-11 09:47:03'),(198,6,'Download Document','Downloaded document: PDFDEMUTAT','2025-04-11 09:47:03'),(199,6,'Download Document','Downloaded document: PDFDEMUTAT','2025-04-11 09:47:04'),(200,6,'Download Document','Downloaded document: cevanounou','2025-04-11 09:59:27'),(201,6,'Download Document','Downloaded document: DocumentSalvatsiUrmaeaza','2025-04-11 10:16:33'),(202,6,'Download Document','Downloaded document: DocumentSalvatsiUrmaeaza','2025-04-11 10:17:55'),(203,6,'Download Document','Downloaded document: DocumentSalvatsiUrmaeaza','2025-04-11 10:22:41'),(204,6,'Download Document','Downloaded document: DocumentSalvatsiUrmaeaza','2025-04-11 10:23:35'),(205,6,'Download Document','Downloaded document: OKFunc','2025-04-11 10:28:06'),(206,6,'Download Document','Downloaded document: OKFunc','2025-04-11 10:31:33'),(207,6,'Download Document','Downloaded document: cevainedit','2025-04-11 10:48:54'),(208,6,'Download Document','Downloaded document: Haiasa','2025-04-11 11:40:44'),(209,6,'Download Document','Downloaded document: Haiasa','2025-04-11 11:40:49'),(210,18,'Download Document','Downloaded document: pdfdettte','2025-04-14 08:42:49'),(211,18,'Download Document','Downloaded document: pdfdettte','2025-04-14 08:42:51'),(212,18,'Download Document','Downloaded document: pdfdettte','2025-04-14 08:42:51'),(213,6,'Download Document','Downloaded document: haisavedemacummm','2025-04-14 08:43:44'),(214,6,'Download Document','Downloaded document: haisavedemacummm','2025-04-14 08:43:44'),(215,6,'Download Document','Downloaded document: haisavedemacummm','2025-04-14 08:43:44'),(216,6,'Download Document','Downloaded document: haisavedemacummm','2025-04-14 08:43:45'),(217,6,'Download Document','Downloaded document: haisavedemacummm','2025-04-14 08:43:46'),(218,6,'Download Document','Downloaded document: haisavedemacummm','2025-04-14 12:10:10'),(219,6,'Download Document','Downloaded document: maimicsiareloc','2025-04-14 12:10:45'),(220,6,'Download Document','Downloaded document: haisavedemacummm','2025-04-14 12:13:04'),(221,6,'Download Document','Downloaded document: haisavedemacummm','2025-04-14 12:14:14'),(222,6,'Download Document','Downloaded document: haisavedemacummm','2025-04-14 12:16:31'),(223,6,'Download Document','Downloaded document: VersionamSiNoi','2025-04-14 12:26:22'),(224,6,'Download Document','Downloaded document: HAiSaFieVersiunea','2025-04-14 12:27:56'),(225,6,'Download Document','Downloaded document: HAiSaFieVersiunea','2025-04-14 12:30:13'),(226,6,'Download Document','Downloaded document: VersionamSiNoi','2025-04-14 12:30:26'),(227,6,'Download Document','Downloaded document: SCAC','2025-04-14 12:32:56'),(228,6,'Download Document','Downloaded document: SCAC','2025-04-14 12:32:57'),(229,6,'Download Document','Downloaded document: CEvaFinut','2025-04-14 13:37:39'),(230,6,'Download Document','Downloaded document: SuperChat','2025-04-14 13:45:52'),(231,6,'Download Document','Downloaded document: SuperChat','2025-04-14 13:45:52'),(232,6,'Download Document','Downloaded document: SuperChat','2025-04-14 13:45:52'),(233,6,'Download Document','Downloaded document: SuperChat','2025-04-14 13:45:52'),(234,6,'Download Document','Downloaded document: SuperChat','2025-04-14 13:45:53'),(235,6,'Download Document','Downloaded document: SuperChat','2025-04-14 13:45:53'),(236,6,'Download Document','Downloaded document: SuperChat','2025-04-14 13:45:53'),(237,6,'Download Document','Downloaded document: SuperChat','2025-04-14 13:45:53'),(238,6,'Download Document','Downloaded document: SuperChat','2025-04-14 13:45:53'),(239,6,'Download Document','Downloaded document: ComentariuSelect ','2025-04-14 13:45:58'),(240,6,'Download Document','Downloaded document: Farfe','2025-04-14 13:57:54'),(241,6,'Download Document','Downloaded document: Farfettt','2025-04-15 07:53:20'),(242,6,'Download Document','Downloaded document: Farfettt','2025-04-15 07:53:21'),(243,6,'Download Document','Downloaded document: Farfettt','2025-04-15 08:06:20'),(244,6,'Download Document','Downloaded document: TEstare','2025-04-15 08:13:16'),(245,6,'Download Document','Downloaded document: Farfettt','2025-04-15 08:13:22'),(246,6,'Download Document','Downloaded document: Farfettt','2025-04-15 08:13:40'),(247,6,'Download Document','Downloaded document: Farfettt','2025-04-15 08:15:06'),(248,6,'Download Document','Downloaded document: Farfettt','2025-04-15 08:15:06'),(249,6,'Download Document','Downloaded document: Farfettt','2025-04-15 08:15:06'),(250,6,'Download Document','Downloaded document: Farfettt','2025-04-15 08:15:07'),(251,6,'Download Document','Downloaded document: Farfettt','2025-04-15 08:25:09'),(252,6,'Download Document','Downloaded document: Haisa-lStergem.pdf','2025-04-15 12:23:50'),(253,18,'Download Document','Downloaded document: daadad','2025-04-15 13:09:28'),(254,6,'Download Document','Downloaded document: DRopDRop','2025-04-16 06:05:55'),(255,6,'Download Document','Downloaded document: DRopDRop','2025-04-16 06:05:57'),(256,6,'Download Document','Downloaded document: ASASAtotfie','2025-04-16 10:26:51'),(257,6,'Download Document','Downloaded document: haisiacum','2025-04-16 10:35:04'),(258,6,'Download Document','Downloaded document: tergosafieokkk','2025-04-16 12:06:35'),(259,6,'Download Document','Downloaded document: tergosafieokkk','2025-04-16 12:06:35'),(260,6,'Download Document','Downloaded document: tergosafieokkk','2025-04-16 12:06:35'),(261,19,'Download Document','Downloaded document: HAiASAHAiasa','2025-04-16 12:29:04'),(262,6,'Download Document','Downloaded document: BunsiUsor','2025-04-16 13:51:30'),(263,6,'Download Document','Downloaded document: BunsiUsor','2025-04-16 13:51:31'),(264,6,'Download Document','Downloaded document: BunsiUsor','2025-04-16 13:51:32'),(265,6,'Download Document','Downloaded document: BunsiUsor','2025-04-16 13:51:33'),(266,6,'Download Document','Downloaded document: BunsiUsor','2025-04-16 13:51:34'),(267,6,'Download Document','Downloaded document: MEkkko','2025-04-17 07:37:25'),(268,6,'Download Document','Downloaded document: MEkkko','2025-04-17 13:47:08'),(269,6,'Download Document','Downloaded document: PDFdeTestt','2025-04-22 06:36:05'),(270,17,'Download Document','Downloaded document: DummmyPDF','2025-04-22 11:23:46'),(271,6,'Download Document','Downloaded document: DummmyPDFx4','2025-04-22 11:26:01'),(272,18,'Download Document','Downloaded document: AceleVVVAndrei','2025-04-22 13:07:38'),(273,18,'Download Document','Downloaded document: AceleVVVAndrei','2025-04-22 13:07:39'),(274,18,'Download Document','Downloaded document: AceleVVVAndrei','2025-04-22 13:07:39'),(275,18,'Download Document','Downloaded document: AceleVVVAndrei','2025-04-22 13:07:40'),(276,18,'Download Document','Downloaded document: AceleVVVAndrei','2025-04-22 13:07:40'),(277,18,'Download Document','Downloaded document: AceleVVVAndrei','2025-04-22 13:07:40'),(278,6,'Download Document','Downloaded document: AceleVSSS','2025-04-23 05:42:59'),(279,6,'Download Document','Downloaded document: AceleVSSS','2025-04-23 05:43:00'),(280,6,'Download Document','Downloaded document: AceleVSSS','2025-04-23 05:43:01'),(281,6,'Download Document','Downloaded document: ggggggggggggggggggggggggggg.   gggg g gg g ggg g g g g g g g g','2025-04-23 05:44:55'),(282,6,'Download Document','Downloaded document: ggggggggggggggggggggggggggg.   gggg g gg g ggg g g g g g g g g','2025-04-23 05:44:55'),(283,6,'Download Document','Downloaded document: ggggggggggggggggggggggggggg.   gggg g gg g ggg g g g g g g g g','2025-04-23 05:44:56'),(284,6,'Download Document','Downloaded document: ggggggggggggggggggggggggggg.   gggg g gg g ggg g g g g g g g g','2025-04-23 05:44:56'),(285,6,'Download Document','Downloaded document: ggggggggggggggggggggggggggg.   gggg g gg g ggg g g g g g g g g','2025-04-23 05:44:57'),(286,6,'Download Document','Downloaded document: AceleVSSS','2025-04-23 07:17:44'),(287,6,'Download Document','Downloaded document: AceleVSSS','2025-04-23 07:17:47'),(288,6,'Download Document','Downloaded document: AceleVSSS','2025-04-23 07:17:48'),(289,6,'Download Document','Downloaded document: MEkkko.pdf','2025-04-23 07:34:26'),(290,6,'Download Document','Downloaded document: MEkkko.pdf','2025-04-23 07:34:26'),(291,6,'Download Document','Downloaded document: Farfettt','2025-04-23 07:35:15'),(292,6,'Download Document','Downloaded document: Farfettt','2025-04-23 07:35:15'),(293,22,'Download Document','Downloaded document: DorulPDF','2025-04-23 11:43:37'),(294,6,'Download Document','Downloaded document: ggggggggggggggggggggggggggg.   gggg g gg g ggg g g g g g g g g','2025-04-24 06:54:40'),(295,6,'Download Document','Downloaded document: ggggggggggggggggggggggggggg.   gggg g gg g ggg g g g g g g g g','2025-04-24 07:31:30'),(296,6,'Download Document','Downloaded document: ggggggggggggggggggggggggggg.   gggg g gg g ggg g g g g g g g g','2025-04-24 07:31:31'),(297,6,'Download Document','Downloaded document: ggggggggggggggggggggggggggg.   gggg g gg g ggg g g g g g g g g','2025-04-24 07:31:38'),(298,6,'Download Document','Downloaded document: ggggggggggggggggggggggggggg.   gggg g gg g ggg g g g g g g g g','2025-04-24 07:35:36'),(299,6,'Download Document','Downloaded document: AceleVSSS','2025-04-24 07:35:42'),(300,6,'Download Document','Downloaded document: TEstare','2025-04-24 07:35:52'),(301,6,'Download Document','Downloaded document: AceleVSSS','2025-04-24 07:36:02'),(302,6,'Download Document','Downloaded document: DummmyPDFx4','2025-04-24 07:36:07'),(303,6,'Download Document','Downloaded document: MEkkko.pdf','2025-04-24 07:37:00'),(304,6,'Download Document','Downloaded document: ggggggggggggggggggggggggggg.   gggg g gg g ggg g g g g g g g g','2025-04-24 07:38:13'),(305,6,'Download Document','Downloaded document: ggggggggggggggggggggggggggg.   gggg g gg g ggg g g g g g g g g','2025-04-24 07:38:49'),(306,6,'Download Document','Downloaded document: ggggggggggggggggggggggggggg.   gggg g gg g ggg g g g g g g g g','2025-04-24 07:43:19'),(307,6,'Download Document','Downloaded document: ggggggggggggggggggggggggggg.   gggg g gg g ggg g g g g g g g g','2025-04-24 07:43:19'),(308,6,'Download Document','Downloaded document: ggggggggggggggggggggggggggg.   gggg g gg g ggg g g g g g g g g','2025-04-24 07:43:21'),(309,6,'Download Document','Downloaded document: ggggggggggggggggggggggggggg.   gggg g gg g ggg g g g g g g g g','2025-04-24 07:49:01'),(310,6,'Download Document','Downloaded document: ggggggggggggggggggggggggggg.   gggg g gg g ggg g g g g g g g g','2025-04-24 07:49:01'),(311,6,'Download Document','Downloaded document: ggggggggggggggggggggggggggg.   gggg g gg g ggg g g g g g g g g','2025-04-24 07:52:22'),(312,6,'Download Document','Downloaded document: JonCena','2025-04-24 08:00:17'),(313,6,'Download Document','Downloaded document: JonCena','2025-04-24 08:00:23'),(314,6,'Download Document','Downloaded document: JonCena','2025-04-24 08:00:26'),(315,6,'Download Document','Downloaded document: ggggggggggggggggggggggggggg.   gggg g gg g ggg g g g g g g g g','2025-04-24 08:05:20'),(316,6,'Download Document','Downloaded document: ggggggggggggggggggggggggggg.   gggg g gg g ggg g g g g g g g g','2025-04-24 08:05:21'),(317,6,'Download Document','Downloaded document: ggggggggggggggggggggggggggg.   gggg g gg g ggg g g g g g g g g','2025-04-24 08:05:37'),(318,6,'Download Document','Downloaded document: ggggggggggggggggggggggggggg.   gggg g gg g ggg g g g g g g g g','2025-04-24 08:05:39'),(319,6,'Download Document','Downloaded document: JonCena','2025-04-24 08:11:14'),(320,6,'Download Document','Downloaded document: JonCena','2025-04-24 08:11:16'),(321,6,'Download Document','Downloaded document: JonCena','2025-04-24 08:19:38'),(322,6,'Download Document','Downloaded document: JonCena','2025-04-24 08:25:19'),(323,6,'Download Document','Downloaded document: JonCena','2025-04-24 08:25:31'),(324,6,'Download Document','Downloaded document: JonCena','2025-04-24 08:33:25'),(325,6,'Download Document','Downloaded document: JonCena','2025-04-24 08:33:41'),(326,6,'Download Document','Downloaded document: JonCena','2025-04-24 08:34:09'),(327,6,'Download Document','Downloaded document: JonCena','2025-04-24 08:34:19'),(328,6,'Download Document','Downloaded document: JonCena','2025-04-24 08:37:56'),(329,6,'Download Document','Downloaded document: JonCena','2025-04-24 08:38:28'),(330,6,'Download Document','Downloaded document: JonCena','2025-04-24 08:40:58'),(331,6,'Download Document','Downloaded document: JonCena','2025-04-24 08:44:35'),(332,6,'Download Document','Downloaded document: JonCena','2025-04-24 08:44:49'),(333,6,'Download Document','Downloaded document: JonCena','2025-04-24 08:49:48'),(334,6,'Download Document','Downloaded document: JonCena','2025-04-24 08:50:08'),(335,6,'Download Document','Downloaded document: JonCena','2025-04-24 08:50:35'),(336,6,'Download Document','Downloaded document: JonCena','2025-04-24 09:25:50'),(337,6,'Download Document','Downloaded document: JonCena','2025-04-24 09:26:29'),(338,6,'Download Document','Downloaded document: JonCena','2025-04-24 09:30:11'),(339,6,'Download Document','Downloaded document: JonCena','2025-04-24 09:33:23'),(340,6,'Download Document','Downloaded document: JonCena','2025-04-24 09:37:24'),(341,6,'Download Document','Downloaded document: ggggggggggggggggggggggggggg.   gggg g gg g ggg g g g g g g g g','2025-04-24 09:51:57'),(342,6,'Download Document','Downloaded document: ggggggggggggggggggggggggggg.   gggg g gg g ggg g g g g g g g g','2025-04-24 09:52:00'),(343,6,'Download Document','Downloaded document: MEkkko.pdf','2025-04-24 09:54:54'),(344,6,'Download Document','Downloaded document: RomaEmpire','2025-04-24 09:55:51'),(345,6,'Download Document','Downloaded document: RomaEmpire','2025-04-24 09:55:54'),(346,6,'Download Document','Downloaded document: RomaEmpire','2025-04-24 09:56:37'),(347,6,'Download Document','Downloaded document: RomaEmpire','2025-04-24 10:05:26'),(348,6,'Download Document','Downloaded document: RomaEmpire','2025-04-24 10:05:30'),(349,6,'Download Document','Downloaded document: RomaEmpire','2025-04-24 10:17:53'),(350,6,'Download Document','Downloaded document: RomaEmpire','2025-04-24 10:18:05'),(351,6,'Download Document','Downloaded document: RomaEmpire','2025-04-24 10:24:39'),(352,6,'Download Document','Downloaded document: RomaEmpire','2025-04-24 10:58:06'),(353,6,'Download Document','Downloaded document: RomaEmpire','2025-04-24 10:58:21'),(354,6,'Download Document','Downloaded document: RomaEmpire','2025-04-24 11:00:53'),(355,6,'Download Document','Downloaded document: RomaEmpire','2025-04-24 11:05:20'),(356,6,'Download Document','Downloaded document: RomaEmpire','2025-04-24 11:10:30'),(357,6,'Download Document','Downloaded document: RomaEmpire','2025-04-24 11:10:53'),(358,6,'Download Document','Downloaded document: RomaEmpire','2025-04-24 11:17:06'),(359,6,'Download Document','Downloaded document: RomaEmpire','2025-04-24 11:17:23'),(360,6,'Download Document','Downloaded document: RomaEmpire','2025-04-24 11:17:35'),(361,6,'Download Document','Downloaded document: RomaEmpire','2025-04-24 11:20:45'),(362,6,'Download Document','Downloaded document: RomaEmpire','2025-04-24 11:24:50'),(363,6,'Download Document','Downloaded document: RomaEmpire','2025-04-24 11:24:56'),(364,6,'Download Document','Downloaded document: RomaEmpire','2025-04-24 11:25:18'),(365,6,'Download Document','Downloaded document: RomaEmpire','2025-04-24 11:25:29'),(366,6,'Download Document','Downloaded document: RomaEmpire','2025-04-24 11:28:58'),(367,6,'Download Document','Downloaded document: RomaEmpire','2025-04-24 11:29:14'),(368,6,'Download Document','Downloaded document: RomaEmpire','2025-04-24 11:31:12'),(369,6,'Download Document','Downloaded document: RomaEmpire','2025-04-24 11:31:27'),(370,6,'Download Document','Downloaded document: RomaEmpire','2025-04-24 11:32:24'),(371,6,'Download Document','Downloaded document: RomaEmpire','2025-04-24 11:32:57'),(372,6,'Download Document','Downloaded document: RomaEmpire','2025-04-24 11:34:50'),(373,6,'Download Document','Downloaded document: RomaEmpire','2025-04-24 11:35:52'),(374,6,'Download Document','Downloaded document: RomaEmpire','2025-04-24 11:37:51'),(375,6,'Download Document','Downloaded document: RomaEmpire','2025-04-24 11:38:06'),(376,6,'Download Document','Downloaded document: RomaEmpire','2025-04-24 11:38:29'),(377,6,'Download Document','Downloaded document: RomaEmpire','2025-04-24 11:39:19'),(378,6,'Download Document','Downloaded document: RomaEmpire','2025-04-24 11:43:35'),(379,6,'Download Document','Downloaded document: RomaEmpire','2025-04-24 11:45:39'),(380,6,'Download Document','Downloaded document: RomaEmpire','2025-04-24 11:49:42'),(381,6,'Download Document','Downloaded document: RomaEmpire','2025-04-24 11:50:55'),(382,6,'Download Document','Downloaded document: RomaEmpire','2025-04-24 11:50:59'),(383,6,'Download Document','Downloaded document: RomaEmpire','2025-04-24 11:51:14'),(384,6,'Download Document','Downloaded document: RomaEmpire','2025-04-24 11:53:54'),(385,6,'Download Document','Downloaded document: RomaEmpire','2025-04-24 11:55:03'),(386,6,'Download Document','Downloaded document: RomaEmpire','2025-04-24 11:55:54'),(387,6,'Download Document','Downloaded document: RomaEmpire','2025-04-24 11:56:03'),(388,6,'Download Document','Downloaded document: RomaEmpire','2025-04-24 11:57:38'),(389,6,'Download Document','Downloaded document: RomaEmpire','2025-04-24 11:59:23'),(390,6,'Download Document','Downloaded document: RomaEmpire','2025-04-24 12:00:29'),(391,6,'Download Document','Downloaded document: RomaEmpire','2025-04-24 12:01:41'),(392,6,'Download Document','Downloaded document: RomaEmpire','2025-04-24 12:03:00'),(393,6,'Download Document','Downloaded document: RomaEmpire','2025-04-24 12:03:24'),(394,6,'Download Document','Downloaded document: RomaEmpire','2025-04-24 12:04:39'),(395,6,'Download Document','Downloaded document: RomaEmpire','2025-04-24 12:05:02'),(396,6,'Download Document','Downloaded document: RomaEmpire','2025-04-24 12:06:19'),(397,6,'Download Document','Downloaded document: RomaEmpire','2025-04-24 12:07:42'),(398,6,'Download Document','Downloaded document: RomaEmpire','2025-04-24 12:09:02'),(399,6,'Download Document','Downloaded document: RomaEmpire','2025-04-24 12:11:20'),(400,6,'Download Document','Downloaded document: RomaEmpire','2025-04-24 12:12:24'),(401,6,'Download Document','Downloaded document: RomaEmpire','2025-04-24 12:13:54'),(402,6,'Download Document','Downloaded document: RomaEmpire','2025-04-24 12:14:11'),(403,6,'Download Document','Downloaded document: RomaEmpire','2025-04-24 12:14:56'),(404,6,'Download Document','Downloaded document: RomaEmpire','2025-04-24 12:15:36'),(405,6,'Download Document','Downloaded document: RomaEmpire','2025-04-24 12:17:44'),(406,6,'Download Document','Downloaded document: RomaEmpire','2025-04-24 12:18:02'),(407,6,'Download Document','Downloaded document: RomaEmpire','2025-04-24 12:20:11'),(408,6,'Download Document','Downloaded document: RomaEmpire','2025-04-24 12:20:26'),(409,6,'Download Document','Downloaded document: RomaEmpire','2025-04-24 12:20:46'),(410,6,'Download Document','Downloaded document: RomaEmpire','2025-04-24 12:22:09'),(411,6,'Download Document','Downloaded document: RomaEmpire','2025-04-24 12:22:19'),(412,6,'Download Document','Downloaded document: RomaEmpire','2025-04-24 12:22:23'),(413,6,'Download Document','Downloaded document: RomaEmpire','2025-04-24 12:24:25'),(414,6,'Download Document','Downloaded document: RomaEmpire','2025-04-24 12:24:32'),(415,6,'Download Document','Downloaded document: RomaEmpire','2025-04-24 12:27:19'),(416,6,'Download Document','Downloaded document: RomaEmpire','2025-04-24 12:27:31'),(417,6,'Download Document','Downloaded document: RomaEmpire','2025-04-24 12:27:41'),(418,6,'Download Document','Downloaded document: RomaEmpire','2025-04-24 12:27:55'),(419,6,'Download Document','Downloaded document: RomaEmpire','2025-04-24 12:30:22'),(420,6,'Download Document','Downloaded document: RomaEmpire','2025-04-24 12:31:09'),(421,6,'Download Document','Downloaded document: RomaEmpire','2025-04-24 12:41:57'),(422,6,'Download Document','Downloaded document: RomaEmpire','2025-04-24 12:42:08'),(423,6,'Download Document','Downloaded document: RomaEmpire','2025-04-24 12:42:17'),(424,6,'Download Document','Downloaded document: RomaEmpire','2025-04-24 12:42:37'),(425,6,'Download Document','Downloaded document: RomaEmpire','2025-04-24 12:46:09'),(426,6,'Download Document','Downloaded document: RomaEmpire','2025-04-24 12:46:22'),(427,6,'Download Document','Downloaded document: RomaEmpire','2025-04-24 12:46:30'),(428,6,'Download Document','Downloaded document: RomaEmpire','2025-04-24 12:48:09'),(429,6,'Download Document','Downloaded document: RomaEmpire','2025-04-24 12:48:27'),(430,6,'Download Document','Downloaded document: RomaEmpire','2025-04-24 12:48:38'),(431,6,'Download Document','Downloaded document: RomaEmpire','2025-04-24 12:48:55'),(432,6,'Download Document','Downloaded document: RomaEmpire','2025-04-24 12:49:03'),(433,6,'Download Document','Downloaded document: RomaEmpire','2025-04-24 12:49:07'),(434,6,'Download Document','Downloaded document: RomaEmpire','2025-04-24 12:49:11'),(435,6,'Download Document','Downloaded document: RomaEmpire','2025-04-24 12:50:05'),(436,6,'Download Document','Downloaded document: RomaEmpire','2025-04-24 12:50:13'),(437,6,'Download Document','Downloaded document: RomaEmpire','2025-04-24 12:50:16'),(438,6,'Download Document','Downloaded document: RomaEmpire','2025-04-24 12:53:30'),(439,6,'Download Document','Downloaded document: RomaEmpire','2025-04-24 12:53:35'),(440,6,'Download Document','Downloaded document: AppleJuice','2025-04-24 12:56:48'),(441,6,'Download Document','Downloaded document: AppleJuice','2025-04-24 12:56:58'),(442,6,'Download Document','Downloaded document: AppleJuice','2025-04-24 12:57:01'),(443,6,'Download Document','Downloaded document: AppleJuice','2025-04-24 12:57:19'),(444,6,'Download Document','Downloaded document: AppleJuice','2025-04-24 12:57:29'),(445,6,'Download Document','Downloaded document: AppleJuice','2025-04-24 12:57:35'),(446,6,'Download Document','Downloaded document: AppleJuice','2025-04-24 12:57:42'),(447,6,'Download Document','Downloaded document: RomaEmpire','2025-04-24 12:57:45'),(448,6,'Download Document','Downloaded document: RomaEmpire','2025-04-24 12:57:49'),(449,6,'Download Document','Downloaded document: RomaEmpire','2025-04-24 12:57:51'),(450,6,'Download Document','Downloaded document: AppleJuice','2025-04-24 12:57:58'),(451,6,'Download Document','Downloaded document: AppleJuice','2025-04-24 12:58:00'),(452,6,'Download Document','Downloaded document: AppleJuice','2025-04-24 12:58:14'),(453,6,'Download Document','Downloaded document: AppleJuice','2025-04-24 12:58:21'),(454,6,'Download Document','Downloaded document: AppleJuice','2025-04-24 12:58:23'),(455,6,'Download Document','Downloaded document: AppleJuice','2025-04-24 12:58:30'),(456,6,'Download Document','Downloaded document: AppleJuice','2025-04-24 12:58:38'),(457,6,'Download Document','Downloaded document: RomaEmpire','2025-04-24 12:58:45'),(458,6,'Download Document','Downloaded document: AppleJuice','2025-04-24 12:58:54'),(459,6,'Download Document','Downloaded document: AppleJuice','2025-04-24 12:59:02'),(460,6,'Download Document','Downloaded document: AppleJuice','2025-04-24 12:59:09'),(461,6,'Download Document','Downloaded document: Shared Document 2024','2025-04-24 13:01:48'),(462,6,'Download Document','Downloaded document: Shared Document 2024','2025-04-24 13:01:54'),(463,6,'Download Document','Downloaded document: AppleJuice','2025-04-24 13:08:48'),(464,6,'Download Document','Downloaded document: AppleJuice','2025-04-24 13:10:04'),(465,6,'Download Document','Downloaded document: AppleJuice','2025-04-24 13:10:23'),(466,6,'Download Document','Downloaded document: AppleJuice','2025-04-24 13:18:02'),(467,6,'Download Document','Downloaded document: RetroFifa','2025-04-24 13:28:50'),(468,6,'Download Document','Downloaded document: RetroFifa','2025-04-24 13:33:04'),(469,6,'Download Document','Downloaded document: RetroFifa','2025-04-24 13:33:17'),(470,6,'Download Document','Downloaded document: RetroFifa','2025-04-24 13:33:17'),(471,6,'Download Document','Downloaded document: RetroFifa','2025-04-24 13:33:45'),(472,6,'Download Document','Downloaded document: RetroFifa','2025-04-24 13:42:01'),(473,6,'Download Document','Downloaded document: JonCena','2025-04-24 13:50:18'),(474,6,'Download Document','Downloaded document: RetroFifa','2025-04-24 13:50:46'),(475,6,'Download Document','Downloaded document: AppleJuice','2025-04-24 13:53:10'),(476,6,'Download Document','Downloaded document: RetroFifa','2025-04-25 07:01:45'),(477,6,'Download Document','Downloaded document: RetroFifa','2025-04-25 07:01:52'),(478,6,'Download Document','Downloaded document: RetroFifa','2025-04-25 08:37:45'),(479,6,'Download Document','Downloaded document: RetroFifa','2025-04-25 09:29:32'),(480,6,'Download Document','Downloaded document: RetroFifa','2025-04-25 09:29:36'),(481,6,'Download Document','Downloaded document: RetroFifa','2025-04-25 09:54:41'),(482,6,'Download Document','Downloaded document: RetroFifa','2025-04-25 09:55:02'),(483,6,'Download Document','Downloaded document: RetroFifa','2025-04-25 09:55:32'),(484,6,'Download Document','Downloaded document: RetroFifa','2025-04-25 10:59:22'),(485,6,'Download Document','Downloaded document: MEkkko.pdf','2025-04-25 11:23:16'),(486,6,'Download Document','Downloaded document: AppleJuice','2025-04-25 11:34:10'),(487,6,'Download Document','Downloaded document: AppleJuice','2025-04-25 11:34:11'),(488,6,'Download Document','Downloaded document: RetroFifa','2025-04-25 11:34:16'),(489,6,'Download Document','Downloaded document: Fifa24Fuady','2025-04-25 12:28:38'),(490,6,'Download Document','Downloaded document: doc','2025-04-25 13:03:25'),(491,6,'Download Document','Downloaded document: RetroFifa','2025-04-25 13:06:39'),(492,6,'Download Document','Downloaded document: RetroFifa','2025-04-25 13:06:43'),(493,6,'Download Document','Downloaded document: RetroFifa','2025-04-25 13:08:57'),(494,6,'Download Document','Downloaded document: RetroFifa','2025-04-25 13:09:01'),(495,6,'Download Document','Downloaded document: Fifa24FuadyOOT','2025-04-25 13:47:56'),(496,6,'Download Document','Downloaded document: Fifa24FuadyOOT','2025-04-25 13:47:59'),(497,6,'Download Document','Downloaded document: Fifa24FuadyOOT','2025-04-25 13:53:13'),(498,6,'Download Document','Downloaded document: Fifa24FuadyOOT','2025-04-25 13:53:14'),(499,6,'Download Document','Downloaded document: Fifa24FuadyOOT','2025-04-25 13:53:39'),(500,6,'Download Document','Downloaded document: Fifa24FuadyOOT','2025-04-25 13:53:41'),(501,6,'Download Document','Downloaded document: FIFA25Tsulu','2025-04-28 07:06:27'),(502,6,'Download Document','Downloaded document: FIFA25Tsulu','2025-04-28 07:06:33'),(503,6,'Download Document','Downloaded document: FIFA25Mores','2025-04-28 08:33:38'),(504,6,'Download Document','Downloaded document: FIFA25Mores','2025-04-28 10:47:24'),(505,6,'Download Document','Downloaded document: FIFA25Mores','2025-04-28 11:49:29'),(506,6,'Download Document','Downloaded document: EaFc25','2025-04-28 11:50:23'),(507,6,'Download Document','Downloaded document: FIFA25Tsulu','2025-04-30 09:48:44'),(508,6,'Download Document','Downloaded document: FIFA25Tsulu','2025-04-30 09:48:44'),(509,6,'Download Document','Downloaded document: EaFc22 PROGamer','2025-05-05 06:44:25'),(510,6,'Download Document','Downloaded document: EaFc22 PROGamer','2025-05-05 06:44:27'),(511,29,'Download Document','Downloaded document: In folder Bun','2025-05-05 09:24:16'),(512,6,'Download Document','Downloaded document: UINouAvem','2025-05-05 12:04:52'),(513,6,'Download Document','Downloaded document: hak.pdf','2025-05-05 12:37:10'),(514,6,'Download Document','Downloaded document: UINouAvemx23','2025-05-05 12:45:28'),(515,6,'Download Document','Downloaded document: UINouAvemx24','2025-05-05 13:47:09'),(516,6,'Download Document','Downloaded document: UINouAvemx25v2','2025-05-05 13:55:06'),(517,6,'Download Document','Downloaded document: TestamDraft','2025-05-06 09:00:15'),(518,6,'Download Document','Downloaded document: TestamDraft','2025-05-06 09:50:11'),(519,6,'Download Document','Downloaded document: TestamDraftIARA','2025-05-06 10:22:10'),(520,6,'Download Document','Downloaded document: PARAMAMAM','2025-05-07 06:46:50'),(521,6,'Download Document','Downloaded document: erik','2025-05-07 07:34:50'),(522,6,'Download Document','Downloaded document: YEAP','2025-05-07 10:12:59'),(523,6,'Download Document','Downloaded document: YEAP','2025-05-07 10:13:03'),(524,25,'Download Document','Downloaded document: Hai sa fie bine ac','2025-05-07 11:29:14'),(525,25,'Download Document','Downloaded document: Hai sa fie bine ac','2025-05-07 11:29:17'),(526,25,'Download Document','Downloaded document: Estevao','2025-05-09 07:07:37'),(527,25,'Download Document','Downloaded document: 2. CAF ANAF Nicolae F','2025-05-12 10:47:29'),(528,25,'Download Document','Downloaded document: 1. C.I. Nicolae F.pdf','2025-05-12 12:57:02'),(529,25,'Download Document','Downloaded document: 2. CAF ANAF Nicolae F','2025-05-12 12:57:04'),(530,25,'Download Document','Downloaded document: 1. C.I. Nicolae F.pdf','2025-05-12 13:11:10'),(531,25,'Download Document','Downloaded document: 2. CAF ANAF Nicolae F','2025-05-12 13:11:14'),(532,25,'Download Document','Downloaded document: Building mr concerns servants in he outlived.pdf','2025-05-13 07:30:56'),(533,25,'Download Document','Downloaded document: Society excited by cottage.pdf','2025-05-13 08:00:41'),(534,25,'Download Document','Downloaded document: Cerere nicoaie iorga napoleon.pdf','2025-05-13 09:01:34'),(535,25,'Download Document','Downloaded document: 3 Ce dimineata frumoasa.pdf','2025-05-13 09:01:40'),(536,25,'Download Document','Downloaded document: 2. AFaceri externe minimini F.pdf','2025-05-13 09:01:47'),(537,25,'Download Document','Downloaded document: Society excited by cottage.pdf','2025-05-13 09:02:02'),(538,25,'Download Document','Downloaded document: 2. CAF ANAF Nicolae F','2025-05-13 10:20:20'),(539,6,'Download Document','Downloaded document: LELEL','2025-05-13 12:19:22'),(540,6,'Download Document','Downloaded document: LELEL','2025-05-13 12:19:22'),(541,6,'Download Document','Downloaded document: LELEL','2025-05-13 12:19:22'),(542,6,'Download Document','Downloaded document: LELEL','2025-05-13 12:19:22'),(543,6,'Download Document','Downloaded document: LELEL','2025-05-13 12:19:22'),(544,6,'Download Document','Downloaded document: LELEL','2025-05-13 12:19:22'),(545,6,'Download Document','Downloaded document: LELEL','2025-05-13 12:19:22'),(546,6,'Download Document','Downloaded document: LELEL','2025-05-13 12:19:22'),(547,6,'Download Document','Downloaded document: LELEL','2025-05-13 12:19:22'),(548,6,'Download Document','Downloaded document: LELEL','2025-05-13 12:19:22'),(549,6,'Download Document','Downloaded document: LELEL','2025-05-13 12:19:22'),(550,6,'Download Document','Downloaded document: LELEL','2025-05-13 12:19:22'),(551,6,'Download Document','Downloaded document: LELEL','2025-05-13 12:19:22'),(552,6,'Download Document','Downloaded document: LELEL','2025-05-13 12:19:22'),(553,6,'Download Document','Downloaded document: evreux71','2025-05-13 12:19:34'),(554,6,'Download Document','Downloaded document: evreux71','2025-05-13 12:19:35'),(555,6,'Download Document','Downloaded document: TestamDraftIARA','2025-05-13 12:21:07'),(556,6,'Download Document','Downloaded document: TestamDraftIARA','2025-05-13 12:21:07'),(557,6,'Download Document','Downloaded document: TestamDraftIARA','2025-05-13 12:21:08'),(558,6,'Download Document','Downloaded document: TestamDraftIARA','2025-05-13 12:21:08'),(559,6,'Download Document','Downloaded document: TestamDraftIARA','2025-05-13 12:21:14'),(560,6,'Download Document','Downloaded document: TestamDraftIARA','2025-05-13 12:21:14'),(561,6,'Download Document','Downloaded document: TestamDraftx3','2025-05-13 12:28:37'),(562,6,'Download Document','Downloaded document: TestamDraftx3','2025-05-13 12:28:37'),(563,25,'Download Document','Downloaded document: Dwelling and speedily ignoran.pdf','2025-05-13 12:44:20'),(564,25,'Download Document','Downloaded document: Dwelling and speedily ignoran.pdf','2025-05-13 12:44:20'),(565,25,'Download Document','Downloaded document: Genius use except son.pdf','2025-05-13 12:44:30'),(566,25,'Download Document','Downloaded document: Genius use except son.pdf','2025-05-13 12:44:30'),(567,25,'Download Document','Downloaded document: 2. AF Nicolae F.pdf','2025-05-13 12:44:34'),(568,25,'Download Document','Downloaded document: 2. AF Nicolae F.pdf','2025-05-13 12:44:34'),(569,25,'Download Document','Downloaded document: Ignorant saw her her drawings marriage.pdf','2025-05-13 12:45:11'),(570,25,'Download Document','Downloaded document: Ignorant saw her her drawings marriage.pdf','2025-05-13 12:45:11'),(571,25,'Download Document','Downloaded document: Ladies others the six desire age.pdf','2025-05-13 12:45:16'),(572,25,'Download Document','Downloaded document: Ladies others the six desire age.pdf','2025-05-13 12:45:16'),(573,25,'Download Document','Downloaded document: CF_AFM_Tractoare_v1.pdf','2025-05-13 12:45:27'),(574,25,'Download Document','Downloaded document: CF_AFM_Tractoare_v1.pdf','2025-05-13 12:45:27'),(575,25,'Download Document','Downloaded document: 4. ATESTAT Nicolae F.pdf','2025-05-13 12:45:30'),(576,25,'Download Document','Downloaded document: 4. ATESTAT Nicolae F.pdf','2025-05-13 12:45:30'),(577,25,'Download Document','Downloaded document: 2. CAF ANAF Nicolae F','2025-05-13 12:46:29'),(578,25,'Download Document','Downloaded document: 2. CAF ANAF Nicolae F','2025-05-13 12:46:29'),(579,25,'Download Document','Downloaded document: 2. CAF ANAF Nicolae F','2025-05-13 12:46:40'),(580,25,'Download Document','Downloaded document: 2. CAF ANAF Nicolae F','2025-05-13 12:46:40'),(581,25,'Download Document','Downloaded document: 2. CAF ANAF Nicolae F','2025-05-13 12:47:03'),(582,25,'Download Document','Downloaded document: 2. CAF ANAF Nicolae F','2025-05-13 12:47:03'),(583,25,'Download Document','Downloaded document: 3 CAF Local Nicolae Flo .pdf','2025-05-13 12:47:10'),(584,25,'Download Document','Downloaded document: 3 CAF Local Nicolae Flo .pdf','2025-05-13 12:47:10'),(585,25,'Download Document','Downloaded document: 3 CAF Local Nicolae Flo .pdf','2025-05-13 12:47:37'),(586,25,'Download Document','Downloaded document: 3 CAF Local Nicolae Flo .pdf','2025-05-13 12:47:38'),(587,25,'Download Document','Downloaded document: 3 CAF Local Nicolae Flo .pdf','2025-05-13 12:47:38'),(588,25,'Download Document','Downloaded document: 3 CAF Local Nicolae Flo .pdf','2025-05-13 12:47:38'),(589,25,'Download Document','Downloaded document: 3 CAF Local Nicolae Flo .pdf','2025-05-13 12:47:38'),(590,25,'Download Document','Downloaded document: 3 CAF Local Nicolae Flo .pdf','2025-05-13 12:47:38'),(591,25,'Download Document','Downloaded document: 3 CAF Local Nicolae Flo .pdf','2025-05-13 12:47:38'),(592,25,'Download Document','Downloaded document: 3 CAF Local Nicolae Flo .pdf','2025-05-13 12:47:38'),(593,25,'Download Document','Downloaded document: 3 CAF Local Nicolae Flo .pdf','2025-05-13 12:47:38'),(594,25,'Download Document','Downloaded document: 3 CAF Local Nicolae Flo .pdf','2025-05-13 12:47:38'),(595,25,'Download Document','Downloaded document: 3 CAF Local Nicolae Flo .pdf','2025-05-13 12:47:38'),(596,25,'Download Document','Downloaded document: 3 CAF Local Nicolae Flo .pdf','2025-05-13 12:47:38'),(597,25,'Download Document','Downloaded document: 2. CAF ANAF Nicolae F','2025-05-13 12:47:49'),(598,25,'Download Document','Downloaded document: 2. CAF ANAF Nicolae F','2025-05-13 12:47:49'),(599,25,'Download Document','Downloaded document: 2. CAF ANAF Nicolae F','2025-05-13 12:48:00'),(600,25,'Download Document','Downloaded document: 2. CAF ANAF Nicolae F','2025-05-13 12:48:00'),(601,25,'Download Document','Downloaded document: 2. CAF ANAF Nicolae F','2025-05-13 12:49:23'),(602,25,'Download Document','Downloaded document: 2. CAF ANAF Nicolae F','2025-05-13 12:49:23'),(603,25,'Download Document','Downloaded document: 2. CAF ANAF Nicolae F','2025-05-13 12:51:23'),(604,25,'Download Document','Downloaded document: 2. CAF ANAF Nicolae F','2025-05-13 12:51:23'),(605,25,'Download Document','Downloaded document: As excuse eldest no moment.pdf','2025-05-13 12:52:01'),(606,25,'Download Document','Downloaded document: As excuse eldest no moment.pdf','2025-05-13 12:52:01'),(607,25,'Download Document','Downloaded document: Debating me breeding be answered a.pdf','2025-05-13 12:52:25'),(608,25,'Download Document','Downloaded document: Debating me breeding be answered a.pdf','2025-05-13 12:52:25'),(609,25,'Download Document','Downloaded document: Up unpacked friendly ecstatic.pdf','2025-05-13 12:53:10'),(610,25,'Download Document','Downloaded document: Up unpacked friendly ecstatic.pdf','2025-05-13 12:53:11'),(611,25,'Download Document','Downloaded document: 2. CAF ANAF Nicolae F','2025-05-13 13:12:21'),(612,25,'Download Document','Downloaded document: 2. CAF ANAF Nicolae F','2025-05-13 13:12:21'),(613,25,'Download Document','Downloaded document: Terminated principles sentiments.pdf','2025-05-13 13:12:36'),(614,25,'Download Document','Downloaded document: Terminated principles sentiments.pdf','2025-05-13 13:12:36'),(615,25,'Download Document','Downloaded document: Ladies others the six desire age.pdf','2025-05-13 13:25:23'),(616,25,'Download Document','Downloaded document: Ladies others the six desire age.pdf','2025-05-13 13:25:23'),(617,25,'Download Document','Downloaded document: Ladies others the six desire age.pdf','2025-05-13 13:25:36'),(618,25,'Download Document','Downloaded document: Ladies others the six desire age.pdf','2025-05-13 13:25:36'),(619,25,'Download Document','Downloaded document: Ladies others the six desire age.pdf','2025-05-13 13:29:03'),(620,25,'Download Document','Downloaded document: Ladies others the six desire age.pdf','2025-05-13 13:29:03'),(621,25,'Download Document','Downloaded document: Ladies others the six desire age.pdf','2025-05-13 13:29:10'),(622,25,'Download Document','Downloaded document: Ladies others the six desire age.pdf','2025-05-13 13:29:10'),(623,25,'Download Document','Downloaded document: Ignorant saw her her drawings marriage.pdf','2025-05-13 13:29:26'),(624,25,'Download Document','Downloaded document: Ignorant saw her her drawings marriage.pdf','2025-05-13 13:29:26'),(625,25,'Download Document','Downloaded document: As excuse eldest no moment.pdf','2025-05-13 13:29:29'),(626,25,'Download Document','Downloaded document: As excuse eldest no moment.pdf','2025-05-13 13:29:29'),(627,25,'Download Document','Downloaded document: Ignorant saw her her drawings marriage.pdf','2025-05-13 13:29:33'),(628,25,'Download Document','Downloaded document: Ignorant saw her her drawings marriage.pdf','2025-05-13 13:29:33'),(629,25,'Download Document','Downloaded document: As excuse eldest no moment.pdf','2025-05-13 13:29:37'),(630,25,'Download Document','Downloaded document: As excuse eldest no moment.pdf','2025-05-13 13:29:37'),(631,25,'Download Document','Downloaded document: Ladies others the six desire age.pdf','2025-05-13 13:29:51'),(632,25,'Download Document','Downloaded document: Ladies others the six desire age.pdf','2025-05-13 13:29:51'),(633,25,'Download Document','Downloaded document: Ignorant saw her her drawings marriage.pdf','2025-05-13 13:29:54'),(634,25,'Download Document','Downloaded document: Ignorant saw her her drawings marriage.pdf','2025-05-13 13:29:54'),(635,25,'Download Document','Downloaded document: 2. CAF ANAF Nicolae F','2025-05-13 13:30:52'),(636,25,'Download Document','Downloaded document: 2. CAF ANAF Nicolae F','2025-05-13 13:30:52'),(637,25,'Download Document','Downloaded document: 2. CAF ANAF Nicolae F','2025-05-13 13:30:58'),(638,25,'Download Document','Downloaded document: 2. CAF ANAF Nicolae F','2025-05-13 13:30:58'),(639,25,'Download Document','Downloaded document: Ladies others the six desire age.pdf','2025-05-14 05:59:26'),(640,25,'Download Document','Downloaded document: Ladies others the six desire age.pdf','2025-05-14 05:59:26'),(641,25,'Download Document','Downloaded document: Ladies others the six desire age.pdf','2025-05-14 05:59:33'),(642,25,'Download Document','Downloaded document: Ladies others the six desire age.pdf','2025-05-14 05:59:33'),(643,25,'Download Document','Downloaded document: As excuse eldest no moment.pdf','2025-05-14 05:59:40'),(644,25,'Download Document','Downloaded document: As excuse eldest no moment.pdf','2025-05-14 05:59:40'),(645,25,'Download Document','Downloaded document: Ignorant saw her her drawings marriage.pdf','2025-05-14 05:59:43'),(646,25,'Download Document','Downloaded document: Ignorant saw her her drawings marriage.pdf','2025-05-14 05:59:44'),(647,25,'Download Document','Downloaded document: rusescugoal','2025-05-14 05:59:49'),(648,25,'Download Document','Downloaded document: rusescugoal','2025-05-14 05:59:49'),(649,25,'Download Document','Downloaded document: Hai sa fie bine ac','2025-05-14 05:59:53'),(650,25,'Download Document','Downloaded document: Hai sa fie bine ac','2025-05-14 05:59:53'),(651,25,'Download Document','Downloaded document: 3 Ce dimineata frumoasa.pdf','2025-05-14 05:59:58'),(652,25,'Download Document','Downloaded document: 3 Ce dimineata frumoasa.pdf','2025-05-14 05:59:58'),(653,25,'Download Document','Downloaded document: Cerere nicoaie iorga napoleon.pdf','2025-05-14 06:00:01'),(654,25,'Download Document','Downloaded document: Cerere nicoaie iorga napoleon.pdf','2025-05-14 06:00:01'),(655,25,'Download Document','Downloaded document: 2. AFaceri externe minimini F.pdf','2025-05-14 06:00:05'),(656,25,'Download Document','Downloaded document: 2. AFaceri externe minimini F.pdf','2025-05-14 06:00:05'),(657,25,'Download Document','Downloaded document: 3 Ce Flo .pdf','2025-05-14 06:00:23'),(658,25,'Download Document','Downloaded document: 3 Ce Flo .pdf','2025-05-14 06:00:23'),(659,25,'Download Document','Downloaded document: 1. C.I..pdf','2025-05-14 06:00:27'),(660,25,'Download Document','Downloaded document: 1. C.I..pdf','2025-05-14 06:00:27'),(661,25,'Download Document','Downloaded document: Ladies others the six desire age.pdf','2025-05-14 06:00:39'),(662,25,'Download Document','Downloaded document: Ladies others the six desire age.pdf','2025-05-14 06:00:39'),(663,25,'Download Document','Downloaded document: Ignorant saw her her drawings marriage.pdf','2025-05-14 06:00:42'),(664,25,'Download Document','Downloaded document: Ignorant saw her her drawings marriage.pdf','2025-05-14 06:00:42'),(665,25,'Download Document','Downloaded document: As excuse eldest no moment.pdf','2025-05-14 06:00:44'),(666,25,'Download Document','Downloaded document: As excuse eldest no moment.pdf','2025-05-14 06:00:44'),(667,25,'Download Document','Downloaded document: gheghe','2025-05-14 06:02:22'),(668,25,'Download Document','Downloaded document: gheghe','2025-05-14 06:02:22'),(669,25,'Download Document','Downloaded document: gheghe','2025-05-14 06:02:34'),(670,25,'Download Document','Downloaded document: gheghe','2025-05-14 06:02:34'),(671,25,'Download Document','Downloaded document: gheghe','2025-05-14 06:04:05'),(672,25,'Download Document','Downloaded document: gheghe','2025-05-14 06:04:05'),(673,25,'Download Document','Downloaded document: wisdom waited..pdf','2025-05-15 13:31:52');
/*!40000 ALTER TABLE `user_logs` ENABLE KEYS */;
UNLOCK TABLES;

--
-- Table structure for table `user_plans`
--

DROP TABLE IF EXISTS `user_plans`;
/*!40101 SET @saved_cs_client     = @@character_set_client */;
/*!50503 SET character_set_client = utf8mb4 */;
CREATE TABLE `user_plans` (
  `id_user` int NOT NULL,
  `storage_limit` int DEFAULT '1000',
  `created_at` timestamp NULL DEFAULT CURRENT_TIMESTAMP,
  `updated_at` timestamp NULL DEFAULT CURRENT_TIMESTAMP ON UPDATE CURRENT_TIMESTAMP,
  PRIMARY KEY (`id_user`)
) ENGINE=InnoDB DEFAULT CHARSET=utf8mb4 COLLATE=utf8mb4_0900_ai_ci;
/*!40101 SET character_set_client = @saved_cs_client */;

--
-- Dumping data for table `user_plans`
--

LOCK TABLES `user_plans` WRITE;
/*!40000 ALTER TABLE `user_plans` DISABLE KEYS */;
INSERT INTO `user_plans` VALUES (6,1000,'2025-04-09 06:35:10','2025-04-09 06:35:10'),(18,1000,'2025-04-11 11:33:24','2025-04-11 11:33:24');
/*!40000 ALTER TABLE `user_plans` ENABLE KEYS */;
UNLOCK TABLES;
/*!40103 SET TIME_ZONE=@OLD_TIME_ZONE */;

/*!40101 SET SQL_MODE=@OLD_SQL_MODE */;
/*!40014 SET FOREIGN_KEY_CHECKS=@OLD_FOREIGN_KEY_CHECKS */;
/*!40014 SET UNIQUE_CHECKS=@OLD_UNIQUE_CHECKS */;
/*!40101 SET CHARACTER_SET_CLIENT=@OLD_CHARACTER_SET_CLIENT */;
/*!40101 SET CHARACTER_SET_RESULTS=@OLD_CHARACTER_SET_RESULTS */;
/*!40101 SET COLLATION_CONNECTION=@OLD_COLLATION_CONNECTION */;
/*!40111 SET SQL_NOTES=@OLD_SQL_NOTES */;

-- Dump completed on 2025-05-16 16:39:56
